code,category,Price,52w low,52w high,BVPS,P/E,EPS,EY,DPS,DY,ROE,ROE2,D/E,D/E2
0001,Industrial Products & Services,1.01,0.315,1.2,0.32,35.0,0.03,2.97,0.02,1.49,9.16,9.65,0.0,0.0
0002,Health Care,3.08,1.6,3.35,1.25,16.0,0.19,6.17,0.07,2.4,15.52,13.64,0.12,0.18
0005,Technology,0.15,0.035,0.245,0.0804,-51.0,-0.0,-0.0,0.0,0.0,-3.61,18.35,0.0,0.0
0006,Technology,0.28,0.18,0.39,0.5,-7.0,-0.04,-14.29,0.0,0.0,-8.42,0.09,0.0,0.0
0007,Telecommunications & Media,0.125,0.06,0.475,0.0875,-1.0,-0.12,-96.0,0.0,0.0,-141.49,-26.21,0.02,0.02
0007,Telecommunications & Media,0.125,0.06,0.475,0.0875,-1.0,-0.12,-96.0,0.0,0.0,-141.49,3.11,0.02,0.02
0008,Technology,0.475,0.3,0.645,0.34,19.0,0.02,4.21,0.02,3.16,7.35,9.33,0.01,0.02
0011,Utilities,0.25,0.15,0.28,0.25,8.0,0.03,12.0,0.02,6.4,12.84,7.67,0.3,0.25
0012,Consumer Products & Services,0.76,0.53,0.92,0.724,12.0,0.06,7.89,0.02,2.63,8.65,8.69,0.03,0.04
0012,Consumer Products & Services,0.76,0.53,0.92,0.724,12.0,0.06,7.89,0.02,2.63,8.65,9.13,0.04,0.04
0017,Telecommunications & Media,0.065,0.02,0.075,0.0418,-4.0,-0.02,-30.77,0.0,0.0,-38.04,-18.28,0.02,0.02
0018,Technology,0.025,0.005,0.07,0.0585,6.0,0.0,0.0,0.0,0.0,6.84,15.59,0.0,0.0
0020,Technology,0.015,0.005,0.025,0.02,-3.0,-0.0,-0.0,0.0,0.0,-23.5,-14.98,0.02,0.02
0020,Technology,0.015,0.005,0.025,0.02,-3.0,-0.0,-0.0,0.0,0.0,-23.5,-14.98,0.02,0.02
0021,Technology,1.95,1.04,2.1,0.5883,62.0,0.03,1.54,0.0,0.0,5.37,6.77,0.05,0.06
0021,Technology,1.95,1.04,2.1,0.5883,62.0,0.03,1.54,0.0,0.0,5.37,7.21,0.04,0.04
0022,Consumer Products & Services,0.08,0.025,0.175,0.04,-24.0,-0.0,-0.0,0.0,0.0,-8.25,-8.63,0.16,0.16
0023,Technology,0.35,0.165,0.57,0.2,32.0,0.01,2.86,0.01,2.86,5.5,4.98,0.0,0.0
0024,Industrial Products & Services,0.09,0.025,0.1,0.085,-39.0,-0.0,-0.0,0.0,0.0,-2.71,-7.78,0.13,0.14
0024,Industrial Products & Services,0.09,0.025,0.1,0.085,-39.0,-0.0,-0.0,0.0,0.0,-2.71,1.13,0.13,0.06
0025,Industrial Products & Services,0.125,0.075,0.195,0.24,86.0,0.0,0.0,0.0,0.0,0.58,4.8,0.05,0.03
0025,Industrial Products & Services,0.125,0.075,0.195,0.24,86.0,0.0,0.0,0.0,0.0,0.58,4.8,0.05,0.03
0026,Technology,0.05,0.015,0.115,0.08,-139.0,-0.0,-0.0,0.0,0.0,-0.5,17.46,0.02,0.0
0026,Technology,0.05,0.015,0.115,0.08,-139.0,-0.0,-0.0,0.0,0.0,-0.5,17.46,0.02,0.0
0028,Industrial Products & Services,0.11,0.065,0.22,0.1868,-11.0,-0.01,-9.09,0.0,0.0,-5.25,-4.29,0.04,0.04
0029,Technology,0.055,0.015,0.07,0.09,-16.0,-0.0,-0.0,0.0,0.0,-3.67,-4.59,4.22,4.25
0029,Technology,0.055,0.015,0.07,0.09,-16.0,-0.0,-0.0,0.0,0.0,-3.67,-4.59,4.22,4.25
0032,Telecommunications & Media,0.41,0.2,0.61,0.2179,15.0,0.03,7.32,0.01,2.44,12.48,4.39,0.04,0.01
0034,Technology,0.31,0.12,0.4,0.1545,-11.0,-0.03,-9.68,0.0,0.0,-19.03,-24.34,0.15,0.15
0035,Telecommunications & Media,0.49,0.195,0.84,0.5376,-38.0,-0.01,-2.04,0.0,0.0,-2.42,0.51,0.0,0.0
0036,Technology,0.055,0.01,0.14,0.1247,-3.0,-0.02,-36.36,0.0,0.0,-12.67,-9.32,0.17,0.01
0037,Consumer Products & Services,0.14,0.1,0.225,0.17,5.0,0.03,21.43,0.0,2.14,15.12,15.81,0.02,0.03
0038,Industrial Products & Services,0.165,0.05,0.245,0.1543,-19.0,-0.01,-6.06,0.0,0.0,-5.51,-16.32,0.01,0.02
0039,Industrial Products & Services,0.18,0.06,0.51,0.23,50.0,0.0,0.0,0.0,0.0,1.57,6.16,3.0,3.11
0039,Industrial Products & Services,0.18,0.06,0.51,0.23,50.0,0.0,0.0,0.0,0.0,1.57,6.16,3.0,3.11
0040,Technology,0.535,0.26,0.61,0.22,14.0,0.04,7.48,0.02,2.8,17.14,18.29,0.2,0.21
0041,Technology,0.155,0.04,0.25,0.2202,-7.0,-0.02,-12.9,0.0,0.0,-10.4,-54.66,0.0,0.0
0043,Industrial Products & Services,0.035,0.015,0.08,0.09,-3.0,-0.01,-28.57,0.0,0.0,-11.89,-17.9,0.0,0.0
0043,Industrial Products & Services,0.035,0.015,0.08,0.09,-3.0,-0.01,-28.57,0.0,0.0,-11.89,-17.9,0.0,0.0
0045,Technology,0.035,0.03,0.085,-0.0197,-6.0,-0.01,-28.57,0.0,0.0,30.46,0.0,0.0,0.0
0045,Technology,0.035,0.03,0.085,-0.0197,-6.0,-0.01,-28.57,0.0,0.0,30.46,0.0,0.0,0.0
0048,Transportation & Logistics,0.085,0.03,0.105,0.05,230.0,0.0,0.0,0.0,0.0,0.8,-1.45,0.33,0.2
0049,Consumer Products & Services,0.67,0.29,1.02,0.4015,23.0,0.03,4.48,0.01,1.49,7.22,7.35,0.0,0.0
0049,Consumer Products & Services,0.67,0.29,1.02,0.4015,23.0,0.03,4.48,0.01,1.49,7.22,7.35,0.0,0.0
0050,Technology,0.16,0.06,0.205,0.153,-89.0,-0.0,-0.0,0.0,1.25,-1.18,0.77,0.11,0.12
0050,Technology,0.16,0.06,0.205,0.153,-89.0,-0.0,-0.0,0.0,1.25,-1.18,0.77,0.11,0.12
0051,Technology,0.11,0.045,0.235,0.1,-11.0,-0.01,-9.09,0.0,0.0,-10.4,-37.32,0.04,0.0
0051,Technology,0.11,0.045,0.235,0.1,-11.0,-0.01,-9.09,0.0,0.0,-10.4,-37.32,0.04,0.0
0053,Financial Services,0.395,0.3,0.58,0.83,-6.0,-0.07,-17.72,0.0,0.0,-7.86,3.46,0.0,0.0
0054,Industrial Products & Services,0.185,0.085,0.2,0.22,13.0,0.01,5.41,0.0,2.43,6.68,4.47,0.07,0.08
0054,Industrial Products & Services,0.185,0.085,0.2,0.22,13.0,0.01,5.41,0.0,2.43,6.68,4.47,0.07,0.08
0055,Industrial Products & Services,0.115,0.05,0.155,0.07,-47.0,-0.0,-0.0,0.0,0.0,-3.57,-4.63,0.0,0.01
0056,Technology,0.235,0.165,0.3,0.2,42.0,0.01,4.26,0.0,2.13,2.8,4.72,0.01,0.01
0058,Industrial Products & Services,1.23,1.15,1.56,2.4,17.0,0.07,5.69,0.04,3.25,2.99,2.98,0.0,0.0
0058,Industrial Products & Services,1.23,1.15,1.56,2.4,17.0,0.07,5.69,0.04,3.25,2.99,2.98,0.0,0.0
0059,Telecommunications & Media,0.165,0.075,0.235,0.3564,12.0,0.01,6.06,0.0,0.0,3.9,3.65,0.04,0.03
0060,Technology,0.07,0.02,0.27,0.2813,-8.0,-0.01,-14.29,0.0,0.0,-3.16,0.4,0.4,0.0
0064,Industrial Products & Services,0.12,0.05,0.205,0.17,-10.0,-0.01,-8.33,0.0,0.0,-6.76,-5.37,0.0,0.0
0065,Technology,0.49,0.23,0.745,0.16,46.0,0.01,2.04,0.01,2.04,6.63,9.01,0.0,0.0
0066,Technology,0.05,0.015,0.245,0.0409,-7.0,-0.01,-20.0,0.0,0.0,-17.36,-9.72,0.02,0.0
0066,Technology,0.05,0.015,0.245,0.0409,-7.0,-0.01,-20.0,0.0,0.0,-17.36,-9.72,0.02,0.0
0068,Technology,0.12,0.06,0.23,0.0555,-5.0,-0.03,-25.0,0.0,0.0,-47.57,-51.73,0.01,0.19
0068,Technology,0.12,0.06,0.23,0.0555,-5.0,-0.03,-25.0,0.0,0.0,-47.57,-51.73,0.01,0.19
0069,Technology,0.025,0.015,0.025,0.08,150.0,0.0,0.0,0.0,0.0,0.25,-15.02,0.02,0.02
0070,Technology,0.03,0.01,0.03,0.07,-3.0,-0.01,-33.33,0.0,0.0,-15.14,-12.58,0.0,0.0
0070,Technology,0.03,0.01,0.03,0.07,-3.0,-0.01,-33.33,0.0,0.0,-15.14,-12.58,0.0,0.0
0072,Industrial Products & Services,0.145,0.015,0.195,0.1168,-20.0,-0.01,-6.9,0.0,0.0,-6.34,-12.92,0.21,0.17
0074,Consumer Products & Services,0.145,0.075,0.15,0.0529,-6.0,-0.02,-13.79,0.0,0.0,-45.18,9.16,0.0,0.0
0075,Technology,0.37,0.12,0.54,0.06,-17.0,-0.02,-5.41,0.0,0.0,-36.67,-27.46,1.28,0.61
0078,Transportation & Logistics,0.365,0.115,0.445,0.09,99.0,0.0,0.0,0.0,0.68,4.11,6.99,0.15,0.04
0079,Technology,0.05,0.03,0.15,0.1459,-14.0,-0.0,-0.0,0.0,0.0,-2.4,1.74,0.0,0.0
0080,Transportation & Logistics,0.18,0.13,0.26,0.17,16.0,0.01,5.56,0.0,0.0,6.41,7.23,0.03,0.03
0081,Industrial Products & Services,0.095,0.035,0.18,0.3,-26.0,-0.0,-0.0,0.0,0.0,-1.23,1.63,0.0,0.02
0082,Telecommunications & Media,0.69,0.345,1.65,0.29,-15.0,-0.04,-5.8,0.0,0.0,-15.48,-35.33,0.97,1.49
0083,Technology,0.675,0.273,0.92,1.246,14.0,0.05,7.41,0.01,1.48,3.87,1.83,0.12,0.13
0084,Industrial Products & Services,0.39,0.19,0.575,0.123,24.0,0.02,5.13,0.01,2.56,13.25,13.1,0.01,0.01
0085,Technology,0.035,0.01,0.075,0.081,-7.0,-0.0,-0.0,0.0,0.0,-6.17,-10.94,0.0,0.0
0086,Technology,0.12,0.09,0.2,0.0651,-19.0,-0.01,-8.33,0.0,0.0,-9.52,-12.81,0.0,0.0
0089,Industrial Products & Services,0.4,0.14,0.51,0.4158,29.0,0.01,2.5,0.01,1.5,3.27,4.81,0.08,0.08
0090,Technology,0.615,0.385,1.08,0.15,32.0,0.02,3.25,0.03,4.88,12.87,15.49,0.0,0.0
0090,Technology,0.615,0.385,1.08,0.15,32.0,0.02,3.25,0.03,4.88,12.87,36.09,0.0,0.0
0091,Energy,0.005,0.005,0.015,-0.0978,0.0,-0.02,-400.0,0.0,0.0,22.29,0.0,0.0,0.0
0092,Telecommunications & Media,0.06,0.055,0.205,0.1407,-2.0,-0.03,-50.0,0.0,0.0,-21.82,-25.22,0.01,0.0
0093,Technology,0.08,0.045,0.13,0.1228,-26.0,-0.0,-0.0,0.0,0.0,-2.52,-2.34,0.17,0.17
0095,Consumer Products & Services,0.25,0.155,0.28,0.82,-2.0,-0.17,-68.0,0.0,0.0,-20.22,-5.09,0.0,0.0
0095,Consumer Products & Services,0.25,0.155,0.28,0.82,-2.0,-0.17,-68.0,0.0,0.0,-20.22,-5.09,0.0,0.0
0096,Telecommunications & Media,0.025,0.005,0.035,0.0711,-2.0,-0.01,-40.0,0.0,0.0,-15.47,-15.42,0.03,0.03
0096,Telecommunications & Media,0.025,0.005,0.035,0.0711,-2.0,-0.01,-40.0,0.0,0.0,-15.47,-15.42,0.03,0.03
0097,Technology,8.64,6.09,9.57,1.069,53.0,0.16,1.85,0.04,0.5,15.31,17.78,0.08,0.09
0097,Technology,8.64,6.09,9.57,1.069,53.0,0.16,1.85,0.04,0.5,15.31,17.78,0.09,0.09
0098,Consumer Products & Services,0.415,0.225,0.73,0.2484,42.0,0.01,2.41,0.0,0.0,3.95,1.9,0.04,0.02
0099,Industrial Products & Services,0.96,0.48,1.3,0.29,15.0,0.06,6.25,0.06,5.73,21.76,19.72,0.02,0.0
0099,Industrial Products & Services,0.96,0.48,1.3,0.29,15.0,0.06,6.25,0.06,5.73,21.76,19.72,0.01,0.0
0100,Industrial Products & Services,0.525,0.13,0.735,0.26,30.0,0.02,3.81,0.01,1.14,6.69,1.58,0.01,0.01
0101,Health Care,0.52,0.365,0.745,0.45,31.0,0.02,3.85,0.0,0.38,3.78,2.78,0.01,0.0
0102,Industrial Products & Services,0.345,0.045,0.375,0.07,-17.0,-0.02,-5.8,0.0,0.0,-28.43,-25.85,0.2,0.02
0102,Industrial Products & Services,0.345,0.045,0.375,0.07,-17.0,-0.02,-5.8,0.0,0.0,-28.43,-25.85,0.2,0.02
0103,Telecommunications & Media,0.03,0.01,0.125,0.0707,-8.0,-0.0,-0.0,0.0,0.0,-5.37,-1.88,0.01,0.04
0104,Technology,1.6,1.03,1.72,1.97,17.0,0.09,5.62,0.05,3.13,4.7,7.76,0.1,0.13
0104,Technology,1.6,1.03,1.72,1.97,17.0,0.09,5.62,0.05,3.13,4.7,7.76,0.1,0.13
0105,Industrial Products & Services,0.115,0.03,0.125,0.17,-11.0,-0.01,-8.7,0.0,0.0,-6.41,-3.49,0.0,0.0
0106,Technology,0.56,0.355,0.7,0.19,12.0,0.05,8.93,0.03,5.36,24.32,21.5,0.0,0.0
0107,Technology,0.02,0.01,0.075,0.083,40.0,0.0,0.0,0.0,0.0,0.6,-10.23,0.18,0.1
0108,Technology,0.795,0.343,0.905,0.47,34.0,0.02,2.52,0.02,2.52,4.94,6.21,0.05,0.06
0109,Construction,0.025,0.015,0.05,0.037,-12.0,-0.0,-0.0,0.0,0.0,-5.68,4.03,0.0,0.0
0111,Technology,0.52,0.09,0.595,0.161,61.0,0.01,1.92,0.0,0.0,5.28,5.95,0.0,0.0
0111,Technology,0.52,0.09,0.595,0.161,61.0,0.01,1.92,0.0,0.0,5.28,5.86,0.0,0.0
0112,Technology,0.19,0.13,0.24,0.1641,24.0,0.01,5.26,0.01,5.26,4.81,7.11,0.09,0.15
0113,Technology,0.605,0.325,0.935,0.3,20.0,0.03,4.96,0.02,3.31,10.3,12.73,0.0,0.0
0116,Consumer Products & Services,0.71,0.125,0.79,0.0194,-873.0,-0.0,-0.0,0.0,0.0,-4.12,-8.73,0.0,0.0
0116,Consumer Products & Services,0.71,0.125,0.79,0.0194,-873.0,-0.0,-0.0,0.0,0.0,-4.12,-8.73,0.0,0.0
0117,Technology,0.07,0.015,0.125,0.2843,-1.0,-0.09,-128.57,0.0,0.0,-33.17,1.89,2.2,0.18
0117,Technology,0.07,0.015,0.125,0.2843,-1.0,-0.09,-128.57,0.0,0.0,-33.17,1.89,2.2,0.18
0118,Technology,0.01,0.005,0.02,0.03,-6.0,-0.0,-0.0,0.0,0.0,-6.0,-8.0,0.0,0.0
0119,Technology,0.245,0.075,0.295,0.0777,-324.0,-0.0,-0.0,0.0,0.0,-1.03,1.73,0.0,0.0
0119,Technology,0.245,0.075,0.295,0.0777,-324.0,-0.0,-0.0,0.0,0.0,-1.03,1.73,0.0,0.0
0120,Technology,0.465,0.21,0.775,0.25,21.0,0.02,4.3,0.01,2.15,8.96,11.93,0.0,0.0
0122,Industrial Products & Services,0.2,0.17,0.295,0.0735,-13.0,-0.02,-10.0,0.0,0.0,-21.22,-18.65,0.09,0.08
0122,Industrial Products & Services,0.2,0.17,0.295,0.0735,-13.0,-0.02,-10.0,0.0,0.0,-21.22,-9.26,0.08,0.0
0123,Telecommunications & Media,0.055,0.02,0.095,0.11,0.0,-2.91,-5290.91,0.0,0.0,-2645.55,-5.6,0.18,0.21
0123,Telecommunications & Media,0.055,0.02,0.095,0.11,0.0,-2.91,-5290.91,0.0,0.0,-2645.55,-5.6,0.18,0.21
0126,Technology,0.78,0.305,0.98,0.16,16.0,0.05,6.41,0.0,0.0,30.56,3.57,0.02,0.15
0126,Technology,0.78,0.305,0.98,0.16,16.0,0.05,6.41,0.0,0.0,30.56,3.57,0.02,0.15
0127,Technology,0.875,0.5,1.78,0.36,16.0,0.05,5.71,0.02,2.29,15.17,23.27,0.17,0.14
0128,Technology,2.6,0.985,3.06,0.37,39.0,0.07,2.69,0.02,0.96,18.16,19.71,0.03,0.03
0128,Technology,2.6,0.985,3.06,0.37,39.0,0.07,2.69,0.02,0.96,18.16,17.23,0.03,0.03
0129,Telecommunications & Media,0.39,0.2,0.45,0.02,-14.0,-0.03,-7.69,0.0,0.0,-144.5,-49.64,0.1,0.09
0129,Telecommunications & Media,0.39,0.2,0.45,0.02,-14.0,-0.03,-7.69,0.0,0.0,-144.5,-49.64,0.1,0.09
0131,Technology,0.085,0.043,0.114,7.28,14.0,0.01,11.76,0.0,4.71,0.08,-5.18,0.0,0.0
0131,Technology,0.085,0.043,0.114,7.28,14.0,0.01,11.76,0.0,4.71,0.08,-5.18,0.0,0.0
0132,Technology,0.065,0.02,0.09,0.05,-5.0,-0.01,-15.38,0.0,0.0,-24.0,-5.2,0.29,0.01
0132,Technology,0.065,0.02,0.09,0.05,-5.0,-0.01,-15.38,0.0,0.0,-24.0,-5.2,0.41,0.01
0133,Industrial Products & Services,0.07,0.035,0.125,0.22,-4.0,-0.02,-28.57,0.0,0.0,-8.14,-7.08,0.0,0.0
0133,Industrial Products & Services,0.07,0.035,0.125,0.22,-4.0,-0.02,-28.57,0.0,0.0,-8.14,-7.08,0.0,0.0
0136,Consumer Products & Services,0.11,0.07,0.165,0.162,11.0,0.01,9.09,0.0,1.82,6.23,-0.72,0.29,0.29
0138,Technology,1.45,0.765,1.7,0.1981,21.0,0.07,4.83,0.02,1.31,34.43,42.26,0.18,0.21
0140,Consumer Products & Services,0.14,0.03,0.22,0.13,-6.0,-0.02,-14.29,0.0,0.0,-17.31,-5.69,0.0,0.0
0140,Consumer Products & Services,0.14,0.03,0.22,0.13,-6.0,-0.02,-14.29,0.0,0.0,-17.31,-5.69,0.0,0.0
0141,Technology,0.035,0.035,0.035,-0.004,0.0,0.0,0.0,0.0,0.0,0.0,0.0,0.0,0.0
0143,Technology,0.1,0.02,0.135,0.0286,-15.0,-0.01,-10.0,0.0,0.0,-23.43,-7.26,0.0,0.0
0145,Technology,0.08,0.04,0.14,0.0342,-5.0,-0.02,-25.0,0.0,0.0,-49.42,-17.27,0.02,0.0
0145,Technology,0.08,0.04,0.14,0.0342,-5.0,-0.02,-25.0,0.0,0.0,-49.42,-17.27,0.02,0.0
0146,Technology,1.76,0.7,1.95,0.1655,87.0,0.02,1.14,0.0,0.28,12.27,10.12,0.02,0.02
0147,Telecommunications & Media,0.42,0.29,0.5,0.2582,47.0,0.01,2.38,0.0,0.0,3.49,3.57,0.02,0.02
0148,Consumer Products & Services,0.085,0.03,0.2,0.17,-2.0,-0.04,-47.06,0.0,0.0,-21.06,-6.72,0.15,0.04
0148,Consumer Products & Services,0.085,0.03,0.2,0.17,-2.0,-0.04,-47.06,0.0,0.0,-21.06,-6.72,0.15,0.04
0149,Industrial Products & Services,0.285,0.2,0.44,0.5,10.0,0.03,10.53,0.01,2.53,5.94,5.87,0.0,0.0
0149,Industrial Products & Services,0.285,0.2,0.44,0.5,10.0,0.03,10.53,0.01,2.53,5.94,5.87,0.0,0.0
0150,Financial Services,0.06,0.02,0.095,0.4364,0.0,0.17,283.33,0.0,0.0,37.99,-33.64,0.0,0.0
0151,Industrial Products & Services,1.0,0.59,1.43,0.5111,13.0,0.07,7.0,0.02,2.0,14.58,17.99,0.19,0.17
0152,Technology,0.025,0.015,0.195,0.05,-2.0,-0.02,-80.0,0.0,0.0,-31.4,-23.05,0.0,0.0
0153,Consumer Products & Services,0.165,0.09,0.17,0.22,-14.0,-0.01,-6.06,0.0,0.0,-5.27,-8.0,0.04,0.03
0154,Technology,0.015,0.005,0.02,0.03,-2.0,-0.01,-66.67,0.0,0.0,-29.0,-29.85,0.01,0.01
0155,Health Care,0.34,0.104,0.6,12.42,2.0,0.2,58.82,0.22,64.71,1.65,-21.51,0.0,0.39
0156,Technology,0.085,0.04,0.13,0.12,-12.0,-0.01,-11.76,0.0,0.0,-5.92,-6.55,0.0,0.0
0156,Technology,0.085,0.04,0.13,0.12,-12.0,-0.01,-11.76,0.0,0.0,-5.92,-9.49,0.0,0.0
0157,Consumer Products & Services,0.42,0.29,0.77,0.313,10.0,0.04,9.52,0.02,5.95,13.87,16.57,0.92,0.92
0157,Consumer Products & Services,0.42,0.29,0.77,0.313,10.0,0.04,9.52,0.02,5.95,13.87,12.95,0.89,0.22
0158,Consumer Products & Services,0.4,0.3,0.55,0.3078,11.0,0.04,10.0,0.03,8.5,12.28,12.7,0.01,0.01
0158,Consumer Products & Services,0.4,0.3,0.55,0.3078,11.0,0.04,10.0,0.03,8.5,12.28,17.32,0.01,0.0
0159,Telecommunications & Media,0.06,0.03,0.09,-1.69,-5.0,-0.01,-16.67,0.0,0.0,0.78,-222.16,0.0,0.0
0160,Industrial Products & Services,0.095,0.04,0.155,0.2,49.0,0.0,0.0,0.0,0.0,0.95,3.01,0.21,0.22
0161,Industrial Products & Services,0.08,0.035,0.14,0.1495,17.0,0.0,0.0,0.0,0.0,3.14,6.94,0.57,0.58
0162,Construction,0.485,0.215,0.61,0.07,150.0,0.0,0.0,0.0,0.0,4.57,20.92,0.52,0.75
0163,Health Care,1.46,0.13,1.89,0.184,-156.0,-0.01,-0.68,0.0,0.34,-5.11,-5.79,0.19,0.19
0165,Telecommunications & Media,0.065,0.01,0.09,0.1057,-3.0,-0.02,-30.77,0.0,0.0,-17.6,-11.96,0.11,0.0
0165,Telecommunications & Media,0.065,0.01,0.09,0.1057,-3.0,-0.02,-30.77,0.0,0.0,-17.6,-5.52,0.07,0.01
0166,Technology,1.71,0.9,2.09,0.3678,35.0,0.05,2.92,0.05,3.04,13.27,17.58,0.01,0.01
0167,Industrial Products & Services,0.18,0.055,0.385,0.13,-15.0,-0.01,-5.56,0.0,0.0,-9.54,-9.79,0.16,0.16
0168,Industrial Products & Services,0.505,0.3,0.79,0.41,9.0,0.05,9.9,0.02,3.96,13.0,13.47,0.02,0.02
0169,Technology,0.095,0.04,0.28,0.1,-10.0,-0.01,-10.53,0.0,0.0,-9.9,-14.64,0.0,0.0
0169,Technology,0.095,0.04,0.28,0.1,-10.0,-0.01,-10.53,0.0,0.0,-9.9,-14.64,0.0,0.0
0170,Consumer Products & Services,0.075,0.04,0.125,0.152,14.0,0.01,13.33,0.0,0.0,3.55,-1.38,0.36,0.29
0170,Consumer Products & Services,0.075,0.04,0.125,0.152,14.0,0.01,13.33,0.0,0.0,3.55,-1.38,0.36,0.29
0171,Consumer Products & Services,0.18,0.12,0.245,0.2443,9.0,0.02,11.11,0.0,0.0,8.15,8.49,0.02,0.02
0172,Telecommunications & Media,0.55,0.345,0.665,0.57,18.0,0.03,5.45,0.0,0.0,5.37,5.87,0.74,0.78
0173,Telecommunications & Media,0.085,0.04,0.205,0.04,-9.0,-0.01,-11.76,0.0,0.0,-25.0,-22.88,0.0,0.0
0173,Telecommunications & Media,0.085,0.04,0.205,0.04,-9.0,-0.01,-11.76,0.0,0.0,-25.0,-9.73,0.0,0.0
0174,Technology,0.03,0.015,0.035,0.06,-1.0,-0.05,-166.67,0.0,0.0,-78.67,-70.91,0.22,0.26
0174,Technology,0.03,0.015,0.035,0.06,-1.0,-0.05,-166.67,0.0,0.0,-78.67,-70.91,0.22,0.26
0175,Industrial Products & Services,0.355,0.13,1.95,0.162,-1.0,-0.64,-180.28,0.0,0.0,-396.54,-4.42,0.23,0.22
0176,Technology,0.55,0.315,0.96,0.45,79.0,0.01,1.82,0.02,3.64,1.56,9.62,0.02,0.03
0177,Industrial Products & Services,0.025,0.01,0.07,0.08,-2.0,-0.01,-40.0,0.0,0.0,-16.63,-15.85,0.26,0.26
0177,Industrial Products & Services,0.025,0.01,0.07,0.08,-2.0,-0.01,-40.0,0.0,0.0,-16.63,-9.3,0.23,0.14
0178,Telecommunications & Media,0.15,0.08,0.275,0.1204,231.0,0.0,0.0,0.0,0.0,0.5,8.6,0.03,0.03
0179,Consumer Products & Services,0.125,0.065,0.225,0.1931,13.0,0.01,8.0,0.0,0.0,4.92,5.15,0.06,0.06
0180,Consumer Products & Services,0.185,0.11,0.245,0.23,14.0,0.01,5.41,0.0,0.0,5.91,15.87,0.19,0.24
0181,Technology,0.255,0.075,0.325,0.13,-15.0,-0.02,-7.84,0.0,0.0,-13.23,-4.22,0.16,0.06
0182,Health Care,0.58,0.085,0.855,0.13,-157.0,-0.0,-0.0,0.0,0.0,-2.85,-4.35,0.1,0.1
0183,Consumer Products & Services,0.52,0.255,1.03,0.3725,-30.0,-0.02,-3.85,0.02,4.62,-4.64,-0.34,0.01,0.0
0183,Consumer Products & Services,0.52,0.255,1.03,0.3725,-30.0,-0.02,-3.85,0.02,4.62,-4.64,-0.34,0.01,0.0
0185,Industrial Products & Services,0.635,0.25,1.19,0.44,104.0,0.01,1.57,0.0,0.0,1.39,0.55,0.21,0.25
0185,Industrial Products & Services,0.635,0.25,1.19,0.44,104.0,0.01,1.57,0.0,0.0,1.39,0.55,0.21,0.25
0186,Consumer Products & Services,0.185,0.125,0.27,0.236,7.0,0.03,16.22,0.01,5.41,11.91,12.97,0.82,0.86
0187,Industrial Products & Services,0.255,0.06,0.365,0.12,21.0,0.01,3.92,0.0,0.78,10.17,19.7,0.1,0.11
0188,Industrial Products & Services,0.765,0.1,1.01,0.1,84.0,0.01,1.31,0.0,0.0,9.2,9.61,0.03,0.03
0188,Industrial Products & Services,0.765,0.1,1.01,0.1,84.0,0.01,1.31,0.0,0.0,9.2,9.61,0.03,0.03
0190,Industrial Products & Services,0.16,0.1,0.24,0.256,22.0,0.01,6.25,0.0,0.0,2.77,1.32,0.13,0.02
0191,Technology,0.17,0.11,0.255,0.2685,13.0,0.01,5.88,0.0,2.76,5.03,5.1,0.11,0.11
0191,Technology,0.17,0.11,0.255,0.2685,13.0,0.01,5.88,0.0,2.76,5.03,10.45,0.05,0.05
0192,Construction,0.225,0.15,0.31,0.256,5.0,0.04,17.78,0.01,4.44,16.37,17.41,0.06,0.06
0193,Industrial Products & Services,0.79,0.08,1.047,0.21,69.0,0.01,1.27,0.01,1.27,5.43,17.45,0.09,0.09
0195,Telecommunications & Media,0.395,0.195,0.6,0.3,28.0,0.01,2.53,0.0,0.0,4.63,6.7,0.25,0.1
0196,Industrial Products & Services,0.18,0.08,0.25,0.12,34.0,0.01,5.56,0.0,2.22,4.33,3.74,0.04,0.05
0197,Consumer Products & Services,0.19,0.1,0.37,0.16,12.0,0.02,10.53,0.0,2.63,9.94,23.11,0.21,0.24
0198,Construction,0.58,0.285,0.795,0.19,12.0,0.05,8.62,0.02,3.45,24.53,25.91,0.0,0.0
0199,Transportation & Logistics,0.34,0.17,0.4,0.45,13.0,0.03,8.82,0.0,1.47,5.71,3.59,0.28,0.28
0200,Technology,1.19,0.67,1.53,0.22,52.0,0.02,1.68,0.0,0.0,10.41,21.66,0.09,0.11
0201,Health Care,0.69,0.34,0.83,0.26,16.0,0.04,5.8,0.01,1.59,16.65,20.93,0.0,0.0
0202,Technology,0.365,0.18,0.42,0.1212,35.0,0.01,2.74,0.0,0.27,8.75,5.19,0.02,0.03
0203,Technology,0.12,0.035,0.396,0.159,29.0,0.0,0.0,0.0,0.0,2.64,2.2,0.02,0.05
0205,Consumer Products & Services,0.175,0.085,0.21,0.15,11.0,0.02,11.43,0.0,2.29,10.6,9.51,0.0,0.0
0205,Consumer Products & Services,0.175,0.085,0.21,0.15,11.0,0.02,11.43,0.0,2.29,10.6,9.51,0.0,0.0
0206,Construction,0.265,0.185,0.31,0.59,8.0,0.03,11.32,0.01,3.77,5.69,8.9,0.66,0.84
0206,Construction,0.265,0.185,0.31,0.59,8.0,0.03,11.32,0.01,3.77,5.69,8.9,0.66,0.84
0207,Industrial Products & Services,0.115,0.05,0.21,0.08,50.0,0.0,0.0,0.0,1.74,2.88,20.87,0.17,0.25
0208,Technology,3.62,0.755,3.88,0.342,38.0,0.1,2.76,0.0,0.0,28.13,39.4,0.09,0.1
0209,Technology,0.21,0.095,0.275,0.06,36.0,0.01,4.76,0.0,0.71,9.67,30.71,0.02,0.19
0209,Technology,0.21,0.095,0.275,0.06,36.0,0.01,4.76,0.0,0.71,9.67,30.71,0.02,0.19
0210,Consumer Products & Services,0.21,0.115,0.435,0.1999,8.0,0.02,9.52,0.02,7.14,12.41,17.13,0.26,0.0
0211,Industrial Products & Services,0.18,0.095,0.58,0.54,158.0,0.0,0.0,0.0,0.0,0.2,0.21,0.0,0.0
0212,Consumer Products & Services,0.205,0.095,0.27,0.16,22.0,0.01,4.88,0.0,0.0,5.81,16.59,0.0,0.65
0213,Industrial Products & Services,0.51,0.2,0.7,0.29,10.0,0.05,9.8,0.03,5.88,17.72,37.42,0.02,0.06
0215,Industrial Products & Services,1.46,0.51,1.53,0.2,37.0,0.04,2.74,0.0,0.0,19.55,25.63,0.0,0.1
0216,Consumer Products & Services,0.175,0.115,0.275,0.16,9.0,0.02,11.43,0.0,2.86,12.0,16.13,0.1,0.09
0217,Industrial Products & Services,0.32,0.155,0.435,0.14,34.0,0.01,3.12,0.0,0.0,6.64,25.24,0.01,0.0
0218,Industrial Products & Services,0.59,0.135,0.715,0.18,25.0,0.02,3.39,0.0,0.0,12.89,21.77,0.17,0.26
1007,Property,0.34,0.26,0.58,1.45,12.0,0.03,8.82,0.03,8.82,2.01,2.49,0.27,0.36
1015,Financial Services,3.23,2.82,4.48,6.08,6.0,0.52,16.1,0.2,6.19,8.47,8.8,0.35,0.44
1023,Financial Services,3.81,3.09,5.45,5.5121,10.0,0.39,10.24,0.26,6.82,7.09,8.44,0.83,0.87
1058,Financial Services,1.98,1.65,2.85,4.13,14.0,0.14,7.07,0.07,3.54,3.41,3.15,0.0,0.0
1066,Financial Services,5.0,4.23,5.98,6.5,8.0,0.6,12.0,0.31,6.2,9.3,10.1,0.31,0.29
1082,Financial Services,15.0,9.75,18.96,17.8,10.0,1.57,10.47,0.42,2.8,8.82,10.4,0.21,0.27
1147,Property,0.215,0.135,0.29,0.64,-2.0,-0.11,-51.16,0.0,0.0,-16.48,-30.08,0.49,0.49
1155,Financial Services,7.91,7.0,8.98,6.9374,11.0,0.75,9.48,0.64,8.09,10.82,10.45,0.91,0.79
1163,Financial Services,14.4,11.4,16.87,20.77,5.0,2.78,19.31,0.65,4.51,13.4,12.1,0.01,0.01
1171,Financial Services,0.705,0.46,0.985,1.3144,7.0,0.11,15.6,0.05,7.09,8.13,8.76,0.35,0.35
1198,Financial Services,0.695,0.53,0.99,1.79,-6.0,-0.11,-15.83,0.06,8.63,-6.38,-6.13,0.03,0.03
1201,Energy,0.005,0.005,0.045,0.12,-5.0,-0.0,-0.0,0.0,0.0,-0.83,-0.51,0.0,0.0
1287,Consumer Products & Services,0.165,0.045,0.21,0.0373,-477.0,-0.0,-0.0,0.0,0.0,-0.8,-2.87,0.41,0.4
1295,Financial Services,16.8,12.58,23.42,11.1451,12.0,1.4,8.33,0.73,4.35,12.55,13.03,0.32,0.31
1368,Industrial Products & Services,2.09,1.88,3.52,1.83,11.0,0.19,9.09,0.14,6.7,10.53,11.83,0.26,0.24
1481,Consumer Products & Services,0.155,0.07,0.24,0.51,2.0,0.08,51.61,0.0,1.61,15.94,16.58,0.18,0.18
1503,Property,0.53,0.37,0.75,1.8596,-8.0,-0.07,-13.21,0.02,3.77,-3.58,-2.47,0.75,0.68
1538,Property,0.375,0.25,0.465,1.65,2.0,0.18,48.0,0.01,2.67,10.86,10.75,0.33,0.42
1562,Consumer Products & Services,2.28,1.94,2.82,0.59,23.0,0.1,4.39,0.16,7.02,17.08,30.63,1.2,0.73
1589,Property,0.625,0.275,1.19,0.96,-109.0,-0.01,-1.6,0.0,0.0,-0.59,-0.81,0.32,0.29
1619,Consumer Products & Services,1.78,0.98,3.0,3.62,7.0,0.25,14.04,0.03,1.69,6.96,1.58,0.48,0.46
1643,Consumer Products & Services,0.255,0.2,0.63,3.34,-1.0,-0.19,-74.51,0.0,0.0,-5.75,-5.75,0.07,0.07
1651,Property,0.51,0.28,1.01,1.086,95.0,0.01,1.96,0.01,1.96,0.5,0.49,0.22,0.22
1694,Property,0.355,0.2,0.385,0.6676,23.0,0.02,5.63,0.0,0.0,2.34,0.73,0.0,0.65
1724,Property,0.92,0.63,1.302,2.61,1.0,0.92,100.0,0.08,9.24,35.22,7.82,0.37,0.52
1818,Financial Services,8.19,4.32,8.55,0.9,33.0,0.25,3.05,0.21,2.54,28.0,22.72,0.01,0.01
1899,Plantation,14.4,11.0,17.68,13.94,22.0,0.67,4.65,0.6,4.17,4.79,5.94,1.03,1.0
1902,Plantation,0.315,0.14,0.545,1.37,1.0,0.59,187.3,0.0,0.0,43.38,-37.79,0.0,0.0
1929,Plantation,5.8,4.8,7.15,7.47,17.0,0.34,5.86,0.2,3.45,4.49,4.69,0.0,0.0
1961,Plantation,4.4,3.41,4.82,1.42,68.0,0.07,1.59,0.08,1.82,4.58,6.85,0.51,0.48
1996,Plantation,0.37,0.29,0.475,0.26,-1307.0,-0.0,-0.0,0.0,0.0,-0.12,-5.08,0.01,0.01
2038,Plantation,2.75,2.11,3.65,7.77,-75.0,-0.04,-1.45,0.08,2.91,-0.47,-0.3,0.0,0.0
2054,Plantation,0.24,0.11,0.445,0.44,-5.0,-0.05,-20.83,0.0,0.0,-10.75,-5.88,0.67,0.57
2062,Transportation & Logistics,0.525,0.42,0.685,1.03,9.0,0.06,11.43,0.01,1.9,5.76,6.46,0.1,0.1
2089,Plantation,13.38,11.121,14.0,12.68,20.0,0.68,5.08,1.35,10.09,5.39,11.05,0.0,0.0
2097,Consumer Products & Services,0.06,0.035,0.115,0.58,-2.0,-0.04,-66.67,0.0,0.0,-6.9,-3.98,0.16,0.16
2127,Industrial Products & Services,2.93,0.605,4.22,0.56,42.0,0.07,2.39,0.02,0.51,12.59,11.28,0.08,0.09
2135,Plantation,0.7,0.53,0.71,1.07,64.0,0.01,1.43,0.02,3.57,1.03,0.72,0.0,0.0
2135,Plantation,0.7,0.53,0.71,1.07,64.0,0.01,1.43,0.02,3.57,1.03,0.72,0.0,0.0
2143,Financial Services,0.23,0.14,0.295,0.41,4.0,0.06,26.09,0.0,0.0,14.17,16.11,0.1,0.1
2186,Financial Services,1.32,0.88,2.15,3.6628,27.0,0.05,3.79,0.01,1.06,1.33,0.43,0.0,0.0
2194,Transportation & Logistics,0.8,0.45,1.25,3.08,9.0,0.09,11.25,0.04,5.63,2.77,2.7,0.98,1.01
2216,Plantation,1.65,1.01,2.48,1.53,55.0,0.03,1.82,0.02,1.21,1.97,-2.46,0.57,0.49
2224,Property,0.48,0.325,0.695,2.0089,9.0,0.05,10.42,0.22,44.79,2.63,2.81,0.2,0.16
2259,Property,0.025,0.01,0.045,0.0892,4.0,0.01,40.0,0.0,0.0,6.61,-7.04,0.11,0.01
2283,Construction,0.06,0.03,0.11,0.06,19.0,0.0,0.0,0.0,0.0,5.17,-41.56,9.8,8.04
2291,Plantation,10.0,7.99,11.14,5.26,47.0,0.21,2.1,0.13,1.3,4.06,3.16,0.45,0.43
2305,Property,5.3,3.8,6.21,6.99,33.0,0.16,3.02,0.05,0.94,2.29,2.57,0.0,0.0
2429,Property,0.05,0.02,0.08,0.1733,-5.0,-0.01,-20.0,0.0,0.0,-5.83,-10.09,0.26,0.28
2445,Plantation,22.48,17.4,25.4,9.52,58.0,0.39,1.73,0.5,2.22,4.07,5.67,0.51,0.49
2453,Plantation,3.2,2.62,3.65,10.2472,-760.0,-0.0,-0.0,0.06,1.88,-0.04,-1.8,0.0,0.0
2488,Financial Services,2.31,1.48,3.85,3.82,8.0,0.28,12.12,0.17,7.23,7.41,9.61,0.3,0.29
2542,Plantation,2.86,2.25,2.98,4.1,61.0,0.05,1.75,0.03,1.05,1.14,0.82,0.0,0.0
2569,Plantation,2.49,2.35,3.15,8.6827,45.0,0.06,2.41,0.02,0.8,0.63,-1.08,0.01,0.0
2593,Plantation,4.6,4.0,5.45,6.61,15.0,0.3,6.52,0.08,1.74,4.58,-2.61,0.04,0.05
2593,Plantation,4.6,4.0,5.45,6.61,15.0,0.3,6.52,0.08,1.74,4.58,-2.61,0.04,0.05
2607,Plantation,0.52,0.45,0.63,1.68,-30.0,-0.02,-3.85,0.01,2.04,-1.02,-1.1,0.0,0.0
2658,Consumer Products & Services,14.92,9.96,17.88,7.91,16.0,0.92,6.17,0.47,3.15,11.61,12.54,0.0,0.0
2658,Consumer Products & Services,14.92,9.96,17.88,7.91,16.0,0.92,6.17,0.47,3.15,11.61,12.54,0.0,0.0
2674,Industrial Products & Services,0.415,0.18,0.6,0.89,-42.0,-0.01,-2.41,0.0,0.0,-1.1,0.26,0.89,0.89
2682,Industrial Products & Services,0.23,0.16,0.33,0.9742,-17.0,-0.01,-4.35,0.0,0.0,-1.42,-2.02,0.04,0.03
2739,Energy,0.085,0.035,0.195,0.16,-1.0,-0.16,-188.24,0.0,0.0,-100.81,-64.17,0.02,0.02
2755,Consumer Products & Services,0.58,0.55,0.7,0.63,12.0,0.05,8.62,0.1,17.24,7.92,2.22,0.0,0.0
2771,Industrial Products & Services,0.64,0.345,1.26,1.85,-1.0,-0.63,-98.44,0.0,0.0,-34.1,-6.85,0.59,0.41
2828,Consumer Products & Services,1.2,0.82,1.55,1.36,8.0,0.16,13.33,0.08,6.67,11.48,9.03,0.06,0.08
2836,Consumer Products & Services,24.08,17.38,39.26,0.58,27.0,0.9,3.74,1.0,4.15,155.86,183.26,0.03,0.04
2852,Industrial Products & Services,1.62,0.83,3.16,2.46,11.0,0.15,9.26,0.03,1.85,6.07,6.15,0.28,0.28
2879,Industrial Products & Services,1.29,0.59,2.14,191.0,20.0,0.07,5.43,0.09,6.98,0.03,4.81,0.49,0.48
2925,Consumer Products & Services,1.48,1.15,2.14,2.38,-3.0,-0.44,-29.73,0.0,0.0,-18.58,-14.46,0.36,0.48
2984,Industrial Products & Services,1.29,1.0,1.44,2.69,127.0,0.01,0.78,0.01,0.78,0.38,0.55,0.01,0.0
3018,Consumer Products & Services,0.095,0.05,0.125,0.41,-4.0,-0.02,-21.05,0.0,0.0,-5.41,2.95,0.37,0.37
3026,Consumer Products & Services,43.44,34.0,64.5,2.26,27.0,1.61,3.71,1.0,2.3,71.18,123.6,0.0,0.0
3034,Industrial Products & Services,8.9,6.7,10.26,3.0,19.0,0.47,5.28,0.35,3.93,15.6,16.19,0.43,0.42
3042,Energy,4.23,2.49,6.54,6.3047,32.0,0.13,3.07,0.12,2.84,2.11,10.25,0.02,0.02
3069,Utilities,6.44,3.1,7.18,3.83,17.0,0.37,5.75,0.06,0.93,9.74,10.64,0.02,0.02
3107,Industrial Products & Services,1.44,1.01,1.96,2.32,17.0,0.08,5.56,0.12,8.68,3.64,10.25,0.03,0.03
3158,Property,3.03,1.91,3.03,2.2,38.0,0.08,2.64,0.0,0.0,3.62,1.69,0.25,0.17
3174,Property,0.095,0.05,0.165,0.3618,9.0,0.01,10.53,0.01,10.53,2.96,3.77,0.17,0.15
3182,Consumer Products & Services,4.41,2.91,6.924,9.1,13.0,0.34,7.71,0.22,4.99,3.69,5.73,1.05,0.85
3204,Construction,0.69,0.43,1.27,0.9256,9.0,0.07,10.14,0.07,10.14,7.97,8.49,0.0,0.0
3247,Industrial Products & Services,0.38,0.16,0.52,1.83,21.0,0.02,5.26,0.0,0.0,0.99,0.99,0.07,0.07
3255,Consumer Products & Services,21.76,17.3,31.74,1.49,21.0,1.05,4.83,1.08,4.96,70.45,81.8,0.01,0.01
3298,Industrial Products & Services,1.09,0.59,1.49,1.08,27.0,0.04,3.67,0.05,4.59,3.76,3.62,0.0,0.0
3301,Consumer Products & Services,8.2,6.04,11.6,5.67,10.0,0.85,10.37,0.42,5.12,15.0,21.19,0.01,0.0
3336,Construction,1.95,1.15,2.51,2.64,17.0,0.12,6.15,0.04,2.05,4.37,4.26,0.45,0.48
3379,Financial Services,0.63,0.35,0.92,2.62,28.0,0.02,3.17,0.02,3.17,0.85,4.83,0.02,0.04
3395,Industrial Products & Services,0.185,0.17,0.275,1.2031,-5.0,-0.04,-21.62,0.0,0.0,-3.22,-5.16,0.62,0.55
3417,Property,0.43,0.3,0.835,1.38,14.0,0.03,6.98,0.03,6.98,2.3,3.21,0.39,0.45
3441,Financial Services,0.065,0.03,0.1,0.1053,-2.0,-0.03,-46.15,0.0,0.0,-27.07,-70.38,4.68,3.29
3476,Industrial Products & Services,3.75,3.3,4.9,6.25,15.0,0.24,6.4,0.1,2.67,3.92,1.58,0.09,0.09
3484,Property,0.405,0.15,0.52,0.61,5.0,0.08,19.75,0.0,0.0,12.34,12.04,0.03,0.04
3514,Consumer Products & Services,0.1,0.08,0.125,0.19,7.0,0.01,10.0,0.0,3.0,7.74,7.41,0.01,0.0
3557,Property,0.32,0.295,0.39,0.4355,11.0,0.03,9.38,0.0,0.0,6.61,7.16,0.43,0.48
3565,Construction,0.295,0.145,0.63,0.9695,-18.0,-0.02,-6.78,0.0,0.0,-1.72,2.92,3.81,3.88
3573,Property,0.21,0.175,0.3,1.38,-22.0,-0.01,-4.76,0.0,0.0,-0.7,-7.11,0.09,0.07
3611,Property,0.8,0.68,1.08,1.3,70.0,0.01,1.25,0.0,0.0,0.88,-1.25,0.11,0.2
3662,Consumer Products & Services,0.515,0.335,0.755,1.04,79.0,0.01,1.94,0.03,5.83,0.63,4.52,0.22,0.22
3689,Consumer Products & Services,32.5,24.12,36.0,7.15,29.0,1.13,3.48,0.6,1.85,15.77,16.95,0.04,0.04
3719,Consumer Products & Services,29.88,22.82,41.2,13.09,17.0,1.8,6.02,2.26,7.56,13.73,12.31,0.0,0.0
3743,Property,0.44,0.37,0.8,1.13,9.0,0.05,11.36,0.0,0.0,4.22,14.47,0.24,0.17
3778,Industrial Products & Services,0.23,0.09,0.385,0.89,2.0,0.11,47.83,0.0,0.0,12.91,10.73,0.09,0.07
3794,Industrial Products & Services,2.6,1.3,4.57,2.8,-13.0,-0.2,-7.69,0.0,0.0,-7.07,-11.84,0.11,0.11
3816,Transportation & Logistics,8.22,6.52,9.373,7.71,-152.0,-0.05,-0.61,0.33,4.01,-0.7,4.07,0.24,0.22
3859,Consumer Products & Services,2.27,1.7,2.9,1.75,14.0,0.16,7.05,0.16,7.05,9.31,9.71,0.27,0.27
3867,Technology,10.9,7.39,12.96,7.15,17.0,0.64,5.87,0.27,2.48,8.93,10.45,0.02,0.0
3883,Industrial Products & Services,1.46,0.835,1.82,3.47,11.0,0.13,8.9,0.04,3.08,3.72,7.8,0.13,0.13
3891,Consumer Products & Services,0.145,0.05,0.255,0.1199,-3.0,-0.04,-27.59,0.0,0.0,-36.53,-22.61,0.81,0.75
3905,Consumer Products & Services,1.55,1.1,2.28,8.4,-2.0,-0.91,-58.71,0.0,0.0,-10.87,-6.92,0.23,0.24
3913,Property,0.19,0.145,0.255,0.3731,10.0,0.02,10.53,0.0,0.0,5.01,6.53,0.0,0.0
3948,Plantation,0.37,0.275,0.475,1.5,73.0,0.01,2.7,0.05,13.51,0.34,0.89,0.0,0.0
4006,Consumer Products & Services,5.73,4.5,6.67,10.7469,10.0,0.57,9.95,0.4,6.98,5.26,8.08,0.0,0.01
4022,Property,0.25,0.12,0.33,0.5257,6.0,0.04,16.0,0.0,0.0,8.52,6.52,0.02,0.06
4057,Property,0.105,0.055,0.14,1.029,2.0,0.06,57.14,0.0,0.0,5.79,5.17,0.24,0.2
4065,Consumer Products & Services,17.5,15.0,19.96,15.5,23.0,0.77,4.4,0.31,1.77,4.95,5.43,0.01,0.01
4081,Consumer Products & Services,0.12,0.075,0.155,0.3962,-8.0,-0.02,-16.67,0.0,4.17,-3.84,-1.89,0.0,0.0
4162,Consumer Products & Services,11.0,9.26,31.0,1.23,10.0,1.07,9.73,1.18,10.73,87.32,85.33,0.06,0.06
4197,Consumer Products & Services,2.24,1.56,2.38,2.1,18.0,0.12,5.36,0.1,4.46,5.79,6.53,0.1,0.01
4219,Consumer Products & Services,0.17,0.105,0.24,0.86,21.0,0.01,5.88,0.0,0.0,0.93,-4.32,0.56,0.44
4235,Industrial Products & Services,0.29,0.12,0.6,2.06,-1.0,-0.47,-162.07,0.0,0.0,-22.66,-8.93,0.03,0.02
4243,Industrial Products & Services,0.365,0.2,0.64,2.03,-1.0,-0.26,-71.23,0.02,4.11,-13.0,-10.65,0.11,0.11
4251,Property,0.165,0.095,0.41,1.02,9.0,0.02,12.12,0.0,0.0,1.79,2.62,0.22,0.22
4286,Property,0.305,0.12,0.36,1.22,9.0,0.03,9.84,0.0,0.0,2.68,7.15,0.32,0.16
4316,Plantation,0.295,0.205,0.42,0.44,13.0,0.02,6.78,0.0,0.0,5.27,3.82,0.72,0.72
4316,Plantation,0.295,0.205,0.42,0.44,13.0,0.02,6.78,0.0,0.0,5.27,-7.83,0.84,0.86
4324,Energy,3.72,2.2,5.47,6.7045,32.0,0.12,3.23,0.0,0.0,1.74,1.73,0.3,0.3
4359,Technology,0.1,0.06,0.165,0.54,-32.0,-0.0,-0.0,0.0,0.0,-0.57,-1.3,0.28,0.32
4375,Property,0.13,0.07,0.3,0.81,-4.0,-0.04,-30.77,0.0,0.0,-4.52,2.46,0.07,0.07
4383,Plantation,0.515,0.27,1.12,1.17,-4.0,-0.13,-25.24,0.0,0.0,-11.28,-18.03,0.33,0.24
4405,Consumer Products & Services,1.1,0.98,1.52,4.63,17.0,0.06,5.45,0.04,3.64,1.4,3.76,0.19,0.18
4448,Industrial Products & Services,5.8,4.1,6.0,4.2217,-67.0,-0.09,-1.55,0.0,0.0,-2.05,-4.85,0.0,0.0
4456,Technology,0.185,0.07,0.31,0.28,13.0,0.01,5.41,0.0,2.7,4.93,6.5,0.04,0.05
4456,Technology,0.185,0.07,0.31,0.28,13.0,0.01,5.41,0.0,2.7,4.93,6.5,0.05,0.05
4464,Property,0.015,0.005,0.015,0.0193,-11.0,-0.0,-0.0,0.0,0.0,-7.25,-27.46,0.0,0.11
4502,Telecommunications & Media,0.16,0.11,0.52,0.5131,-1.0,-0.15,-93.75,0.0,0.0,-29.33,-25.28,0.56,0.31
4588,Consumer Products & Services,2.79,1.65,5.5,3.1607,7.0,0.41,14.7,0.06,2.15,13.04,9.84,0.45,0.45
4588,Consumer Products & Services,2.79,1.65,5.5,3.1607,7.0,0.41,14.7,0.06,2.15,13.04,9.2,0.47,0.52
4596,Property,0.465,0.345,0.7,3.05,-3.0,-0.17,-36.56,0.0,0.0,-5.58,-1.32,0.08,0.0
4634,Transportation & Logistics,1.04,0.52,2.0,1.85,-2.0,-0.46,-44.23,0.04,3.85,-24.63,-9.06,0.34,0.12
4677,Utilities,0.88,0.6,1.17,1.24,80.0,0.01,1.14,0.04,4.55,0.89,1.77,2.98,2.32
4707,Consumer Products & Services,138.8,120.0,149.9,3.66,52.0,2.66,1.92,2.8,2.02,72.7,102.01,0.2,0.27
4715,Consumer Products & Services,2.6,1.83,3.862,3.16,22.0,0.12,4.62,0.2,7.69,3.78,7.6,0.57,0.5
4715,Consumer Products & Services,2.6,1.83,3.862,3.16,22.0,0.12,4.62,0.2,7.69,3.78,7.6,0.57,0.5
4723,Construction,0.935,0.62,1.57,1.52,6.0,0.17,18.18,0.0,0.0,10.97,2.02,0.33,0.39
4731,Industrial Products & Services,8.78,5.96,9.87,4.57,12.0,0.75,8.54,0.2,2.28,16.32,16.73,0.16,0.12
4758,Industrial Products & Services,0.73,0.38,0.815,1.38,14.0,0.05,6.85,0.0,0.0,3.74,4.78,0.21,0.16
4758,Industrial Products & Services,0.73,0.38,0.815,1.38,14.0,0.05,6.85,0.0,0.0,3.74,4.78,0.21,0.16
4847,Consumer Products & Services,0.04,0.025,0.12,0.04,0.0,-0.08,-200.0,0.0,0.0,-212.5,-58.0,0.99,0.64
4863,Telecommunications & Media,4.23,3.09,4.68,1.896,33.0,0.13,3.07,0.1,2.36,6.68,8.5,1.31,1.27
4898,Financial Services,0.52,0.335,0.685,1.48,6.0,0.09,17.31,0.01,1.92,5.78,3.11,0.27,0.28
4936,Plantation,0.6,0.42,0.85,2.22,1047.0,0.0,0.0,0.0,0.0,0.03,-3.16,0.0,0.0
4944,Industrial Products & Services,0.7,0.33,0.985,1.84,-31.0,-0.02,-2.86,0.02,2.86,-1.23,-0.99,0.14,0.12
4952,Real Estate Investment Trusts,0.71,0.58,0.83,1.2674,12.0,0.06,8.45,0.06,8.1,4.57,4.53,0.45,0.44
4995,Industrial Products & Services,0.35,0.18,0.42,0.3,-8.0,-0.04,-11.43,0.0,0.0,-13.87,-35.47,0.01,0.01
5000,Industrial Products & Services,1.17,0.655,1.86,0.83,-10.0,-0.12,-10.26,0.0,0.0,-13.9,-23.75,0.21,0.52
5001,Industrial Products & Services,0.245,0.18,0.36,0.65,78.0,0.0,0.0,0.0,0.0,0.48,-16.34,0.29,0.35
5005,Technology,1.91,1.53,2.93,1.888,-76.0,-0.03,-1.57,0.06,3.14,-1.33,-0.69,0.12,0.08
5006,Construction,0.85,0.65,1.2,0.67,-15.0,-0.06,-7.06,0.0,0.0,-8.66,-10.36,0.02,0.03
5006,Construction,0.85,0.65,1.2,0.67,-15.0,-0.06,-7.06,0.0,0.0,-8.66,-10.36,0.02,0.03
5007,Industrial Products & Services,1.0,0.68,1.9,1.96,9.0,0.12,12.0,0.08,7.85,5.95,10.28,0.0,0.0
5007,Industrial Products & Services,1.0,0.68,1.9,1.96,9.0,0.12,12.0,0.08,7.85,5.95,10.28,0.0,0.0
5008,Consumer Products & Services,3.7,2.89,3.95,4.61,10.0,0.37,10.0,0.2,5.41,7.95,7.11,0.13,0.0
5009,Industrial Products & Services,0.72,0.645,1.19,2.82,-3.0,-0.27,-37.5,0.0,0.0,-9.44,-9.5,0.05,0.05
5010,Industrial Products & Services,2.36,1.23,2.76,3.08,14.0,0.17,7.2,0.1,4.24,5.56,4.28,0.04,0.04
5011,Technology,0.89,0.55,1.5,1.9186,11.0,0.08,8.99,0.0,0.0,4.17,-0.77,0.01,0.03
5011,Technology,0.89,0.55,1.5,1.9186,11.0,0.08,8.99,0.0,0.0,4.17,-0.77,0.03,0.03
5012,Plantation,2.52,1.81,3.56,3.23,20.0,0.13,5.16,0.1,3.97,3.92,5.54,0.2,0.24
5014,Transportation & Logistics,5.95,3.92,8.88,5.5394,27.0,0.22,3.7,0.15,2.52,3.99,5.19,0.42,0.41
5015,Industrial Products & Services,1.77,1.5,3.0,6.51,13.0,0.14,7.91,0.12,6.78,2.08,3.12,0.01,0.0
5015,Industrial Products & Services,1.77,1.5,3.0,6.51,13.0,0.14,7.91,0.12,6.78,2.08,3.12,0.01,0.0
5016,Consumer Products & Services,1.33,1.3,2.25,4.97,-13.0,-0.1,-7.52,0.03,2.26,-2.05,2.25,0.06,0.05
5020,Property,0.29,0.24,0.395,1.42,7.0,0.04,13.79,0.01,2.76,2.75,1.35,0.22,0.23
5021,Industrial Products & Services,0.175,0.115,0.325,0.69,-9.0,-0.02,-11.43,0.01,5.71,-2.75,5.88,0.06,0.0
5022,Consumer Products & Services,0.275,0.23,0.46,0.52,-42.0,-0.01,-3.64,0.02,5.82,-1.25,0.76,0.0,0.0
5024,Consumer Products & Services,0.965,0.745,1.08,0.18,19.0,0.05,5.18,0.06,6.22,28.56,26.79,0.0,0.0
5025,Industrial Products & Services,0.125,0.065,0.23,0.0766,-8.0,-0.02,-16.0,0.0,0.0,-20.5,-18.27,0.0,0.0
5026,Plantation,0.45,0.27,0.77,1.26,35.0,0.01,2.22,0.0,0.0,1.02,1.31,0.25,0.26
5027,Plantation,1.13,0.895,1.64,0.77,26.0,0.04,3.54,0.06,5.31,5.66,7.69,0.0,0.01
5028,Technology,1.04,0.45,1.44,1.03,15.0,0.07,6.73,0.0,0.0,6.82,6.78,0.13,0.13
5029,Plantation,2.35,2.0,2.79,1.95,17.0,0.13,5.53,0.02,1.06,6.92,5.34,0.01,0.0
5031,Telecommunications & Media,11.02,8.3,11.98,4.63,19.0,0.58,5.26,0.29,2.63,12.5,11.88,0.05,0.05
5032,Transportation & Logistics,4.19,3.27,4.98,2.9391,16.0,0.26,6.21,0.14,3.34,8.94,9.93,1.05,1.05
5035,Industrial Products & Services,0.7,0.49,0.92,2.2728,4.0,0.17,24.29,0.0,0.0,7.38,-12.63,0.02,0.01
5036,Technology,0.35,0.115,0.605,0.4352,-3.0,-0.1,-28.57,0.0,0.0,-24.08,-17.37,0.2,0.22
5037,Industrial Products & Services,0.015,0.01,0.03,0.04,-5.0,-0.0,-0.0,0.0,0.0,-8.0,-7.86,0.03,0.0
5038,Property,0.635,0.405,0.915,3.01,3.0,0.24,37.8,0.0,0.0,7.92,8.3,0.03,0.05
5040,Property,0.065,0.04,0.25,0.23,-3.0,-0.03,-46.15,0.0,0.0,-10.91,-18.0,0.06,0.11
5041,Utilities,0.88,0.725,1.16,2.05,12.0,0.08,9.09,0.04,3.98,3.7,-13.61,0.44,0.11
5042,Construction,0.23,0.18,0.49,0.9,-2.0,-0.15,-65.22,0.0,0.0,-16.12,-15.52,0.36,0.4
5047,Plantation,1.85,1.7,2.0,4.37,-19.0,-0.1,-5.41,0.0,0.0,-2.29,-14.41,0.02,0.0
5048,Industrial Products & Services,0.965,0.395,1.01,1.35,-24.0,-0.04,-4.15,0.0,0.0,-2.96,-1.53,0.0,0.0
5049,Property,0.95,0.92,1.5,4.1,5.0,0.2,21.05,0.03,3.16,4.91,6.24,0.37,0.38
5053,Property,0.875,0.64,1.05,2.42,5.0,0.19,21.71,0.05,5.71,7.84,8.6,0.32,0.28
5054,Construction,0.345,0.2,0.7,0.89,8.0,0.04,11.59,0.02,5.51,4.64,5.16,0.22,0.02
5056,Industrial Products & Services,0.545,0.46,0.865,1.58,-273.0,-0.0,-0.0,0.01,1.14,-0.13,-0.13,0.09,0.09
5060,Industrial Products & Services,0.005,0.005,0.005,-0.72,0.0,-0.16,-3200.0,0.0,0.0,22.14,0.0,0.0,0.0
5062,Property,0.28,0.145,0.465,1.61,-4.0,-0.07,-25.0,0.0,0.0,-4.05,-3.86,0.36,0.55
5065,Industrial Products & Services,1.0,0.7,1.42,2.38,6.0,0.17,17.0,0.03,3.0,7.01,7.79,0.06,0.04
5066,Consumer Products & Services,0.545,0.295,0.615,0.4,-233.0,-0.0,-0.0,0.02,2.94,-0.58,1.96,0.14,0.13
5068,Industrial Products & Services,0.135,0.05,0.14,0.09,31.0,0.0,0.0,0.0,0.0,4.89,7.77,0.0,0.01
5069,Plantation,4.78,4.72,6.78,5.99,-60.0,-0.08,-1.67,0.0,0.0,-1.32,4.88,0.19,0.09
5070,Construction,0.23,0.11,0.435,0.6824,19.0,0.01,4.35,0.01,5.22,1.77,-13.21,0.74,0.47
5070,Construction,0.23,0.11,0.435,0.6824,19.0,0.01,4.35,0.01,5.22,1.77,-13.21,0.74,0.47
5071,Energy,0.645,0.53,1.51,2.2505,36.0,0.02,3.1,0.0,0.0,0.8,1.23,0.0,0.2
5072,Industrial Products & Services,0.165,0.09,0.255,0.63,24.0,0.01,6.06,0.0,3.03,1.11,2.98,0.02,0.02
5073,Property,0.7,0.335,1.41,2.62,6.0,0.11,15.71,0.0,0.0,4.18,4.49,0.1,0.1
5075,Property,1.02,0.735,1.45,4.08,12.0,0.08,7.84,0.04,4.41,2.01,2.69,0.08,0.09
5077,Transportation & Logistics,0.38,0.18,0.785,0.3645,7.0,0.05,13.16,0.0,0.0,14.02,-1.96,0.91,1.24
5078,Transportation & Logistics,0.065,0.04,0.11,0.0854,-1.0,-0.07,-107.69,0.0,0.0,-87.59,108.95,14.82,4.94
5079,Consumer Products & Services,0.095,0.035,0.275,0.31,-3.0,-0.04,-42.11,0.0,0.0,-11.68,-25.86,0.0,0.0
5080,Consumer Products & Services,0.49,0.3,0.72,1.38,6.0,0.08,16.33,0.01,2.45,6.12,4.71,0.1,0.08
5081,Consumer Products & Services,0.43,0.39,0.675,0.75,13.0,0.03,6.98,0.03,6.98,4.45,5.64,0.14,0.1
5082,Industrial Products & Services,0.18,0.18,0.34,0.73,-3.0,-0.06,-33.33,0.0,0.0,-8.55,-7.1,0.03,0.03
5084,Property,0.64,0.23,0.72,0.7255,9.0,0.07,10.94,0.01,1.56,9.5,8.99,0.37,0.31
5085,Construction,0.3,0.145,0.555,0.24,-4.0,-0.08,-26.67,0.0,0.0,-33.67,-89.4,2.05,1.98
5087,Industrial Products & Services,0.31,0.14,0.505,1.19,-9.0,-0.03,-9.68,0.0,0.0,-2.84,-3.04,0.09,0.05
5088,Financial Services,1.04,0.615,1.1,1.5,34.0,0.03,2.88,0.02,1.92,2.01,2.0,0.0,0.0
5090,Telecommunications & Media,0.195,0.12,0.255,0.4175,-8.0,-0.02,-10.26,0.01,5.79,-5.84,-6.18,0.01,0.0
5094,Industrial Products & Services,0.975,0.54,1.19,2.25,11.0,0.09,9.23,0.07,6.77,4.12,4.27,0.0,0.0
5095,Industrial Products & Services,0.415,0.23,0.675,0.77,17.0,0.02,4.82,0.04,9.64,3.22,3.32,0.03,0.03
5098,Industrial Products & Services,0.325,0.17,0.535,1.66,-39.0,-0.01,-3.08,0.0,0.0,-0.51,1.03,0.2,0.22
5099,Consumer Products & Services,0.97,0.5,2.15,1.33,-10.0,-0.1,-10.31,0.64,65.98,-7.24,24.85,2.21,0.1
5100,Industrial Products & Services,1.16,0.61,1.25,1.03,9.0,0.12,10.34,0.06,5.17,11.9,11.39,0.0,0.0
5101,Industrial Products & Services,0.16,0.09,0.34,1.38,-3.0,-0.05,-31.25,0.0,3.0,-3.6,1.43,0.07,0.07
5102,Consumer Products & Services,2.69,1.5,4.197,1.0401,11.0,0.24,8.92,0.05,1.86,22.63,26.96,0.06,0.05
5104,Consumer Products & Services,0.05,0.03,0.095,0.1,-6.0,-0.01,-20.0,0.0,6.0,-7.7,-7.23,0.02,0.02
5105,Industrial Products & Services,2.72,1.6,3.92,8.9418,1.0,3.16,116.18,0.06,2.21,35.37,55.86,0.45,0.43
5106,Real Estate Investment Trusts,1.99,1.66,2.15,1.4587,14.0,0.15,7.54,0.09,4.65,10.07,11.18,0.24,0.24
5107,Consumer Products & Services,0.44,0.21,1.07,1.44,-3.0,-0.16,-36.36,0.0,0.0,-11.35,-1.52,0.04,0.0
5108,Closed-End Fund,2.05,1.85,2.47,3.02,-91.0,-0.02,-0.98,0.0,0.0,-0.75,12.52,0.3,0.2
5109,Real Estate Investment Trusts,1.15,0.7,1.39,1.5837,17.0,0.07,6.09,0.08,6.84,4.31,3.84,0.38,0.37
5110,Real Estate Investment Trusts,1.22,1.05,1.36,1.6708,26.0,0.05,4.1,0.09,7.47,2.81,2.77,0.0,0.0
5111,Real Estate Investment Trusts,0.75,0.49,0.925,1.8958,21.0,0.03,4.0,0.06,7.91,1.84,3.63,0.0,0.0
5112,Plantation,0.31,0.185,0.685,0.64,-1.0,-0.26,-83.87,0.0,0.0,-40.05,-54.81,1.81,1.51
5113,Plantation,0.29,0.115,0.465,0.3,-10.0,-0.03,-10.34,0.0,0.0,-10.0,-24.22,0.56,0.51
5115,Energy,0.085,0.03,0.2,0.37,-1.0,-0.06,-70.59,0.0,0.0,-15.59,-34.22,0.19,0.22
5116,Real Estate Investment Trusts,1.37,1.19,1.65,1.301,13.0,0.1,7.3,0.08,5.66,7.91,7.99,0.68,0.68
5120,Real Estate Investment Trusts,0.43,0.32,0.515,1.2249,13.0,0.03,6.98,0.03,7.79,2.81,2.63,0.83,0.82
5121,Real Estate Investment Trusts,0.67,0.55,1.07,1.3145,32.0,0.02,2.99,0.08,11.6,1.58,1.84,0.9,0.9
5123,Real Estate Investment Trusts,0.675,0.5,1.1,1.2011,25.0,0.03,4.44,0.07,10.07,2.26,2.16,0.38,0.38
5125,Industrial Products & Services,0.375,0.25,0.585,0.88,8.0,0.05,13.33,0.02,4.0,5.42,8.33,0.1,0.08
5129,Construction,0.4,0.295,0.49,1.8,13.0,0.03,7.5,0.01,2.5,1.68,1.18,0.0,0.0
5130,Real Estate Investment Trusts,1.05,0.805,1.241,1.2816,35.0,0.03,2.86,0.05,4.93,2.35,1.57,0.53,0.54
5131,Consumer Products & Services,1.17,0.95,1.636,1.3083,11.0,0.11,9.4,0.12,10.26,8.24,8.19,0.0,0.0
5132,Energy,0.675,0.34,1.11,0.85,8.0,0.08,11.85,0.04,6.52,9.52,9.73,0.07,0.06
5133,Energy,0.74,0.385,1.86,1.13,6.0,0.12,16.22,0.06,8.11,11.03,-6.1,0.01,0.0
5134,Industrial Products & Services,3.45,2.7,3.98,4.49,20.0,0.17,4.93,0.05,1.45,3.87,3.62,0.02,0.0
5135,Plantation,1.61,1.3,2.11,2.0,20.0,0.08,4.97,0.05,3.11,3.95,1.9,0.11,0.18
5136,Transportation & Logistics,0.52,0.39,0.97,1.1,8.0,0.07,13.46,0.0,0.0,5.95,7.39,0.18,0.09
5138,Plantation,1.52,1.25,2.14,2.04,58.0,0.03,1.97,0.02,1.64,1.28,1.91,0.03,0.03
5139,Financial Services,9.8,7.7,17.0,6.14,9.0,1.15,11.73,0.36,3.7,18.75,15.11,3.21,3.21
5140,Transportation & Logistics,0.94,0.65,1.37,2.18,16.0,0.06,6.38,0.04,4.79,2.61,3.56,0.72,0.78
5141,Energy,1.28,0.71,3.01,1.36,6.0,0.22,17.19,0.0,0.0,16.37,18.06,0.48,0.48
5142,Energy,0.54,0.46,1.453,1.22,-10.0,-0.05,-9.26,0.0,0.74,-4.29,2.49,0.46,0.45
5143,Industrial Products & Services,0.74,0.33,1.01,0.35,17.0,0.04,5.41,0.02,3.04,12.14,12.71,0.0,0.0
5145,Transportation & Logistics,0.3,0.125,0.74,0.66,-4.0,-0.07,-23.33,0.0,0.0,-11.35,-10.51,0.11,0.11
5147,Industrial Products & Services,0.685,0.35,0.89,0.57,8.0,0.09,13.14,0.0,0.0,15.35,15.72,0.08,0.08
5148,Property,0.495,0.275,0.87,1.61,10.0,0.05,10.1,0.0,0.0,3.06,3.3,0.36,0.36
5149,Transportation & Logistics,0.25,0.14,0.46,0.9223,35.0,0.01,4.0,0.0,0.0,0.77,2.47,0.07,0.0
5151,Industrial Products & Services,0.65,0.475,0.835,0.23,141.0,0.0,0.0,0.04,6.74,2.0,-15.7,0.07,0.46
5152,Industrial Products & Services,1.48,0.92,1.5,1.38,8.0,0.18,12.16,0.03,2.03,13.12,11.32,0.01,0.02
5156,Consumer Products & Services,0.06,0.055,0.175,0.8,4.0,0.02,33.33,0.0,0.0,2.01,1.64,0.0,0.0
5157,Consumer Products & Services,0.185,0.08,0.4,0.36,-3.0,-0.06,-32.43,0.0,0.0,-15.89,0.76,0.1,0.1
5158,Property,0.23,0.18,0.275,0.59,11.0,0.02,8.7,0.02,6.96,3.68,3.4,0.21,0.22
5159,Consumer Products & Services,0.635,0.43,1.12,1.44,6.0,0.1,15.75,0.05,7.87,6.9,10.4,0.05,0.04
5160,Consumer Products & Services,0.54,0.355,0.75,0.55,6.0,0.08,14.81,0.03,5.56,15.38,14.78,0.0,0.0
5161,Technology,0.305,0.13,0.365,0.4357,-33.0,-0.01,-3.28,0.0,1.64,-2.13,-5.91,0.0,0.0
5162,Technology,1.18,0.7,1.67,1.71,7.0,0.16,13.56,0.06,4.66,9.61,9.93,0.0,0.0
5163,Industrial Products & Services,0.51,0.32,0.75,0.25,-9.0,-0.06,-11.76,0.0,0.0,-22.4,-19.21,0.64,0.64
5165,Industrial Products & Services,0.44,0.34,0.75,0.6338,-7.0,-0.07,-15.91,0.0,0.0,-10.38,0.24,0.37,0.41
5166,Consumer Products & Services,0.04,0.015,0.12,0.16,-1.0,-0.03,-75.0,0.0,0.0,-18.63,-6.68,1.14,0.11
5166,Consumer Products & Services,0.04,0.015,0.12,0.16,-1.0,-0.03,-75.0,0.0,0.0,-18.63,-6.68,1.14,0.11
5167,Industrial Products & Services,0.63,0.53,0.75,1.0,12.0,0.05,7.94,0.02,3.17,5.27,2.8,0.02,0.02
5168,Health Care,12.52,4.8,13.5,0.75,98.0,0.13,1.04,0.08,0.65,17.11,21.42,0.07,0.09
5169,Construction,0.57,0.24,0.64,1.09,4.0,0.15,26.32,0.0,0.0,14.0,8.27,0.43,0.54
5170,Industrial Products & Services,0.225,0.1,0.41,0.5,-1.0,-0.27,-120.0,0.0,0.0,-54.14,-14.2,0.48,0.56
5171,Construction,0.765,0.51,1.46,2.1202,4.0,0.17,22.22,0.04,4.84,8.11,9.61,0.25,0.12
5172,Consumer Products & Services,0.12,0.035,0.135,0.0568,-8.0,-0.01,-8.33,0.0,0.0,-25.35,-24.86,1.08,1.08
5173,Transportation & Logistics,0.19,0.115,0.305,0.81,-1.0,-0.16,-84.21,0.0,0.0,-19.44,-7.73,0.08,0.07
5175,Property,0.135,0.115,0.22,0.83,17.0,0.01,7.41,0.0,0.0,0.96,0.11,0.09,0.1
5176,Real Estate Investment Trusts,1.67,1.5,1.98,1.4905,12.0,0.14,8.38,0.1,5.74,9.1,8.45,0.0,0.0
5178,Industrial Products & Services,0.06,0.025,0.095,0.1019,-4.0,-0.02,-33.33,0.0,0.0,-16.0,-27.86,0.17,0.97
5180,Real Estate Investment Trusts,0.85,0.735,1.11,1.237,29.0,0.03,3.53,0.06,7.35,2.34,2.76,0.49,0.48
5181,Industrial Products & Services,0.44,0.375,0.46,0.55,1.0,0.43,97.73,0.56,126.59,78.09,3.96,0.0,0.08
5182,Property,0.195,0.07,0.41,0.6257,7.0,0.03,15.38,0.0,0.0,4.67,9.58,0.19,0.2
5183,Industrial Products & Services,6.87,4.0,8.77,3.8,22.0,0.31,4.51,0.18,2.62,8.29,9.31,0.1,0.08
5184,Industrial Products & Services,1.0,0.605,1.61,1.66,5.0,0.2,20.0,0.0,0.0,11.96,13.0,1.27,1.31
5185,Financial Services,1.68,1.25,2.18,4.62,7.0,0.24,14.29,0.0,0.0,5.17,5.42,0.4,0.4
5186,Energy,0.45,0.255,0.97,1.4923,566.0,0.0,0.0,0.0,0.0,0.05,-1.43,0.09,0.08
5187,Consumer Products & Services,0.075,0.03,0.155,0.43,4.0,0.02,26.67,0.0,0.0,4.35,5.82,0.06,0.06
5188,Consumer Products & Services,0.03,0.02,0.045,0.19,122.0,0.0,0.0,0.0,0.0,0.11,-7.98,0.0,0.0
5190,Construction,0.1,0.045,0.205,0.66,-2.0,-0.06,-60.0,0.0,0.0,-8.35,-0.03,0.32,0.29
5191,Property,0.555,0.36,0.8,1.48,5.0,0.11,19.82,0.05,8.83,7.58,9.32,0.19,0.06
5192,Industrial Products & Services,0.4,0.2,0.59,0.81,-19.0,-0.02,-5.0,0.0,1.25,-2.62,1.27,0.03,0.03
5194,Consumer Products & Services,0.005,0.005,0.02,0.0,0.0,0.04,800.0,0.0,0.0,0.0,-55.09,0.0,0.22
5195,Technology,0.11,0.035,0.15,0.2609,-274.0,-0.0,-0.0,0.0,0.0,-0.15,0.53,0.12,0.12
5196,Consumer Products & Services,1.05,1.0,1.78,1.0277,35.0,0.03,2.86,0.04,3.81,2.91,0.3,0.78,0.36
5197,Industrial Products & Services,0.73,0.61,1.4,1.68,-7.0,-0.1,-13.7,0.0,0.0,-5.87,-3.93,0.0,0.0
5198,Industrial Products & Services,0.38,0.255,0.71,0.89,37.0,0.01,2.63,0.0,0.0,1.16,2.69,0.07,0.08
5199,Energy,0.635,0.245,1.14,0.86,8.0,0.08,12.6,0.0,0.0,8.84,20.6,0.01,0.0
5200,Property,1.75,1.38,2.42,2.58,9.0,0.2,11.43,0.14,8.0,7.87,8.2,0.0,0.0
5202,Consumer Products & Services,0.58,0.23,1.78,2.3,-1.0,-0.47,-81.03,0.0,0.0,-20.25,-16.56,0.37,0.37
5204,Technology,0.335,0.1,0.545,0.2019,-6.0,-0.06,-17.91,0.0,0.0,-28.23,11.2,0.25,0.13
5205,Construction,0.295,0.14,0.49,1.18,17.0,0.02,6.78,0.0,0.0,1.48,7.64,0.58,0.28
5207,Property,0.36,0.18,0.5,1.62,5.0,0.07,19.44,0.01,2.78,4.49,3.14,0.07,0.08
5208,Industrial Products & Services,1.23,1.02,1.6,1.4,7.0,0.18,14.63,0.06,4.88,13.19,12.26,0.09,0.09
5209,Utilities,2.77,2.3,2.96,0.7997,18.0,0.16,5.78,0.14,5.09,19.61,18.39,0.15,0.18
5210,Energy,0.23,0.11,0.555,0.51,-6.0,-0.04,-17.39,0.0,0.0,-7.59,1.78,2.86,2.17
5211,Industrial Products & Services,1.41,1.25,1.87,1.73,10.0,0.14,9.93,0.07,5.3,8.3,7.91,0.31,0.24
5212,Real Estate Investment Trusts,1.73,1.35,1.92,1.2672,23.0,0.07,4.05,0.08,4.91,5.91,6.6,0.55,0.54
5213,Property,0.12,0.09,0.29,0.87,-1.0,-0.1,-83.33,0.0,0.0,-11.16,5.72,0.51,0.48
5216,Technology,1.32,0.49,1.69,0.2106,30.0,0.04,3.03,0.02,1.89,20.99,13.77,0.22,0.3
5218,Energy,0.095,0.06,0.32,0.57,0.0,-0.29,-305.26,0.0,5.26,-50.07,1.78,0.63,0.8
5219,Industrial Products & Services,0.91,0.6,1.53,0.7684,8.0,0.11,12.09,0.0,0.0,14.17,16.82,1.36,1.39
5220,Industrial Products & Services,0.345,0.18,0.515,0.876,-4.0,-0.08,-23.19,0.0,0.0,-9.52,-8.07,0.03,0.03
5222,Plantation,1.06,0.715,1.59,1.11,-10.0,-0.1,-9.43,0.02,1.89,-9.41,-5.69,1.46,1.43
5223,Industrial Products & Services,0.43,0.24,0.605,2.6,10.0,0.04,9.3,0.0,0.0,1.67,2.74,0.15,0.12
5225,Health Care,5.43,4.55,5.95,2.55,86.0,0.06,1.1,0.04,0.74,2.46,1.9,0.41,0.41
5226,Construction,0.89,0.595,1.54,1.04,11.0,0.08,8.99,0.05,5.51,7.49,7.4,0.04,0.04
5226,Construction,0.89,0.595,1.54,1.04,11.0,0.08,8.99,0.05,5.51,7.49,13.04,0.05,0.06
5227,Real Estate Investment Trusts,1.77,1.43,2.1,1.0667,21.0,0.08,4.52,0.09,5.18,7.95,8.37,0.32,0.32
5228,Financial Services,1.36,1.09,1.77,1.43,12.0,0.12,8.82,0.07,5.33,8.21,8.15,0.41,0.16
5229,Industrial Products & Services,0.01,0.01,0.01,-0.002,-12.0,-0.0,-0.0,0.0,0.0,40.0,8.2,0.0,0.0
5230,Financial Services,0.35,0.2,0.765,0.74,8.0,0.05,14.29,0.03,8.57,6.26,9.33,0.01,0.0
5231,Consumer Products & Services,0.305,0.185,0.59,0.69,-73.0,-0.0,-0.0,0.0,0.0,-0.61,1.73,0.28,0.24
5232,Industrial Products & Services,0.32,0.2,0.48,1.13,16.0,0.02,6.25,0.03,9.38,1.76,1.59,0.18,0.18
5235SS,Real Estate Investment Trusts,8.2,7.38,8.48,7.3,18.0,0.45,5.49,0.38,4.63,6.1,15.58,0.45,0.45
5236,Property,1.76,1.24,1.99,1.91,6.0,0.29,16.48,0.13,7.24,15.35,17.24,0.12,0.15
5237,Financial Services,0.755,0.49,1.19,1.9,-68.0,-0.01,-1.32,0.0,0.0,-0.58,0.91,0.0,0.0
5238,Consumer Products & Services,0.115,0.04,0.24,0.05,-1.0,-0.12,-104.35,0.0,0.0,-236.0,-38.6,25.53,0.86
5239,Property,0.27,0.24,0.35,0.86,40.0,0.01,3.7,0.0,0.56,0.78,3.22,0.28,0.33
5242,Consumer Products & Services,0.215,0.19,0.375,0.38,43.0,0.0,0.0,0.0,0.0,1.32,1.0,0.1,0.14
5243,Energy,0.16,0.09,0.41,0.3618,18.0,0.01,6.25,0.0,0.0,2.4,1.19,0.34,0.36
5246,Transportation & Logistics,3.73,2.97,4.54,0.733,21.0,0.18,4.83,0.13,3.49,24.16,23.75,0.53,0.52
5247,Consumer Products & Services,0.495,0.26,0.645,0.47,-225.0,-0.0,-0.0,0.0,1.01,-0.47,0.52,0.04,0.02
5248,Consumer Products & Services,1.57,0.935,2.78,0.4041,18.0,0.09,5.73,0.21,13.54,21.38,50.71,0.13,0.0
5249,Property,1.05,0.825,1.43,3.44,11.0,0.1,9.52,0.03,2.86,2.89,3.56,0.54,0.54
5249,Property,1.05,0.825,1.43,3.44,11.0,0.1,9.52,0.03,2.86,2.89,3.56,0.55,0.54
5250,Consumer Products & Services,1.3,1.21,1.51,0.0985,30.0,0.04,3.08,0.02,1.77,44.67,55.67,8.49,5.45
5252,Telecommunications & Media,0.12,0.085,0.21,0.39,38.0,0.0,0.0,0.0,0.0,0.79,2.1,0.08,0.08
5253,Construction,0.655,0.3,0.88,0.3,21.0,0.03,4.58,0.0,0.76,10.47,6.67,0.01,0.02
5254,Plantation,0.38,0.2,0.775,1.14,-6.0,-0.06,-15.79,0.07,18.42,-5.38,-5.47,0.25,0.26
5255,Energy,0.125,0.035,0.95,0.1299,19.0,0.01,8.0,0.0,0.0,5.16,-19.21,0.96,0.7
5256,Energy,0.08,0.025,0.25,0.63,-1.0,-0.13,-162.5,0.0,0.0,-20.49,-6.16,0.0,0.0
5257,Energy,0.69,0.325,1.47,0.7183,6.0,0.12,17.39,0.03,4.35,16.12,19.05,0.17,0.24
5258,Financial Services,3.56,2.79,4.69,3.4,8.0,0.44,12.36,0.16,4.49,13.02,14.41,0.48,0.42
5259,Transportation & Logistics,0.405,0.2,0.485,0.52,7.0,0.06,14.81,0.0,0.0,11.56,14.86,0.66,0.78
5260,Consumer Products & Services,0.37,0.155,0.74,0.91,-9.0,-0.04,-10.81,0.0,0.0,-4.6,-1.01,0.23,0.28
5263,Construction,1.9,1.25,2.2,0.5,21.0,0.09,4.74,0.07,3.68,17.74,21.3,0.1,0.1
5264,Utilities,0.865,0.645,0.93,1.1,13.0,0.07,8.09,0.07,7.57,6.23,5.02,1.7,1.73
5265,Industrial Products & Services,0.07,0.025,0.18,9.8,-81.0,-0.0,-0.0,0.0,0.0,-0.01,-16.86,1.21,1.23
5267,Transportation & Logistics,0.37,0.245,0.69,0.87,23.0,0.02,5.41,0.0,1.35,1.86,1.0,0.49,0.34
5268,Construction,0.06,0.01,0.29,0.08,0.0,-0.25,-416.67,0.0,0.0,-306.63,-14.9,0.16,0.12
5269,Real Estate Investment Trusts,0.705,0.595,0.94,1.0651,12.0,0.06,8.51,0.05,6.74,5.48,5.81,0.14,0.14
5270,SPAC,0.505,0.505,0.505,0.017,-32.0,-0.02,-3.96,0.0,0.0,-92.94,-38.59,0.0,0.0
5271,Industrial Products & Services,0.84,0.675,1.3,0.9121,13.0,0.06,7.14,0.06,7.14,6.98,10.22,0.0,0.0
5272,Utilities,0.995,0.82,1.44,0.56,14.0,0.07,7.04,0.05,5.03,13.04,14.34,1.72,1.84
5273,Industrial Products & Services,0.625,0.4,0.92,0.77,18.0,0.03,4.8,0.02,3.2,4.45,5.63,0.2,0.23
5274,Financial Services,9.38,9.6,9.6,3.29,40.0,0.24,2.56,0.22,2.35,7.15,8.66,0.16,0.19
5275,Consumer Products & Services,0.76,0.575,1.49,0.45,23.0,0.03,3.95,0.01,1.32,7.47,10.12,0.21,0.2
5276,Industrial Products & Services,0.42,0.23,0.61,0.42,9.0,0.04,9.52,0.02,4.17,10.57,11.57,0.01,0.01
5276,Industrial Products & Services,0.42,0.23,0.61,0.42,9.0,0.04,9.52,0.02,4.17,10.57,11.57,0.01,0.01
5277,Industrial Products & Services,0.78,0.3,1.01,0.1692,27.0,0.03,3.85,0.01,1.54,16.9,15.64,0.0,0.0
5278,Consumer Products & Services,0.635,0.59,0.845,0.6,14.0,0.04,6.3,0.01,1.57,7.4,8.17,0.28,0.23
5279,Energy,1.76,1.02,2.954,0.82,12.0,0.15,8.52,0.06,3.27,18.63,21.97,1.33,1.21
5280,Real Estate Investment Trusts,0.81,0.6,0.915,1.0341,8.0,0.1,12.35,0.06,7.44,9.26,6.7,0.58,0.18
5281,Construction,0.45,0.21,0.46,0.48,17.0,0.03,6.67,0.01,1.33,5.58,5.96,0.34,0.43
5283,Property,0.48,0.31,1.14,1.11,7.0,0.07,14.58,0.0,0.0,6.36,7.22,0.54,0.51
5284,Industrial Products & Services,1.95,0.975,3.08,5.34,21.0,0.09,4.62,0.07,3.59,1.74,3.67,0.0,0.0
5285,Plantation,4.96,3.82,5.63,1.92,84.0,0.06,1.21,0.01,0.2,3.09,-1.3,0.35,0.35
5286,Technology,2.45,1.02,3.11,0.49,29.0,0.08,3.27,0.04,1.63,17.04,16.65,0.0,0.0
5288,Property,0.75,0.475,1.08,1.41,15.0,0.05,6.67,0.06,8.0,3.62,6.32,0.25,0.26
5289,Industrial Products & Services,0.815,0.48,0.96,0.59,18.0,0.04,4.91,0.0,0.0,7.63,6.57,0.0,0.0
5291,Industrial Products & Services,0.36,0.26,0.515,0.36,15.0,0.02,5.56,0.01,3.44,6.64,6.69,0.18,0.18
5292,Technology,3.7,0.733,4.1,0.37,41.0,0.09,2.43,0.0,0.0,24.16,27.8,0.01,0.07
5293,Construction,1.7,1.01,2.05,1.45,11.0,0.15,8.82,0.0,0.0,10.54,10.06,0.0,0.51
5295,Consumer Products & Services,0.36,0.242,0.716,0.1835,12.0,0.03,8.33,0.01,2.78,16.46,33.72,0.07,0.15
5347,Utilities,11.88,10.365,13.704,9.5989,18.0,0.65,5.47,1.0,8.42,6.74,7.82,1.28,1.2
5371,Industrial Products & Services,0.71,0.7,1.25,2.89,-3.0,-0.22,-30.99,0.0,0.0,-7.54,-13.09,0.04,0.04
5398,Construction,3.72,2.36,4.3,3.34,13.0,0.28,7.53,0.12,3.23,8.46,9.03,0.37,0.37
5401,Property,0.88,0.72,0.94,3.21,4.0,0.23,26.14,0.0,0.0,7.12,5.07,0.35,0.39
5436,Industrial Products & Services,4.28,2.82,4.98,3.96,13.0,0.33,7.71,0.3,7.01,8.34,10.59,0.0,0.0
5517,Consumer Products & Services,4.28,4.2,5.9,2.3999,30.0,0.14,3.27,0.15,3.5,6.0,5.97,0.0,0.0
5533,Consumer Products & Services,0.44,0.3,0.56,1.82,-2.0,-0.25,-56.82,0.0,0.0,-13.53,-13.28,0.09,0.1
5568,Industrial Products & Services,0.385,0.355,0.6,1.39,-15.0,-0.03,-7.79,0.0,0.0,-1.89,-0.79,0.0,0.0
5576,Industrial Products & Services,0.255,0.155,0.4,1.09,34.0,0.01,3.92,0.01,4.51,0.69,0.65,0.07,0.07
5584,Consumer Products & Services,2.06,1.7,2.35,3.3778,17.0,0.12,5.83,0.04,1.94,3.66,6.04,0.04,0.03
5592,Consumer Products & Services,0.325,0.3,0.5,1.07,-9.0,-0.04,-12.31,0.0,0.0,-3.43,-3.09,0.0,0.0
5606,Property,2.85,2.35,4.06,4.1006,14.0,0.2,7.02,0.03,1.05,4.86,6.91,0.64,0.82
5614,Transportation & Logistics,0.295,0.22,0.48,0.953,4.0,0.08,27.12,0.0,0.0,8.22,8.23,0.31,0.31
5622,Construction,0.76,0.65,0.88,1.03,-52.0,-0.01,-1.32,0.0,0.0,-1.42,-1.36,0.01,0.01
5649,Industrial Products & Services,0.155,0.1,0.305,0.47,-2.0,-0.06,-38.71,0.01,8.19,-13.4,0.68,0.15,0.02
5657,Consumer Products & Services,0.095,0.065,0.26,1.69,0.0,-0.24,-252.63,0.0,0.0,-14.26,-6.04,3.05,1.13
5665,Industrial Products & Services,0.47,0.33,1.22,0.72,-1.0,-0.76,-161.7,0.0,0.0,-105.5,-13.08,0.12,0.1
5673,Industrial Products & Services,0.26,0.175,0.49,0.62,0.0,-0.85,-326.92,0.0,0.0,-136.5,-38.35,0.09,0.12
5681,Consumer Products & Services,22.0,17.5,26.409,5.59,43.0,0.51,2.32,0.85,3.86,9.16,13.97,0.03,0.03
5703,Construction,1.03,0.72,2.84,2.31,13.0,0.08,7.77,0.08,7.28,3.37,3.12,0.04,0.04
5738,Property,0.93,0.8,1.53,3.0,-7.0,-0.13,-13.98,0.0,0.0,-4.21,10.64,0.21,0.21
5789,Property,0.38,0.31,0.585,0.89,8.0,0.05,13.16,0.02,4.74,5.07,4.54,0.45,0.45
5797,Industrial Products & Services,0.93,0.7,1.54,3.86,41.0,0.02,2.15,0.05,5.38,0.59,-0.22,0.0,0.0
5819,Financial Services,15.3,11.7,19.54,12.88,13.0,1.18,7.71,0.5,3.27,9.17,10.79,0.1,0.13
5827,Property,1.65,1.58,2.2,2.92,6.0,0.26,15.76,0.08,4.85,8.99,13.65,0.19,0.22
5835,Industrial Products & Services,0.085,0.025,0.26,0.04,-1.0,-0.11,-129.41,0.0,0.0,-264.25,-159.15,0.06,0.97
5843,Industrial Products & Services,0.55,0.265,1.11,1.8,10.0,0.06,10.91,0.0,0.0,3.13,2.57,0.55,0.55
5878,Health Care,0.845,0.72,1.04,0.43,18.0,0.05,5.92,0.02,2.37,11.05,10.9,1.37,1.4
5878,Health Care,0.845,0.72,1.04,0.43,18.0,0.05,5.92,0.02,2.37,11.05,10.9,1.4,1.4
5886,Consumer Products & Services,1.35,0.76,1.36,1.77,-109.0,-0.01,-0.74,0.02,1.11,-0.7,1.51,0.0,0.0
5908,Consumer Products & Services,2.6,1.68,2.99,3.9982,8.0,0.32,12.31,0.1,3.85,7.9,6.42,0.99,1.02
5916,Industrial Products & Services,0.725,0.44,0.945,0.93,9.0,0.08,11.03,0.02,2.76,9.0,10.74,0.33,0.14
5924,Construction,0.17,0.065,0.25,0.36,-4.0,-0.05,-29.41,0.0,0.0,-12.78,-5.91,0.01,0.01
5932,Construction,0.07,0.03,0.181,0.3757,90.0,0.0,0.0,0.0,0.0,0.21,1.34,0.71,0.76
5983,Consumer Products & Services,3.34,2.5,4.47,4.47,7.0,0.51,15.27,0.22,6.59,11.34,13.44,0.01,0.01
6009,Financial Services,0.795,0.78,1.0,1.01,-41.0,-0.02,-2.52,0.04,5.28,-1.93,-2.74,0.19,0.12
6012,Telecommunications & Media,5.34,4.59,5.81,0.9,28.0,0.19,3.56,0.2,3.75,20.86,21.36,1.12,1.12
6017,Property,2.03,1.75,2.81,3.29,11.0,0.18,8.87,0.16,7.88,5.62,7.83,0.0,0.0
6025,Telecommunications & Media,0.105,0.075,0.27,-0.04,-2.0,-0.05,-47.62,0.0,0.0,129.75,-187.92,0.0,0.0
6033,Utilities,17.6,13.36,19.0,6.5611,19.0,0.9,5.11,0.82,4.66,13.77,14.76,0.16,0.29
6041,Property,0.245,0.165,0.36,1.03,-6.0,-0.04,-16.33,0.0,0.0,-3.83,-0.4,0.0,0.0
6068,Consumer Products & Services,0.34,0.16,0.635,0.7317,5.0,0.07,20.59,0.01,2.94,9.88,15.42,0.14,0.07
6076,Property,0.195,0.18,0.4,1.18,-1.0,-0.15,-76.92,0.0,0.0,-12.83,-12.57,2.24,2.24
6084,Telecommunications & Media,0.35,0.225,0.66,1.09,-140.0,-0.0,-0.0,0.02,5.71,-0.23,0.69,0.02,0.02
6114,Property,1.15,0.81,1.86,2.77,13.0,0.09,7.83,0.04,3.48,3.15,5.22,0.17,0.19
6139,Financial Services,4.65,2.93,7.18,1.59,10.0,0.45,9.68,0.2,4.3,28.14,33.07,0.0,0.0
6139,Financial Services,4.65,2.93,7.18,1.59,10.0,0.45,9.68,0.2,4.3,28.14,33.07,0.0,0.0
6149,Industrial Products & Services,1.4,1.08,1.79,3.4695,30.0,0.05,3.57,0.06,4.29,1.33,2.15,0.65,0.61
6173,Property,0.295,0.19,0.43,1.53,18.0,0.02,6.78,0.0,0.0,1.09,1.02,0.06,0.06
6181,Property,0.385,0.235,0.595,1.76,7.0,0.06,15.58,0.02,3.9,3.23,2.88,0.14,0.14
6203,Consumer Products & Services,0.275,0.165,0.56,0.66,0.0,-0.67,-243.64,0.01,3.64,-101.32,2.49,0.02,0.01
6211,Industrial Products & Services,0.17,0.11,0.245,0.918,-4.0,-0.04,-23.53,0.0,0.0,-4.34,-9.81,0.0,0.0
6238,Construction,1.07,0.96,1.41,1.4885,11.0,0.09,8.41,0.02,2.24,6.36,6.93,0.06,0.06
6254,Transportation & Logistics,0.035,0.01,0.045,0.0641,-2.0,-0.01,-28.57,0.0,0.0,-22.93,-21.41,0.0,0.0
6262,Plantation,0.8,0.4,0.995,0.68,21.0,0.04,5.0,0.01,1.25,5.74,4.7,0.01,0.01
6297,Industrial Products & Services,1.15,0.815,1.37,2.0,-31.0,-0.04,-3.48,0.0,0.0,-1.84,-4.32,0.36,0.37
6351,Consumer Products & Services,5.12,4.5,6.16,1.35,16.0,0.31,6.05,0.28,5.37,23.05,23.3,0.03,0.03
6378,Property,0.08,0.035,0.15,0.43,-2.0,-0.04,-50.0,0.0,0.0,-9.05,0.0,0.0,0.0
6399,Telecommunications & Media,0.965,0.705,1.61,0.1641,8.0,0.13,13.47,0.08,7.77,76.6,74.73,3.91,5.29
6432,Consumer Products & Services,3.22,2.45,4.09,2.99,18.0,0.18,5.59,0.2,6.21,5.93,7.13,0.0,0.0
6459,Financial Services,0.715,0.465,1.19,3.02,4.0,0.2,27.97,0.02,3.5,6.56,5.71,0.15,0.15
6483,Financial Services,0.57,0.355,0.62,1.25,35.0,0.02,3.51,0.03,5.7,1.29,2.97,0.2,0.14
6491,Industrial Products & Services,1.5,0.985,1.8,2.86,13.0,0.12,8.0,0.09,6.0,4.04,7.69,0.04,0.02
6521,Transportation & Logistics,0.975,0.82,1.45,3.2501,7.0,0.14,14.36,0.05,5.13,4.19,4.77,0.0,0.0
6548,Property,0.09,0.055,0.165,0.23,0.0,-0.22,-244.44,0.0,0.0,-95.48,-84.71,0.0,0.01
6556,Industrial Products & Services,0.755,0.415,1.65,2.23,-5.0,-0.16,-21.19,0.12,15.89,-7.2,11.72,0.01,0.0
6572,Plantation,0.495,0.46,0.9,3.5637,-2.0,-0.25,-50.51,0.0,0.0,-7.15,-7.96,0.01,0.02
6599,Consumer Products & Services,1.03,0.91,1.83,1.19,17.0,0.06,5.83,0.04,3.88,5.03,5.88,1.35,1.39
6602,Property,0.315,0.19,0.395,1.18,3.0,0.12,38.1,0.0,0.0,9.75,8.32,0.42,0.51
6633,Consumer Products & Services,0.7,0.43,1.08,0.4517,23.0,0.03,4.29,0.02,2.29,6.77,10.23,0.51,0.6
6637,Industrial Products & Services,1.04,0.36,1.52,0.44,-15.0,-0.07,-6.73,0.0,0.0,-15.57,-8.35,0.1,0.03
6645,Transportation & Logistics,4.0,3.3,5.0,2.07,8.0,0.5,12.5,0.25,6.25,24.23,26.94,0.53,0.83
6718,Property,0.915,0.77,1.3,3.23,9.0,0.1,10.93,0.06,6.56,3.08,3.78,0.29,0.29
6742,Utilities,0.695,0.48,0.845,1.59,14.0,0.05,7.19,0.05,7.19,3.08,3.72,2.11,1.51
6769,Property,0.075,0.045,0.09,0.21,10.0,0.01,13.33,0.0,1.33,3.57,0.45,0.15,0.15
6807,Construction,0.25,0.09,0.4,2.92,-2.0,-0.13,-52.0,0.0,0.0,-4.36,-4.29,0.81,0.81
6815,Property,0.53,0.38,0.72,2.75,2.0,0.26,49.06,0.02,2.83,9.62,9.92,0.33,0.32
6874,Industrial Products & Services,0.385,0.15,0.46,0.61,10.0,0.04,10.39,0.0,0.0,6.44,5.34,0.21,0.22
6888,Telecommunications & Media,3.63,3.01,5.28,1.7,39.0,0.09,2.48,0.1,2.62,5.42,8.66,1.01,1.03
6904,Industrial Products & Services,0.48,0.38,0.905,3.02,-4.0,-0.11,-22.92,0.0,0.0,-3.78,-6.19,0.44,0.41
6912,Property,0.215,0.15,0.42,0.82,-5.0,-0.04,-18.6,0.0,0.0,-4.99,-5.93,0.0,0.0
6939,Consumer Products & Services,0.5,0.35,0.55,1.04,7.0,0.07,14.0,0.02,4.0,6.44,5.79,0.13,0.1
6947,Telecommunications & Media,4.38,3.82,5.1,0.08,24.0,0.18,4.11,0.18,4.16,228.88,214.97,6.67,6.76
6963,Industrial Products & Services,1.01,0.6,1.52,0.91,12.0,0.09,8.91,0.04,4.36,9.49,10.92,0.04,0.05
6971,Industrial Products & Services,1.74,1.23,2.04,1.88,8.0,0.22,12.64,0.03,1.72,11.76,11.26,0.13,0.1
6998,Industrial Products & Services,0.105,0.04,0.14,0.29,12.0,0.01,9.52,0.0,0.0,3.03,0.44,1.36,1.25
7003,Property,0.72,0.65,0.995,1.34,39.0,0.02,2.78,0.0,0.0,1.37,4.17,0.02,0.03
7004,Industrial Products & Services,0.485,0.285,0.71,1.7985,-3.0,-0.19,-39.18,0.0,0.0,-10.54,-7.9,0.14,0.01
7005,Industrial Products & Services,0.26,0.17,0.42,0.57,-7.0,-0.04,-15.38,0.0,0.0,-6.14,3.29,0.03,0.03
7006,Consumer Products & Services,2.01,1.7,3.79,5.95,64.0,0.03,1.49,0.06,2.99,0.53,3.49,0.02,0.02
7007,Property,0.215,0.115,0.33,0.27,-8.0,-0.03,-13.95,0.0,0.0,-10.56,-16.58,0.0,0.0
7010,Property,0.57,0.345,0.68,1.06,-8.0,-0.07,-12.28,0.0,0.0,-6.75,-6.26,0.07,0.08
7013,Transportation & Logistics,0.055,0.03,0.06,0.05,-239.0,-0.0,-0.0,0.0,0.0,-0.4,-0.4,0.15,0.17
7014,Industrial Products & Services,0.18,0.15,0.3,1.2,-2.0,-0.09,-50.0,0.0,0.0,-7.32,-12.99,0.01,0.01
7016,Industrial Products & Services,0.28,0.18,0.5,1.81,-10.0,-0.03,-10.71,0.01,3.93,-1.61,2.67,0.06,0.06
7017,Industrial Products & Services,0.28,0.15,0.385,0.27,-6.0,-0.05,-17.86,0.0,0.0,-18.81,-16.92,0.21,0.26
7018,Industrial Products & Services,0.03,0.02,0.04,0.0654,-1.0,-0.03,-100.0,0.0,0.0,-50.92,-45.46,0.03,0.04
7020,Industrial Products & Services,0.095,0.06,0.17,0.1,-4.0,-0.02,-21.05,0.0,0.0,-24.7,-119.7,0.52,0.33
7022,Technology,2.15,1.29,2.453,0.43,27.0,0.08,3.72,0.08,3.49,18.23,14.96,0.0,0.0
7025,Industrial Products & Services,0.55,0.4,0.75,1.04,-6.0,-0.09,-16.36,0.02,2.73,-8.48,4.26,0.01,0.01
7028,Construction,0.405,0.225,0.7,1.76,2.0,0.2,49.38,0.0,0.0,11.35,-8.41,0.0,0.01
7029,Industrial Products & Services,1.83,0.605,3.2,2.0,6.0,0.29,15.85,0.04,2.19,14.32,15.94,0.03,0.03
7031,Telecommunications & Media,0.5,0.47,0.68,0.9411,5.0,0.1,20.0,0.0,0.0,10.31,10.14,0.0,0.0
7033,Industrial Products & Services,0.92,0.895,1.28,2.604,11.0,0.08,8.7,0.04,3.8,3.12,3.59,0.1,0.11
7034,Industrial Products & Services,3.63,1.95,4.32,3.23,10.0,0.36,9.92,0.02,0.55,11.02,9.09,0.09,0.07
7035,Consumer Products & Services,0.51,0.3,0.595,0.44,10.0,0.05,9.8,0.01,2.45,12.11,12.61,0.06,0.06
7036,Industrial Products & Services,0.035,0.01,0.05,0.13,-29.0,-0.0,-0.0,0.0,0.0,-0.92,-0.97,0.02,0.02
7043,Industrial Products & Services,0.8,0.8,1.25,0.72,-27.0,-0.03,-3.75,0.0,0.0,-4.14,-1.06,0.0,0.0
7045,Energy,0.125,0.035,0.65,0.17,-1.0,-0.23,-184.0,0.0,0.0,-133.59,-35.45,0.12,0.15
7047,Construction,0.295,0.14,0.445,0.8336,4.0,0.07,23.73,0.02,5.08,8.58,4.96,0.01,0.03
7047,Construction,0.295,0.14,0.445,0.8336,4.0,0.07,23.73,0.02,5.08,8.58,4.96,0.01,0.03
7048,Consumer Products & Services,3.73,3.65,4.32,2.03,38.0,0.1,2.68,0.2,5.36,4.82,7.59,0.23,0.06
7050,Industrial Products & Services,0.445,0.28,0.65,0.62,9.0,0.05,11.24,0.02,5.62,8.4,8.63,0.25,0.26
7052,Consumer Products & Services,2.62,1.78,3.87,1.19,12.0,0.22,8.4,0.12,4.39,18.71,22.99,0.57,0.0
7053,Transportation & Logistics,0.92,0.795,1.0,0.983,-22.0,-0.04,-4.35,0.02,1.96,-4.29,-5.36,0.2,0.23
7054,Plantation,0.105,0.05,0.235,0.2834,-7.0,-0.01,-9.52,0.0,0.0,-5.12,-2.6,0.06,0.06
7055,Property,1.19,0.98,1.6,1.38,16.0,0.08,6.72,0.0,0.0,5.51,5.0,1.27,1.37
7060,Consumer Products & Services,2.03,1.85,2.86,5.55,18.0,0.11,5.42,0.1,4.93,2.04,3.23,0.01,0.01
7062,Consumer Products & Services,1.6,1.25,1.84,3.61,4.0,0.37,23.12,0.0,0.0,10.19,1.42,0.18,0.23
7066,Property,0.07,0.035,0.34,0.61,-1.0,-0.08,-114.29,0.0,0.0,-12.67,-22.48,0.33,0.47
7070,Construction,0.475,0.215,1.04,1.0189,10.0,0.05,10.53,0.0,0.0,4.82,13.34,0.05,0.06
7071,Construction,0.385,0.185,0.43,0.26,15.0,0.03,7.79,0.0,0.0,9.92,6.29,0.42,0.15
7073,Industrial Products & Services,0.255,0.12,0.565,1.12,-1.0,-0.3,-117.65,0.0,0.0,-26.86,1.17,0.0,0.01
7076,Industrial Products & Services,0.96,0.68,1.25,1.44,15.0,0.07,7.29,0.04,4.17,4.58,5.65,0.17,0.13
7077,Property,0.49,0.4,1.1,0.105,20.0,0.02,4.08,0.0,0.0,23.24,-4.06,0.2,0.2
7078,Construction,0.225,0.115,0.465,0.7139,-4.0,-0.05,-22.22,0.0,0.0,-7.19,3.14,5.24,5.0
7079,Property,0.085,0.03,0.135,0.23,-13.0,-0.01,-11.76,0.0,0.0,-2.78,-1.69,0.03,0.04
7080,Consumer Products & Services,0.675,0.505,1.07,0.7,-28.0,-0.02,-2.96,0.0,0.0,-3.44,-4.65,0.0,0.0
7081,Health Care,2.5,0.91,2.88,1.34,-4.0,-0.56,-22.4,0.08,3.4,-41.84,8.19,0.01,0.0
7082,Consumer Products & Services,0.13,0.12,0.225,0.39,-2.0,-0.08,-61.54,0.01,9.62,-19.9,-16.44,0.19,0.05
7083,Industrial Products & Services,1.1,0.815,1.16,2.48,25.0,0.04,3.64,0.02,1.82,1.75,1.5,0.04,0.04
7084,Consumer Products & Services,9.19,6.5,10.2,1.27,62.0,0.15,1.63,0.04,0.49,11.63,11.63,0.3,0.3
7085,Consumer Products & Services,1.08,0.975,1.36,1.85,-111.0,-0.01,-0.93,0.02,1.85,-0.52,8.77,0.2,0.22
7086,Industrial Products & Services,0.085,0.04,0.095,0.17,-33.0,-0.0,-0.0,0.0,0.0,-1.53,-2.18,0.0,0.0
7087,Consumer Products & Services,2.04,1.24,2.74,1.37,8.0,0.26,12.75,0.09,4.23,19.31,20.64,0.0,0.0
7088,Consumer Products & Services,1.03,0.69,1.589,1.5986,5.0,0.19,18.45,0.0,0.0,12.02,14.99,0.0,0.0
7089,Consumer Products & Services,2.42,1.57,3.29,2.08,6.0,0.44,18.18,0.14,5.99,20.93,22.48,0.03,0.03
7090,Health Care,3.04,1.77,3.1,0.93,26.0,0.12,3.95,0.04,1.22,12.65,13.01,0.05,0.06
7090,Health Care,3.04,1.77,3.1,0.93,26.0,0.12,3.95,0.04,1.22,12.65,16.07,0.05,0.06
7091,Industrial Products & Services,1.05,0.91,1.45,1.785,8.0,0.14,13.33,0.04,3.62,7.75,7.98,0.06,0.06
7094,Consumer Products & Services,0.395,0.32,0.5,0.964,-8.0,-0.05,-12.66,0.0,0.0,-5.33,-8.83,0.01,0.0
7095,Industrial Products & Services,1.23,0.706,1.618,1.17,13.0,0.1,8.13,0.05,4.07,8.2,8.29,0.0,0.0
7096,Industrial Products & Services,0.09,0.07,0.135,0.11,1429.0,0.0,0.0,0.0,0.0,0.09,-0.55,0.0,0.0
7097,Industrial Products & Services,0.085,0.03,0.235,0.34,32.0,0.0,0.0,0.0,0.0,0.79,4.17,0.0,0.0
7099,Industrial Products & Services,0.445,0.375,0.59,1.63,-206.0,-0.0,-0.0,0.0,0.0,-0.13,2.58,0.01,0.01
7100,Industrial Products & Services,2.65,1.7,2.95,0.4,16.0,0.17,6.42,0.16,6.04,42.13,48.53,0.0,0.0
7103,Consumer Products & Services,2.0,1.7,2.4,1.9778,13.0,0.15,7.5,0.04,1.75,7.52,6.33,0.0,0.01
7105,Property,1.22,1.18,1.3,0.49,67.0,0.02,1.64,0.0,0.0,3.73,3.53,1.05,0.72
7107,Consumer Products & Services,0.77,0.45,0.81,0.81,15.0,0.05,6.49,0.02,2.86,6.15,7.59,0.06,0.08
7108,Energy,0.185,0.1,0.555,0.4,-18.0,-0.01,-5.41,0.0,0.0,-2.58,-3.38,0.11,0.11
7113,Health Care,16.9,4.21,18.0,1.29,69.0,0.25,1.48,0.08,0.44,19.09,14.84,0.21,0.54
7114,Industrial Products & Services,0.26,0.185,0.47,0.47,137.0,0.0,0.0,0.0,0.0,0.4,3.39,0.13,0.31
7115,Industrial Products & Services,0.4,0.38,0.55,2.11,6.0,0.06,15.0,0.0,0.0,2.95,3.92,0.48,0.5
7117,Transportation & Logistics,0.375,0.205,0.47,0.8,-16.0,-0.02,-5.33,0.01,2.0,-2.94,-2.36,0.49,0.51
7119,Consumer Products & Services,1.09,0.76,1.13,1.94,33.0,0.03,2.75,1.1,100.92,1.7,0.0,0.2,0.15
7120,Consumer Products & Services,0.44,0.22,0.78,0.52,-54.0,-0.01,-2.27,0.0,0.0,-1.58,-1.56,0.16,0.16
7121,Consumer Products & Services,0.32,0.2,0.73,0.61,-32.0,-0.01,-3.12,0.0,0.0,-1.62,-1.86,0.0,0.0
7123,Industrial Products & Services,0.015,0.005,0.075,0.07,-1.0,-0.03,-200.0,0.0,0.0,-42.86,-50.01,0.04,0.04
7126,Consumer Products & Services,0.02,0.01,0.395,-0.25,0.0,-1.55,-7750.0,0.0,0.0,621.76,3.54,0.2,0.26
7128,Consumer Products & Services,0.19,0.165,0.305,0.58,367.0,0.0,0.0,0.0,0.0,0.09,0.09,0.17,0.17
7129,Consumer Products & Services,1.8,1.3,2.51,3.152,8.0,0.21,11.67,0.14,7.78,6.77,8.07,0.01,0.0
7130,Consumer Products & Services,2.16,0.735,3.11,0.57,23.0,0.09,4.17,0.0,0.0,16.3,2.0,0.06,0.1
7131,Property,0.195,0.165,0.335,0.34,7.0,0.03,15.38,0.0,0.0,8.24,12.88,0.0,0.0
7132,Industrial Products & Services,0.38,0.25,0.48,1.37,19.0,0.02,5.26,0.0,0.0,1.48,-7.98,0.07,0.11
7133,Industrial Products & Services,0.365,0.23,0.64,1.3126,-52.0,-0.01,-2.74,0.0,0.0,-0.53,1.0,0.03,0.02
7134,Consumer Products & Services,0.525,0.35,0.87,1.78,14.0,0.04,7.62,0.02,3.81,2.12,4.93,0.05,0.05
7137,Industrial Products & Services,1.73,1.43,2.057,4.02,15.0,0.12,6.94,0.0,0.0,2.87,1.85,0.0,0.0
7139,Consumer Products & Services,0.04,0.03,0.075,0.05,-13.0,-0.0,-0.0,0.0,0.0,-6.0,-4.45,0.01,0.01
7140,Industrial Products & Services,0.605,0.38,0.825,0.73,12.0,0.05,8.26,0.04,6.12,6.99,6.14,0.0,0.0
7145,Construction,0.16,0.05,0.2,0.61,5.0,0.03,18.75,0.0,0.0,4.79,1.35,0.24,0.07
7146,Industrial Products & Services,0.11,0.04,0.14,0.2,-50.0,-0.0,-0.0,0.0,0.0,-1.1,-1.51,0.01,0.01
7148,Health Care,1.63,1.05,1.82,0.79,21.0,0.08,4.91,0.06,3.37,10.05,10.94,0.27,0.27
7149,Consumer Products & Services,0.715,0.68,1.12,1.01,40.0,0.02,2.8,0.0,0.0,1.75,1.09,0.0,0.0
7152,Consumer Products & Services,0.85,0.68,1.22,1.2,6.0,0.14,16.47,0.1,11.76,11.51,12.66,0.05,0.03
7153,Health Care,8.98,3.92,9.45,1.1605,50.0,0.18,2.0,0.06,0.67,15.55,16.4,0.11,0.12
7154,Consumer Products & Services,0.37,0.185,0.575,0.52,-29.0,-0.01,-2.7,0.0,0.0,-2.48,1.69,0.14,0.14
7155,Industrial Products & Services,1.23,0.66,1.59,0.49,17.0,0.07,5.69,0.04,3.12,14.53,16.91,0.0,0.0
7157,Industrial Products & Services,0.29,0.27,0.475,0.6378,153.0,0.0,0.0,0.0,1.72,0.3,-2.94,0.0,0.0
7158,Energy,0.04,0.01,0.12,-0.02,0.0,-0.27,-675.0,0.0,0.0,1373.0,-53.43,0.0,0.42
7160,Technology,4.93,2.37,5.58,0.9547,29.0,0.17,3.45,0.0,0.0,17.7,20.95,0.01,0.01
7161,Construction,1.05,0.785,1.49,0.87,9.0,0.11,10.48,0.04,3.33,12.97,14.9,0.0,0.0
7162,Industrial Products & Services,0.51,0.37,0.76,1.44,6.0,0.09,17.65,0.01,1.96,6.32,6.37,0.05,0.0
7163,Industrial Products & Services,0.13,0.105,0.31,0.27,18.0,0.01,7.69,0.0,0.0,2.63,1.19,0.0,0.0
7164,Energy,0.22,0.085,0.475,0.67,12.0,0.02,9.09,0.0,0.0,2.7,-39.36,0.7,0.68
7165,Industrial Products & Services,0.21,0.1,0.675,0.4684,-6.0,-0.03,-14.29,0.0,0.0,-6.94,-6.58,0.0,0.0
7167,Consumer Products & Services,1.55,0.98,1.9,1.1,10.0,0.16,10.32,0.06,4.13,14.23,11.99,0.0,0.01
7168,Consumer Products & Services,0.16,0.055,1.3,0.3961,-1.0,-0.11,-68.75,0.0,0.0,-27.9,-34.18,0.23,0.23
7169,Industrial Products & Services,0.73,0.655,1.3,1.69,8.0,0.1,13.7,0.07,9.59,5.65,9.75,0.05,0.01
7170,Industrial Products & Services,0.135,0.09,0.3,0.17,259.0,0.0,0.0,0.0,0.0,0.29,0.0,0.0,0.0
7172,Industrial Products & Services,2.86,2.4,3.371,2.58,21.0,0.13,4.55,0.04,1.22,5.23,6.22,0.55,0.49
7173,Industrial Products & Services,0.61,0.55,0.88,1.17,9.0,0.06,9.84,0.03,4.92,5.5,3.87,0.01,0.01
7174,Consumer Products & Services,0.305,0.195,0.53,0.65,-13.0,-0.02,-6.56,0.0,0.82,-3.54,2.78,0.6,0.56
7176,Consumer Products & Services,0.24,0.19,0.4,0.37,27.0,0.01,4.17,0.0,0.0,2.41,2.41,0.22,0.22
7178,Health Care,2.29,1.45,2.595,2.4,13.0,0.17,7.42,0.08,3.49,7.13,7.16,0.1,0.11
7179,Consumer Products & Services,0.03,0.02,0.035,0.02,11.0,0.0,0.0,0.0,0.0,13.5,12.79,0.0,0.0
7180,Consumer Products & Services,1.06,0.44,1.08,0.42,15.0,0.07,6.6,0.0,0.0,16.71,14.2,0.16,0.21
7181,Technology,0.32,0.095,0.51,0.4,3.0,0.11,34.38,0.0,0.0,26.85,49.84,0.0,0.0
7182,Consumer Products & Services,0.035,0.02,0.065,-0.11,-4.0,-0.01,-28.57,0.0,0.0,8.18,0.0,0.0,0.0
7183,Industrial Products & Services,0.065,0.04,0.125,0.27,1.0,0.07,107.69,0.0,0.0,24.67,-40.63,0.05,0.42
7184,Consumer Products & Services,2.4,1.3,3.72,0.08,-67.0,-0.04,-1.67,0.0,0.0,-45.0,-36.25,0.0,0.01
7186,Consumer Products & Services,0.435,0.25,0.775,0.4984,-10.0,-0.04,-9.2,0.0,0.0,-8.59,-1.05,0.16,0.14
7187,Transportation & Logistics,0.33,0.235,0.41,0.4,36.0,0.01,3.03,0.0,0.0,2.3,2.97,0.01,0.01
7188,Industrial Products & Services,0.14,0.05,0.23,0.16,-3.0,-0.04,-28.57,0.0,0.0,-26.31,-9.06,0.04,0.06
7189,Property,0.96,0.89,1.75,1.76,3.0,0.35,36.46,0.1,10.42,19.71,21.22,0.32,0.32
7189,Property,0.96,0.89,1.75,1.76,3.0,0.35,36.46,0.1,10.42,19.71,23.72,0.2,0.35
7190,Telecommunications & Media,0.29,0.23,0.35,1.046,-12.0,-0.02,-6.9,0.01,3.45,-2.34,1.72,0.1,0.11
7191,Health Care,1.66,0.28,2.28,0.44,10.0,0.16,9.64,0.07,4.22,36.27,0.17,0.02,0.28
7192,Industrial Products & Services,0.165,0.115,0.24,0.11,-1.0,-0.2,-121.21,0.0,0.0,-183.27,-81.29,1.01,0.75
7195,Industrial Products & Services,0.12,0.05,0.31,0.172,1.0,0.1,83.33,0.0,0.0,58.66,-47.67,0.0,0.0
7197,Industrial Products & Services,0.45,0.28,0.65,1.24,-6.0,-0.08,-17.78,0.0,0.0,-6.37,-9.92,0.58,0.58
7198,Property,0.065,0.035,0.09,0.21,3.0,0.02,30.77,0.0,0.0,9.9,-1.87,0.07,0.09
7199,Industrial Products & Services,0.4,0.27,0.55,1.04,12.0,0.03,7.5,0.01,2.5,3.13,3.26,0.17,0.21
7200,Consumer Products & Services,0.6,0.115,0.645,0.54,-18.0,-0.03,-5.0,0.0,0.0,-6.22,-21.16,0.1,0.0
7201,Industrial Products & Services,0.115,0.06,0.14,0.12,39.0,0.0,0.0,0.01,4.78,2.42,2.41,0.01,0.01
7202,Consumer Products & Services,0.685,0.57,1.07,0.76,16.0,0.04,5.84,0.05,7.3,5.68,6.67,0.0,0.0
7203,Consumer Products & Services,0.85,0.68,1.08,1.23,12.0,0.07,8.24,0.0,0.0,5.89,5.51,0.0,0.04
7204,Technology,0.7,0.43,0.925,0.3178,23.0,0.03,4.29,0.01,1.43,9.72,31.5,0.29,0.29
7205,Consumer Products & Services,1.84,1.39,2.22,1.12,12.0,0.15,8.15,0.1,5.43,13.21,12.72,0.0,0.0
7206,Energy,0.085,0.04,0.145,0.06,8.0,0.01,11.76,0.0,0.0,18.33,0.0,0.0,0.0
7207,Industrial Products & Services,0.64,0.4,1.1,1.36,10.0,0.07,10.94,0.06,8.91,4.88,4.84,0.01,0.05
7208,Consumer Products & Services,1.23,0.08,1.52,0.2322,-26.0,-0.05,-4.07,0.0,0.0,-20.37,-5.71,0.17,0.21
7209,Consumer Products & Services,0.3,0.18,0.35,1.07,-56.0,-0.01,-3.33,0.0,1.33,-0.5,0.25,0.01,0.0
7210,Transportation & Logistics,0.52,0.38,0.65,1.04,11.0,0.05,9.62,0.04,6.73,4.4,4.71,0.22,0.2
7211,Consumer Products & Services,0.185,0.175,0.365,0.53,-4.0,-0.05,-27.03,0.0,0.0,-8.98,-9.85,0.01,0.03
7212,Industrial Products & Services,0.135,0.055,0.285,0.2398,-1.0,-0.19,-140.74,0.0,0.0,-79.82,0.35,0.23,0.23
7214,Industrial Products & Services,0.405,0.27,0.565,0.8,6.0,0.07,17.28,0.02,6.17,8.26,8.62,0.01,0.0
7215,Consumer Products & Services,0.125,0.055,0.2,0.27,-7.0,-0.02,-16.0,0.0,0.0,-7.07,2.51,0.0,0.0
7216,Consumer Products & Services,1.79,0.815,2.0,0.9,38.0,0.05,2.79,0.02,1.4,5.19,3.78,0.03,0.03
7217,Industrial Products & Services,0.28,0.155,0.53,1.31,16.0,0.02,7.14,0.0,0.0,1.35,1.73,0.15,0.17
7218,Transportation & Logistics,0.5,0.42,0.59,0.89,-4.0,-0.13,-26.0,0.0,0.0,-14.94,0.13,0.0,0.01
7219,Industrial Products & Services,0.28,0.05,0.29,0.08,-27.0,-0.01,-3.57,0.0,0.0,-12.75,-20.73,0.16,0.22
7221,Industrial Products & Services,0.195,0.08,0.39,1.12,-34.0,-0.01,-5.13,0.0,0.0,-0.52,1.24,0.08,0.07
7222,Industrial Products & Services,2.31,2.0,2.39,1.61,71.0,0.03,1.3,0.04,1.52,2.01,0.44,0.02,0.03
7223,Consumer Products & Services,0.04,0.025,0.075,0.13,-4.0,-0.01,-25.0,0.0,0.0,-7.92,0.37,0.04,0.0
7225,Industrial Products & Services,0.055,0.035,0.075,0.0638,16.0,0.0,0.0,0.0,0.0,5.33,4.28,0.01,0.02
7226,Industrial Products & Services,0.47,0.365,0.7,0.68,21.0,0.02,4.26,0.0,0.0,3.35,-5.42,0.0,0.0
7227,Industrial Products & Services,0.735,0.7,0.965,1.27,15.0,0.05,6.8,0.03,4.08,3.97,4.08,0.02,0.02
7228,Energy,0.37,0.21,0.53,0.4,28.0,0.01,2.7,0.0,1.35,3.35,5.0,0.1,0.11
7229,Industrial Products & Services,2.34,1.71,3.02,3.19,6.0,0.36,15.38,0.14,5.77,11.39,12.02,0.03,0.03
7230,Consumer Products & Services,0.455,0.24,0.6,1.57,6.0,0.07,15.38,0.01,2.2,4.54,4.24,0.05,0.06
7231,Industrial Products & Services,0.845,0.55,1.23,0.238,12.0,0.07,8.28,0.06,6.69,30.08,32.87,0.0,0.0
7232,Industrial Products & Services,0.255,0.17,0.35,1.0307,6.0,0.04,15.69,0.02,9.8,4.01,2.58,0.03,0.03
7233,Industrial Products & Services,4.87,1.49,5.3,0.91,24.0,0.21,4.31,0.08,1.64,22.75,22.95,0.05,0.06
7234,Consumer Products & Services,0.23,0.155,0.53,1.04,5.0,0.05,21.74,0.0,0.0,4.75,-7.29,0.03,0.06
7235,Industrial Products & Services,0.705,0.4,1.08,0.8071,13.0,0.06,8.51,0.03,4.33,6.95,8.5,0.06,0.06
7237,Consumer Products & Services,2.35,1.403,2.8,0.62,19.0,0.12,5.11,0.12,5.32,20.08,13.1,0.0,0.0
7239,Industrial Products & Services,0.19,0.065,0.36,0.42,13.0,0.01,5.26,0.0,0.0,3.5,-14.2,0.16,0.2
7240,Consumer Products & Services,0.285,0.1,0.97,0.62,-4.0,-0.07,-24.56,0.0,0.0,-10.74,-5.3,0.03,0.0
7241,Industrial Products & Services,0.26,0.14,0.485,0.23,-4.0,-0.06,-23.08,0.0,0.0,-27.09,-1.51,0.04,0.04
7243,Consumer Products & Services,0.1,0.055,0.45,0.066,33.0,0.0,0.0,0.0,0.0,4.55,-30.81,0.22,0.0
7245,Industrial Products & Services,0.21,0.05,0.305,0.25,-1.0,-0.16,-76.19,0.0,0.0,-65.36,-51.6,0.09,0.1
7246,Consumer Products & Services,0.345,0.155,0.54,0.75,80.0,0.0,0.0,0.01,2.9,0.57,1.33,0.23,0.24
7247,Industrial Products & Services,1.77,0.76,1.95,0.853,105.0,0.02,1.13,0.02,0.85,1.98,-3.16,0.32,0.38
7248,Industrial Products & Services,0.82,0.69,1.42,0.594,13.0,0.06,7.32,0.06,6.71,10.64,11.76,0.0,0.0
7249,Property,0.345,0.185,0.73,0.88,3.0,0.14,40.58,0.0,0.0,15.67,18.2,0.21,0.21
7250,Energy,0.605,0.31,1.14,1.5,6.0,0.1,16.53,0.0,0.0,6.97,5.98,0.92,0.83
7251,Energy,0.015,0.01,0.08,-22.1,0.0,-0.37,-2466.67,0.0,0.0,1.66,-69.13,0.0,0.84
7252,Consumer Products & Services,0.925,0.65,1.42,1.04,7.0,0.13,14.05,0.06,6.49,12.39,20.13,0.19,0.2
7253,Energy,0.22,0.135,0.51,0.43,-2.0,-0.1,-45.45,0.0,0.0,-24.0,-2.49,0.01,0.0
7277,Energy,3.67,2.7,3.99,0.722,34.0,0.11,3.0,0.04,1.04,15.08,14.7,0.35,0.35
7285,Industrial Products & Services,0.485,0.3,0.555,0.43,-17.0,-0.03,-6.19,0.0,0.0,-6.53,-0.96,0.11,0.0
7293,Energy,6.31,4.24,7.42,1.49,33.0,0.19,3.01,0.06,0.95,12.85,6.17,0.97,0.97
7323,Property,0.5,0.34,0.66,1.79,41.0,0.01,2.0,0.02,3.0,0.68,0.7,0.0,0.0
7374,Industrial Products & Services,1.06,0.76,1.34,2.08,-14.0,-0.08,-7.55,0.06,5.19,-3.61,-6.48,0.22,0.22
7382,Plantation,0.37,0.3,0.52,1.82,-4.0,-0.1,-27.03,0.0,0.0,-5.72,-4.55,0.15,0.03
7412,Consumer Products & Services,0.415,0.275,0.55,1.39,-7.0,-0.06,-14.46,0.0,0.0,-4.23,-11.18,0.0,0.0
7439,Consumer Products & Services,0.91,0.77,1.5,1.3027,12.0,0.08,8.79,0.0,0.0,6.04,3.36,0.01,0.0
7471,Utilities,0.165,0.09,0.375,0.78,12.0,0.01,6.06,0.0,0.0,1.83,-3.22,0.17,0.12
7471,Utilities,0.165,0.09,0.375,0.78,12.0,0.01,6.06,0.0,0.0,1.83,-3.22,0.17,0.12
7498,Industrial Products & Services,0.285,0.18,0.32,0.88,-5.0,-0.06,-21.05,0.0,0.0,-6.25,-25.8,0.08,0.09
7501,Plantation,0.455,0.29,0.7,1.46,-3.0,-0.16,-35.16,0.0,0.0,-11.1,-6.93,0.32,0.28
7528,Construction,1.5,1.38,1.9,4.34,32.0,0.05,3.33,0.0,0.0,1.07,1.49,0.11,0.12
7544,Industrial Products & Services,0.8,0.72,1.43,1.72,-21.0,-0.04,-5.0,0.0,0.0,-2.26,-2.91,0.07,0.07
7544,Industrial Products & Services,0.8,0.72,1.43,1.72,-21.0,-0.04,-5.0,0.0,0.0,-2.26,-2.91,0.07,0.07
7579,Industrial Products & Services,0.48,0.195,0.755,0.698,13.0,0.04,8.33,0.02,3.13,5.33,11.81,0.12,0.08
7595,Construction,0.5,0.33,0.74,0.91,19.0,0.03,6.0,0.0,0.0,2.95,3.47,0.15,0.15
7609,Industrial Products & Services,0.375,0.2,0.52,1.19,15.0,0.03,8.0,0.0,0.0,2.11,1.46,0.0,0.0
7617,Property,0.76,0.7,1.25,1.46,-8.0,-0.1,-13.16,0.0,0.0,-6.69,-9.9,0.0,0.25
7668,Consumer Products & Services,1.88,1.12,2.77,1.02,17.0,0.11,5.85,0.06,3.19,10.67,15.45,0.01,0.0
7676,Transportation & Logistics,0.545,0.255,0.655,0.386,-16.0,-0.03,-5.5,0.0,0.0,-8.89,-0.21,0.02,0.02
7692,Industrial Products & Services,0.53,0.43,0.7,0.85,19.0,0.03,5.66,0.0,0.0,3.32,4.28,0.06,0.07
7722,Consumer Products & Services,0.4,0.3,0.58,0.86,8.0,0.05,12.5,0.0,0.0,5.55,3.2,0.03,0.0
7757,Consumer Products & Services,1.91,1.74,2.3,3.33,14.0,0.14,7.33,0.08,4.19,4.18,3.56,0.0,0.0
7765,Property,5.72,5.4,6.17,1.37,123.0,0.05,0.87,0.0,0.0,3.39,0.4,0.88,0.86
7773,Industrial Products & Services,0.275,0.21,0.37,1.66,-3.0,-0.09,-32.73,0.0,0.0,-5.54,-4.18,0.15,0.2
7803,Industrial Products & Services,3.14,0.43,4.54,0.81,77.0,0.04,1.27,0.02,0.64,5.05,12.64,0.01,0.01
7811,Industrial Products & Services,0.45,0.2,0.815,1.46,14.0,0.03,6.67,0.05,11.11,2.25,3.99,0.24,0.24
7854,Industrial Products & Services,0.46,0.23,0.6,0.5828,10.0,0.04,8.7,0.02,4.35,7.7,14.45,0.04,0.0
7889,Property,0.215,0.14,0.48,0.37,7.0,0.03,13.95,0.0,0.0,8.38,8.85,0.05,0.05
7935,Consumer Products & Services,1.1,0.76,1.15,0.71,-16.0,-0.07,-6.36,0.0,0.0,-9.93,-10.54,0.02,0.02
7943,Consumer Products & Services,0.185,0.14,0.4,0.36,-9.0,-0.02,-10.81,0.0,0.0,-5.86,-11.42,0.0,0.0
7986,Industrial Products & Services,0.39,0.32,0.5,0.82,-8.0,-0.05,-12.82,0.0,0.0,-6.3,-0.03,0.01,0.01
8044,Industrial Products & Services,1.06,1.06,1.2,1.1,-22.0,-0.05,-4.72,0.0,0.0,-4.47,-6.06,0.0,0.01
8052,Industrial Products & Services,0.38,0.3,0.595,0.53,-56.0,-0.01,-2.63,0.0,0.0,-1.28,-7.1,0.0,0.0
8079,Consumer Products & Services,0.545,0.325,0.905,0.32,13.0,0.04,7.34,0.02,4.59,13.41,14.76,0.16,0.16
8117,Industrial Products & Services,0.41,0.2,0.52,1.0523,21.0,0.02,4.88,0.0,0.0,1.82,3.83,0.08,0.1
8125,Industrial Products & Services,2.34,1.45,2.6,0.71,29.0,0.08,3.42,0.03,1.43,11.23,13.3,0.04,0.1
8133,Transportation & Logistics,0.72,0.56,1.36,0.55,-2.0,-0.37,-51.39,0.0,0.0,-67.29,-37.53,0.58,0.02
8141,Property,0.395,0.18,0.445,0.67,-16.0,-0.02,-5.06,0.0,0.0,-3.7,2.03,0.05,0.06
8176,Industrial Products & Services,1.25,0.665,1.85,0.55,16.0,0.08,6.4,0.03,2.63,14.64,21.54,0.17,0.16
8192,Construction,0.56,0.42,0.83,1.8264,-108.0,-0.01,-1.79,0.0,0.0,-0.28,-0.3,0.03,0.03
8206,Property,0.48,0.295,0.9,1.55,7.0,0.07,14.58,0.0,0.0,4.53,4.55,0.37,0.4
8273,Industrial Products & Services,0.7,0.325,1.4,1.32,6.0,0.11,15.71,0.0,0.36,8.67,10.07,0.06,0.07
8303,Consumer Products & Services,0.315,0.08,0.335,0.08,70.0,0.0,0.0,0.0,1.59,5.63,0.0,0.05,0.0
8311,Construction,0.25,0.13,0.255,0.2635,16.0,0.02,8.0,0.01,4.0,6.03,6.1,0.1,0.1
8338,Technology,0.155,0.06,0.28,0.03,-9.0,-0.02,-12.9,0.0,0.0,-60.33,-56.22,0.03,0.01
8346,Transportation & Logistics,0.14,0.09,0.47,0.03,0.0,-0.77,-550.0,0.0,0.0,-2553.67,-31.43,0.11,0.38
8362,Industrial Products & Services,0.245,0.16,0.43,0.57,-4.0,-0.06,-24.49,0.0,0.0,-10.16,3.83,0.22,0.13
8397,Transportation & Logistics,0.42,0.26,0.6,1.53,-37.0,-0.01,-2.38,0.0,0.0,-0.75,-0.2,0.97,0.81
8419,Industrial Products & Services,0.9,0.43,0.91,0.39,36.0,0.02,2.22,0.01,1.11,6.33,4.44,0.0,0.0
8435,Industrial Products & Services,0.525,0.4,0.885,1.27,-4.0,-0.14,-26.67,0.0,0.0,-10.85,-11.31,0.07,0.06
8435,Industrial Products & Services,0.525,0.4,0.885,1.27,-4.0,-0.14,-26.67,0.0,0.0,-10.85,-11.31,0.07,0.06
8478,Consumer Products & Services,0.295,0.15,0.35,0.3023,-21.0,-0.01,-3.39,0.0,0.0,-4.57,-14.55,0.05,0.02
8486,Industrial Products & Services,0.32,0.185,0.475,2.43,7.0,0.05,15.62,0.0,0.0,2.01,1.65,0.0,0.0
8494,Property,0.47,0.345,0.875,1.39,8.0,0.06,12.77,0.05,10.64,4.4,2.54,0.02,0.03
8524,Utilities,0.855,0.635,0.95,0.5038,21.0,0.04,4.68,0.05,6.14,7.94,7.29,0.4,0.43
8532,Consumer Products & Services,0.62,0.08,0.765,0.28,-4.0,-0.16,-25.81,0.0,0.0,-57.86,-51.23,0.0,0.0
8567,Utilities,0.17,0.1,0.28,0.52,-17.0,-0.01,-5.88,0.0,0.0,-1.96,-1.97,0.01,0.01
8583,Property,0.535,0.305,0.95,1.44,7.0,0.07,13.08,0.03,6.26,5.01,2.26,0.23,0.1
8591,Construction,0.76,0.555,1.14,3.02,7.0,0.11,14.47,0.04,5.92,3.61,3.92,0.74,0.74
8605,Consumer Products & Services,0.475,0.1,0.5,0.9857,6.0,0.07,14.74,0.0,0.0,7.46,10.93,0.03,0.05
8613,Property,0.93,0.9,1.46,0.9,-6.0,-0.16,-17.2,0.01,1.34,-18.17,-18.11,0.2,0.49
8621,Financial Services,13.86,9.9,16.28,4.3049,17.0,0.81,5.84,0.7,5.05,18.84,15.62,0.03,0.02
8648,Industrial Products & Services,0.07,0.065,0.115,0.15,-3.0,-0.02,-28.57,0.0,0.0,-15.33,-16.14,0.0,0.0
8664,Property,0.95,0.55,2.25,2.99,11.0,0.09,9.47,0.01,1.05,2.87,1.74,0.72,0.72
8672,Consumer Products & Services,0.2,0.12,0.38,1.12,212.0,0.0,0.0,0.0,0.0,0.08,0.1,0.2,0.21
8702,Industrial Products & Services,0.49,0.195,0.67,1.9506,-9.0,-0.06,-12.24,0.0,0.0,-2.85,-2.9,0.23,0.23
8745,Industrial Products & Services,0.15,0.06,0.26,0.2,-2.0,-0.07,-46.67,0.0,0.0,-32.65,-33.65,0.07,0.08
8761,Construction,0.705,0.52,0.8,1.7,7.0,0.1,14.18,0.04,5.67,6.01,2.66,0.09,0.12
8834,Construction,0.365,0.27,0.59,0.57,-2.0,-0.15,-41.1,0.0,0.0,-26.25,-20.72,0.47,0.25
8869,Industrial Products & Services,4.63,2.74,5.24,0.81,41.0,0.11,2.38,0.05,1.08,14.01,13.73,1.18,0.88
8877,Construction,0.56,0.285,0.95,0.95,12.0,0.05,8.93,0.01,1.79,4.92,6.32,2.26,2.34
8885,Consumer Products & Services,0.075,0.02,0.18,0.2338,-2.0,-0.04,-53.33,0.0,0.0,-15.23,-14.4,0.22,0.22
8893,Property,0.115,0.05,0.19,1.0,28.0,0.0,0.0,0.01,8.7,0.41,0.53,0.01,0.01
8907,Industrial Products & Services,0.455,0.195,0.52,1.33,14.0,0.03,6.59,0.0,0.0,2.5,4.39,0.02,0.03
8923,Property,0.45,0.29,0.45,0.33,17.0,0.03,6.67,0.0,0.0,7.85,1.65,0.43,0.07
8931,Consumer Products & Services,0.24,0.13,0.42,1.89,14.0,0.02,8.33,0.01,4.17,0.88,1.56,0.0,0.01
8966,Consumer Products & Services,0.61,0.305,1.1,1.31,18.0,0.03,4.92,0.0,0.49,2.58,2.67,0.31,0.3
8982,Plantation,0.455,0.285,0.74,1.11,330.0,0.0,0.0,0.02,3.3,0.13,1.26,0.16,0.15
9008,Technology,0.52,0.32,0.715,0.3485,11.0,0.05,9.62,0.0,0.0,14.18,-12.35,0.04,0.07
9016,Industrial Products & Services,0.58,0.385,0.795,2.68,-30.0,-0.02,-3.45,0.0,0.0,-0.73,-2.66,0.01,0.02
9059,Plantation,0.835,0.56,1.59,0.9166,35.0,0.02,2.4,0.01,1.2,2.59,3.15,0.71,0.62
9075,Technology,0.37,0.16,0.58,0.64,11.0,0.03,8.11,0.0,0.0,5.39,0.26,0.02,0.02
9083,Industrial Products & Services,0.17,0.05,0.19,0.3785,-6.0,-0.03,-17.65,0.0,0.0,-7.64,-10.41,0.22,0.24
9083,Industrial Products & Services,0.17,0.05,0.19,0.3785,-6.0,-0.03,-17.65,0.0,0.0,-7.64,-10.41,0.22,0.24
9091,Consumer Products & Services,0.145,0.08,0.25,0.43,6.0,0.02,13.79,0.0,0.0,5.47,1.3,0.06,0.05
9113,Consumer Products & Services,0.34,0.16,0.37,0.35,14.0,0.02,5.88,0.0,0.0,7.09,-20.66,0.03,0.05
9121,Industrial Products & Services,0.37,0.265,0.53,1.83,8.0,0.04,10.81,0.0,0.0,2.4,3.94,0.12,0.13
9148,Industrial Products & Services,1.96,1.68,2.4,1.53,-281.0,-0.01,-0.51,0.06,3.06,-0.46,-0.49,0.0,0.0
9172,Consumer Products & Services,1.37,1.08,1.8,1.28,9.0,0.16,11.68,0.11,8.03,12.38,13.85,0.01,0.01
9199,Industrial Products & Services,2.01,1.95,2.7,3.71,9.0,0.22,10.95,0.07,3.48,5.95,6.35,0.0,0.0
9237,Industrial Products & Services,2.09,0.835,3.49,0.6,59.0,0.04,1.91,0.0,0.0,5.87,6.25,0.38,0.38
9261,Construction,0.485,0.225,0.94,1.12,11.0,0.04,8.25,0.01,2.47,3.96,6.13,0.19,0.26
9288,Consumer Products & Services,0.555,0.32,1.42,1.9295,6.0,0.1,18.02,0.02,3.6,5.07,4.41,0.27,0.09
9296,Financial Services,1.83,1.22,1.97,1.84,6.0,0.28,15.3,0.09,4.92,15.33,17.33,1.79,1.76
9318,Industrial Products & Services,0.23,0.155,0.422,0.8246,24.0,0.01,4.35,0.0,0.0,1.16,1.26,0.07,0.07
9326,Industrial Products & Services,0.405,0.26,0.615,1.22,6.0,0.06,14.81,0.02,3.7,5.15,4.14,0.12,0.0
9334,Technology,7.69,5.0,12.0,8.39,58.0,0.13,1.69,0.09,1.17,1.57,1.75,0.02,0.04
9342,Industrial Products & Services,0.045,0.01,0.05,0.161,-13.0,-0.0,-0.0,0.0,0.0,-2.24,-2.39,0.0,0.0
9369,Consumer Products & Services,1.17,0.9,1.444,2.17,7.0,0.16,13.68,0.08,7.26,7.35,7.15,0.07,0.0
9377,Technology,0.125,0.03,0.125,0.04,-39.0,-0.0,-0.0,0.0,0.0,-8.0,-11.08,0.0,0.0
9385,Consumer Products & Services,0.325,0.16,0.53,0.52,11.0,0.03,9.23,0.0,1.54,5.56,2.23,0.32,0.29
9393,Technology,0.085,0.03,0.13,0.11,-5.0,-0.02,-23.53,0.0,0.0,-15.36,-15.32,0.0,0.0
9407,Consumer Products & Services,0.24,0.18,0.35,0.62,7.0,0.04,16.67,0.0,0.0,5.76,6.84,0.31,0.28
9423,Consumer Products & Services,0.27,0.24,0.51,0.67,13.0,0.02,7.41,0.02,5.56,3.0,6.22,0.02,0.02
9431,Telecommunications & Media,0.39,0.39,0.59,1.3,-28.0,-0.01,-2.56,0.0,0.0,-1.08,-1.37,0.19,0.0
9466,Industrial Products & Services,1.72,1.25,2.37,1.33,9.0,0.2,11.63,0.04,2.33,15.16,14.99,0.0,0.0
9474,Consumer Products & Services,0.125,0.07,0.39,-0.09,-2.0,-0.08,-64.0,0.0,0.0,83.78,-230.43,0.0,0.0
9539,Property,0.275,0.24,0.54,1.16,-24.0,-0.01,-3.64,0.0,0.0,-0.99,-0.78,0.0,0.0
9571,Construction,0.19,0.15,0.385,0.86,-4.0,-0.05,-26.32,0.02,7.89,-6.21,-6.25,0.06,0.06
9598,Construction,2.64,1.8,3.43,1.97,10.0,0.27,10.23,0.2,7.58,13.69,8.12,0.07,0.06
9601,Industrial Products & Services,0.525,0.06,0.58,0.08,-55.0,-0.01,-1.9,0.0,0.0,-11.88,-22.17,0.29,0.16
9628,Construction,0.88,0.72,1.11,0.9396,-76.0,-0.01,-1.14,0.0,0.0,-1.22,-1.4,0.0,0.0
9679,Construction,0.545,0.245,1.22,2.22,-28.0,-0.02,-3.67,0.0,0.0,-0.88,3.41,0.55,0.9
9687,Property,1.33,0.9,1.9,1.1922,11.0,0.13,9.77,0.02,1.5,10.49,35.48,0.03,0.0
9695,Plantation,0.55,0.35,0.99,0.551,-22.0,-0.02,-3.64,0.0,0.0,-4.54,-5.26,0.39,0.43
9717,Construction,0.19,0.175,0.26,0.6682,14.0,0.01,5.26,0.0,0.0,1.98,0.97,0.17,0.17
9741,Industrial Products & Services,0.445,0.17,0.79,0.7,13.0,0.03,6.74,0.0,1.12,4.9,5.35,0.09,0.09
9741,Industrial Products & Services,0.445,0.17,0.79,0.7,13.0,0.03,6.74,0.0,1.12,4.9,5.07,0.01,0.02
9776,Consumer Products & Services,0.12,0.06,0.195,0.4474,-29.0,-0.0,-0.0,0.0,0.0,-0.94,-0.89,0.31,0.31
9792,Consumer Products & Services,0.605,0.595,0.645,0.0821,17.0,0.04,6.61,0.02,4.13,44.46,48.55,1.16,1.35
9806,Transportation & Logistics,0.095,0.04,0.26,0.43,0.0,-0.31,-326.32,0.0,0.0,-72.67,-92.07,0.0,0.0
9814,Property,0.105,0.1,0.285,0.82,-1.0,-0.08,-76.19,0.0,0.0,-9.63,-10.39,0.03,0.11
9822,Industrial Products & Services,5.83,4.2,8.64,4.51,10.0,0.59,10.12,0.29,4.98,13.1,15.75,0.09,0.05
9873,Industrial Products & Services,0.35,0.21,0.59,1.46,13.0,0.03,8.57,0.01,2.86,1.85,4.51,0.07,0.03
9881,Industrial Products & Services,0.235,0.185,0.36,1.19,3.0,0.07,29.79,0.0,0.0,6.13,3.51,0.0,0.0
9938,Industrial Products & Services,0.2,0.095,0.56,0.57,28.0,0.01,5.0,0.0,0.0,1.25,1.66,0.0,0.0
9946,Consumer Products & Services,0.28,0.22,0.42,0.4,-6.0,-0.05,-17.86,0.0,0.0,-11.5,-11.08,0.11,0.03
9954,Industrial Products & Services,0.275,0.085,0.375,0.1094,36.0,0.01,3.64,0.0,1.09,6.95,10.32,0.05,0.07
9962,Property,0.22,0.17,0.35,0.95,8.0,0.03,13.64,0.0,2.27,2.95,3.23,0.04,0.04
9997,Consumer Products & Services,0.29,0.19,0.41,0.92,8.0,0.04,13.79,0.0,0.0,4.17,0.5,0.11,0.21
