code,detail,Y1,Y2,Y3,Y4,Y5,Y6,Y7,Y8,Y9,Y10
5250,Price,1.4300,1.5000,1.5400,1.4200,1.5400,1.5000,0.0000,,,
7214,Price,0.5100,0.7300,1.1000,0.8250,0.4900,0.6500,0.4200,0.4500,0.4100,0.5100
7086,Price,0.0700,0.0750,0.1300,0.0900,0.1200,0.1200,0.1300,0.1200,0.1500,0.1900
5198,Price,0.5000,0.5000,0.4800,0.4450,0.4000,0.5200,0.5700,0.0000,,
7131,Price,0.2500,0.3250,0.2500,0.3000,0.2500,0.7850,0.2400,0.3000,1.0400,1.2800
7120,Price,0.3400,0.4100,0.4750,0.6550,0.6750,0.5800,0.5650,0.6200,0.6000,0.7500
1481,Price,0.1300,0.1100,0.1450,0.1100,0.1250,0.1450,0.1400,0.1500,0.1900,0.1900
5281,Price,0.3850,0.3000,0.8550,0.0000, - ,,,,,
9148,Price,2.2800,1.9400,2.0200,2.2400,2.2800,2.1400,1.9400,1.4100,1.3000,1.4000
7191,Price,0.6000,0.4350,0.6000,0.6550,0.7800,0.9700,0.9600,1.0000,1.9000,1.7200
7146,Price,0.1100,0.1100,0.1500,0.1450,0.1300,0.1400,0.2050,0.2200,0.3200,0.3100
6599,Price,1.4200,1.4700,1.7600,2.5700,2.7300,3.1500,14.0000,14.1200,7.2400,6.0900
5139,Price,16.5400,13.3000,15.7000,11.9200,11.7200,13.3000,12.9800,14.7000,11.3400,6.3300
5185,Price,1.9000,2.2300,2.3100,2.3900,2.3400,2.9000,4.1500,3.4400,3.0800,3.0900
7145,Price,0.1400,0.1300,0.1700,0.1000,0.1400,0.1400,0.2950,0.2000,0.2300,0.2500
7315,Price,0.1200,0.1750,0.1950,0.1900,0.2000,0.2100,0.2250,0.1400,0.1500,0.1400
7078,Price,0.3050,0.9550,0.6350,0.6350,0.6750,0.9150,0.6800,0.6700,1.1000,0.8900
5099,Price,1.7000,2.9700,3.3500,2.2900,1.2900,2.7200,2.2000,2.7400,3.7700,2.5300
5238,Price,0.1550,0.2350,0.3300,0.3600,0.1800,0.6450,0.9950,0.0000,,
2658,Price,18.0000,22.3000,15.9000,8.9800,6.3000,5.1000,4.4200,4.0900,3.9900,4.0800
7609,Price,0.4150,0.5700,0.6100,0.5950,4.2200,2.3300,2.2000,1.6800,1.6500,2.0200
5116,Price,1.3200,1.3100,1.4300,1.5700,1.4000,1.3800,1.3300,1.2900,1.1500,1.1200
5269,Price,0.8100,0.8050,1.0000,1.0700,0.9300,0.0000,,,,
5115,Price,0.1300,0.0800,0.1800,0.2650,0.4250,0.6300,1.5700,0.6800,0.7600,0.9900
2674,Price,0.4400,0.4400,0.8600,1.0900,0.9050,0.8050,0.7500,0.6500,0.6700,0.8500
2488,Price,4.0900,4.3700,4.0800,4.1500,4.7900,4.4100,4.4000,3.8900,3.1700,2.8800
1163,Price,16.2800,13.0000,13.5000,10.2000,10.5000,11.4200,12.1000,7.0500,4.7500,4.4900
2682,Price,0.2600,0.2100,0.3900,0.4350,0.3150,0.3100,0.3000,0.3400,0.3200,0.4200
4952,Price,0.7650,0.7800,0.8350,0.9750,1.0000,1.1300,1.1300,1.1000,1.0500,0.9900
5127,Price,0.7400,0.8200,0.9100,0.9200,0.8650,0.8300,1.0000,0.9200,0.9000,0.9400
1007,Price,0.5350,0.6950,0.8350,0.8950,0.8800,0.8600,0.6550,0.4600,0.4400,0.4200
5120,Price,0.5350,0.6000,0.8100,0.7500,0.9350,0.9750,1.0800,1.1900,1.1600,1.1000
1015,Price,4.5600,3.8900,4.6500,4.6000,6.3600,7.1800,6.5500,6.3100,6.4900,5.0000
7031,Price,0.6150,0.6550,0.6500,0.6100,0.8500,0.8500,0.7000,0.7000,0.8000,0.7800
5959,Price,1.2000,0.9200,1.4000,1.0000,0.8700,0.8000,0.9750,0.4700,0.4400,0.5100
6351,Price,5.7100,6.0000,7.3800,7.4200,9.4200,10.4000,12.0000,12.0000,9.2600,8.3000
7083,Price,1.1200,2.0500,2.2500,2.1500,1.7800,1.7900,1.5000,1.5500,1.5500,1.7200
4758,Price,0.4650,0.4950,0.7900,0.3500,0.4300,0.5450,0.3900,0.3400,0.4100,0.5500
6556,Price,1.2200,1.2500,3.8600,2.1700,0.6700,1.0700,1.0500,1.3200,1.7200,2.9000
9342,Price,0.0350,0.0500,0.1050,0.5200,0.2800,0.1950,0.2200,0.2900,1.1200,0.1300
5568,Price,0.4950,0.8300,1.1600,0.9700,1.1300,1.3200,0.9000,0.8700,0.8600,1.0200
5088,Price,0.8000,0.9400,1.4300,1.4500,1.9000,1.4500,1.1700,1.1000,0.8400,0.7700
7090,Price,2.2400,7.8000,5.6000,4.3000,3.6000,3.5800,4.5000,3.6800,2.7400,2.5900
5194,Price,0.0200,0.0200,0.0100,0.0100,0.0250,0.0400,0.0450,0.0500,0.0500,0.1750
5015,Price,2.1600,2.6800,3.5900,3.4600,3.8500,4.8400,5.7900,4.7100,4.4500,5.7000
6432,Price,3.8500,3.9100,5.0000,5.9500,4.5200,4.7900,3.8100,2.9300,3.0500,2.9000
7181,Price,0.3050,0.2900,0.2300,0.4050,0.6000,0.5400,0.6400,0.5800,0.6000,0.6000
7007,Price,0.3650,0.4000,0.2800,0.4000,0.4600,0.2800,0.6000,0.1300,0.1300,0.0600
7722,Price,0.4800,0.8800,1.0200,1.1900,2.5900,4.0100,2.6300,1.6000,1.8900,1.1700
7129,Price,2.5500,2.6700,3.4500,4.5500,3.9900,7.1800,3.4400,3.9500,4.2800,5.0500
0159,Price,0.1350,0.1450,0.1300,0.0950,0.1000,0.1350,0.0550,0.0850,0.1400,0.1400
4057,Price,0.1250,0.1500,0.1900,0.1900,0.2300,0.2000,0.1100,0.1100,0.1000,0.0900
7162,Price,0.6600,0.8000,1.2000,0.7700,0.7200,1.7300,1.1400,0.7800,0.7600,0.6500
7054,Price,0.1850,0.1400,0.2000,0.2200,1.1000,1.0500,1.1200,1.2000,1.3200,1.2200
6399,Price,1.2000,1.6800,2.6000,2.7200,2.7900,2.9200,2.9400,2.7900,0.0000,
8176,Price,1.7100,1.6000,0.9450,0.3700,0.2650,0.2800,0.2650,0.2800,0.2500,0.1000
7048,Price,4.4000,4.6500,4.8300,4.3700,4.3700,4.7700,4.7400,4.9800,3.5800,3.3200
5130,Price,1.0400,1.1100,1.1100,1.0900,1.1000,1.1900,1.3000,1.2900,1.0700,1.0600
7099,Price,0.6000,0.8650,1.2200,0.5700,0.5850,0.9300,0.6800,1.8500,0.1300,1.6000
8885,Price,0.1300,0.3150,0.3400,0.3750,0.3700,0.4300,0.3900,0.4100,0.6800,0.4000
7579,Price,0.7350,0.6650,1.1000,0.8050,0.3600,0.2650,0.2400,0.2500,0.2600,0.2500
6888,Price,4.1400,3.9300,5.4900,4.7200,6.4100,7.0500,6.9000,6.5900,5.1400,4.7500
5106,Price,1.7700,1.5600,1.5000,1.6100,1.6400,3.6200,2.9300,3.1300,2.6200,2.3700
2305,Price,4.4400,4.6000,6.7000,6.4000,6.6000,6.5000,7.0000,7.0000,5.0400,4.8000
5021,Price,0.3300,0.3800,0.3900,0.2850,0.2600,0.3100,0.2800,0.3100,0.3100,2.4700
7005,Price,0.3300,0.3000,0.4400,0.4300,0.4000,0.3400,0.2800,0.2600,0.2500,0.5700
7251,Price,0.0500,0.1300,0.2900,0.6700,0.8900,0.7950,0.0200,0.0200,0.0200,0.0500
1899,Price,15.6800,17.0000,19.1200,18.1800,16.7800,19.1000,18.5000,18.0000,14.9600,12.2800
6602,Price,0.2350,0.3750,0.4500,0.4550,1.0200,1.0000,0.7250,0.4100,0.5200,0.3500
5190,Price,0.1350,0.1650,0.2550,0.4200,0.4950,0.5750,1.1300,1.3400,1.1600,1.4400
3239,Price,0.3050,0.3800,1.2500,0.7800,0.8050,0.8300,0.9050,0.8400,1.0500,0.5000
3395,Price,0.2600,0.3000,0.2900,0.3500,0.3850,0.4350,0.5000,0.5200,0.8000,1.1400
5196,Price,1.6600,1.5300,1.7200,1.7400,1.8800,2.8900,1.5000,1.3500,1.0000,0.9050
4219,Price,0.1850,0.2850,0.3200,0.5300,0.7000,0.7400,0.8300,0.8200,0.8400,1.1600
6025,Price,0.2100,0.2100,0.3800,0.4000,0.4600,0.5000,0.4750,0.4200,0.5600,0.9200
1562,Price,2.7600,2.4500,2.1000,2.8100,3.0400,3.2600,3.8900,4.2000,4.2300,4.1300
5248,Price,2.4000,2.2200,2.1500,2.2000,4.0400,2.0800,0.0000,,,
9814,Price,0.2500,0.2600,0.4100,0.6100,0.5100,0.6600,0.6600,0.5800,0.5000,0.6500
5258,Price,4.4000,3.5600,4.4000,4.2200,3.8300,4.0700,4.5400,2.8100,2.0300,1.4100
6173,Price,0.3750,0.3100,0.6000,0.6800,0.6700,0.7900,1.7000,1.3000,1.1700,1.1400
5932,Price,0.1750,0.2100,0.2600,0.3400,0.4350,0.4300,0.5400,0.7200,0.8100,0.8800
6998,Price,0.1300,0.1350,0.2400,0.2700,0.3100,0.3150,0.2950,0.3700,0.3400,0.3900
5032,Price,4.4500,4.5000,5.9500,6.2800,7.1800,7.0000,7.5000,7.0000,6.8000,6.7800
5069,Price,6.7200,7.5400,8.0900,8.3400,8.5000,9.2000,7.6500,8.9500,8.2900,7.2900
0168,Price,0.5550,0.6700,0.8450,1.0200,1.4800,2.9500,0.9950,0.7650,0.0000,0.0000
9288,Price,0.3200,0.4200,0.6150,0.5700,0.9500,5.3500,2.4000,2.1800,1.8100,1.0500
7036,Price,0.0400,0.0700,0.0850,0.1050,0.1600,0.0000,0.9000,0.6300,0.3900,0.4000
8133,Price,1.2400,1.3100,1.8300,1.8500,2.0000,2.2900,2.7400,2.4300,3.4300,4.2400
2771,Price,0.9500,1.4100,2.8900,2.6700,4.3000,4.8200,5.6200,5.2000,5.2500,4.7900
5254,Price,0.7650,0.7500,1.6500,1.6600,1.4900,1.4500,0.0000,,,
6297,Price,1.1600,1.0000,1.2500,2.1000,2.8400,2.1000,2.2500,2.1200,2.3300,1.1900
5100,Price,1.0300,0.9900,1.1000,1.4000,1.7400,0.7550,0.6500,0.6500,0.6000,0.5900
9474,Price,0.3100,0.2800,0.4650,0.6600,1.0200,1.3200,1.8400,1.0200,0.4800,0.4750
8761,Price,0.7650,0.8750,0.8750,0.9150,1.0300,1.8700,1.1200,1.2200,1.3000,1.1600
9938,Price,0.1850,0.2100,0.3050,0.3250,0.3650,0.5900,1.0300,1.6000,0.4750,0.2900
4162,Price,15.0800,36.0800,40.0000,44.6000,56.0800,65.1000,64.1200,62.0000,49.9200,45.0000
7221,Price,0.2900,0.4100,0.5150,0.2500,0.1750,0.3000,0.2950,0.2600,0.2900,0.3400
7188,Price,0.2000,0.0900,0.2450,0.2450,0.3200,0.1300,0.2400,0.2500,0.2600,0.3400
5210,Price,0.5300,0.1550,0.7650,0.6050,1.0200,1.0900,4.0300,3.9800,4.1000,0.0000
1818,Price,6.0900,6.8400,10.1200,8.8500,8.3500,8.1000,8.2300,6.2200,6.7000,7.8000
2828,Price,1.3700,1.8400,2.3400,2.5500,2.4400,1.0800,1.0000,1.2000,3.2900,2.7200
7174,Price,0.4150,0.8600,0.9450,1.5900,1.0000,1.1000,0.5800,0.3500,0.3300,0.3200
7154,Price,1.0500,0.9400,0.4950,0.5200,0.4750,0.5250,0.3000,0.2400,0.2500,0.3100
2852,Price,2.2700,2.6900,3.9000,4.0000,5.1300,3.9600,6.8700,3.3300,2.0900,2.6600
7128,Price,0.2400,0.2600,0.3900,0.2850,0.3000,0.2800,0.2400,0.2200,0.2200,0.2200
5105,Price,2.8700,1.9800,2.8900,3.3200,4.5600,2.1200,3.2700,2.3500,1.0300,1.1100
5180,Price,1.0000,1.0100,1.8300,1.5300,1.3800,1.4300,1.4000,1.8000,1.4400,1.1200
5257,Price,0.8850,0.2700,0.3450,0.3950,0.9600,0.0000,,,,
5245,Price,1.9200,1.5500,1.8100,1.7500,1.0000,2.1100,0.0000,,,
2836,Price,29.4000,19.6800,15.3000,13.9200,11.7000,11.7400,12.1800,12.5200,8.5400,6.3200
7076,Price,1.1000,1.0000,1.8000,1.9700,2.0500,2.0100,3.2100,2.7300,2.2100,1.8400
7035,Price,0.5250,0.3950,1.1000,0.6700,1.0200,0.8400,0.8550,0.9500,0.8900,0.7500
5195,Price,0.1450,0.2150,0.3150,0.2600,0.4350,0.4750,0.4250,0.4100,0.0000,0.0000
8052,Price,0.5250,0.4600,1.0300,0.9950,0.8800,1.0000,0.7000,0.3800,0.4500,0.5000
8982,Price,0.7200,0.5650,0.8050,0.8650,0.7300,0.8150,0.9350,0.9400,1.0100,0.9900
7209,Price,0.2850,0.4000,0.4250,0.4500,0.4700,0.5600,0.4850,0.4600,0.4650,0.5500
2879,Price,1.2300,1.7900,1.8500,0.8800,1.0300,0.9000,1.0500,0.8800,1.5300,1.8100
5273,Price,0.7200,0.7250,1.2100,0.8700,0.0000,0.0000,,,,
7187,Price,0.3500,0.4500,0.3400,0.1100,0.1500,0.1400,0.1750,0.2600,0.3100,0.2700
1929,Price,6.3000,7.5800,7.8500,7.7200,8.0100,9.6500,8.8400,9.0500,8.3000,8.0900
5007,Price,1.8000,1.5400,1.7900,1.4500,1.5400,1.3400,1.0700,1.3500,1.5100,1.0500
5229,Price,0.0250,0.0800,0.2700,0.3750,0.0000,0.0000,,,,
5188,Price,0.0350,0.0350,0.1250,0.0300,0.0500,0.0800,0.0800,0.1100,0.2300,0.6900
5797,Price,1.2300,1.4800,2.3800,1.6600,1.4800,1.7000,1.5700,1.3000,1.4600,1.7300
7016,Price,0.3200,0.4800,0.4800,0.5100,0.5200,0.4450,0.4000,0.4500,0.6500,0.4600
1023,Price,5.1500,5.7100,6.5400,4.5100,4.5400,5.5600,7.6200,7.6300,7.4400,8.5000
7117,Price,0.3950,0.3900,1.0100,0.8800,0.8350,0.6250,2.0600,1.7400,1.6800,1.8700
7202,Price,0.9950,1.0900,1.6500,1.7900,1.2100,1.2000,1.0900,1.0400,0.7300,0.7100
7018,Price,0.0350,0.0400,0.0500,0.0550,0.0700,0.0650,0.0600,0.0600,0.0900,0.0500
7986,Price,0.4150,0.5300,0.4950,0.3250,0.2800,0.5300,0.7100,0.7100,0.6900,0.6100
5104,Price,0.0600,0.0600,0.1300,0.0700,0.0850,0.0750,0.1000,0.1000,0.1500,0.1800
5071,Price,0.9250,0.9500,1.3200,1.5500,2.7400,3.4300,2.0000,1.9300,1.6400,1.4600
7205,Price,1.9700,1.9400,2.6100,2.0100,2.0800,1.5300,2.1400,2.3100,2.1800,2.4400
2127,Price,0.9000,0.8600,1.1000,0.7000,0.7800,0.6950,0.3600,0.1650,0.1700,0.2900
7195,Price,0.1300,0.7500,0.8600,0.6350,0.2250,0.1700,0.1350,0.1700,0.2000,0.3200
5136,Price,0.8800,0.6600,1.0600,0.7800,0.8500,0.7300,0.4100,0.4100,0.4500,0.5600
5037,Price,0.0200,0.0250,0.0300,0.0400,0.0450,0.0550,0.0550,0.0900,0.0600,0.0600
8044,Price,1.1500,1.1000,1.0500,1.1500,1.2500,0.9500,0.7800,0.6900,0.5900,0.7000
8435,Price,0.8450,1.3800,1.7500,1.6600,1.5100,1.6800,1.6700,1.3600,2.1800,2.2500
5738,Price,1.1200,1.4600,1.3000,1.1600,1.0500,1.1800,1.3100,1.0000,0.9800,0.7000
5049,Price,1.2500,1.3300,1.5500,1.4900,1.6100,2.8000,2.6000,1.0500,0.6100,0.4100
6718,Price,1.2000,1.2500,1.4500,1.5100,1.6700,2.4200,2.8200,1.7300,1.6600,1.4500
8591,Price,0.9150,0.8700,0.9050,0.9100,1.0200,1.3500,1.5600,0.8700,0.5000,0.5300
5094,Price,1.0600,1.0200,1.5400,2.1500,1.0900,1.0100,1.2400,1.1900,1.3300,1.7200
0051,Price,0.1750,0.5450,0.1100,0.1400,0.1500,0.4100,0.3400,0.3900,0.2300,0.1000
9423,Price,0.4050,0.4800,1.4000,1.2000,0.4700,0.4400,0.3900,0.4100,0.3900,0.4700
2925,Price,2.1000,1.5300,2.1800,3.0000,3.3800,1.9200,2.4300,2.8400,3.2000,4.3000
7157,Price,0.3400,0.5600,0.6400,0.7850,0.8650,0.5600,0.5050,0.4800,0.4700,0.5200
5082,Price,0.2550,0.3500,0.3150,0.3150,0.3600,0.3300,0.3500,0.3200,0.4600,0.5700
5184,Price,1.4000,2.5400,2.6500,2.2300,1.7600,2.6000,2.1200,1.5900,1.6000,1.0800
7204,Price,0.8500,0.7150,0.7450,0.3000,0.3650,0.3200,0.3450,0.1400,0.1700,0.2400
7179,Price,0.0300,0.0300,0.0350,0.0450,0.0550,0.0750,0.0700,0.0700,0.0800,0.1900
4456,Price,0.2650,0.2300,0.4850,0.2550,0.2500,0.2550,0.2550,0.3000,0.2600,0.4500
8125,Price,1.8000,1.6200,2.0400,2.2900,2.2300,5.4900,4.2600,4.1500,2.5500,1.7700
3484,Price,0.4300,0.2250,0.5150,0.5250,0.7550,0.9350,0.4100,0.5100,0.6100,0.7600
5276,Price,0.5050,0.4500,0.4250,1.4900,0.0000,,,,,
8338,Price,0.1850,0.2200,0.2050,0.2100,0.5650,0.1550,0.2150,0.2450,0.2250,0.3400
5216,Price,0.5150,0.8800,1.2600,1.3000,1.1400,2.1900,2.0200,0.0000,,
0091,Price,0.0100,0.0750,0.0600,0.1050,0.1550,0.3750,0.1900,0.1900,0.2200,0.3200
5141,Price,2.5100,0.5400,0.6800,0.9800,1.4000,2.9000,5.7900,2.3800,1.8300,2.2800
7119,Price,1.0700,1.0500,1.0400,0.9000,0.8800,0.8400,0.8500,0.8000,1.0600,1.1200
5132,Price,0.9600,0.9850,0.9400,1.0000,1.1000,1.5800,4.4000,1.9400,1.0500,1.0100
7212,Price,0.2350,0.2050,0.5200,0.6000,0.5900,0.6000,0.4300,0.3300,0.2500,0.2550
7277,Price,3.2600,3.0900,1.9200,1.5400,1.5900,3.7900,2.8200,2.3500,2.7600,1.0500
6947,Price,4.4600,4.5000,5.1000,4.8300,5.4000,6.1700,4.9600,5.2900,3.8800,2.4600
0029,Price,0.0400,0.0800,0.1450,0.1600,0.2000,0.3000,0.2900,0.3800,0.4100,0.1400
7528,Price,1.7200,1.7900,1.7000,1.5000,1.7600,1.7700,1.5200,1.1000,1.0400,1.1200
5908,Price,2.6200,2.3000,3.9800,4.4700,4.0000,5.3800,6.4500,2.2500,1.5600,1.0500
7114,Price,0.3400,0.3200,0.3650,0.3050,0.2900,0.3950,0.3700,0.3200,0.4000,0.3500
5835,Price,0.1300,0.1750,0.2800,0.3200,0.5250,0.3200,0.3150,0.2300,0.2700,0.2000
5265,Price,0.1300,0.0900,0.1750,0.3650,0.7800,0.0000,,,,
7169,Price,1.2600,1.3100,1.2100,1.1700,1.5000,1.2600,0.8550,0.6900,0.6200,0.6400
7198,Price,0.0750,0.0750,0.1050,0.1000,0.1150,0.0950,0.1000,0.1400,0.1200,0.1700
1619,Price,2.3800,1.9000,1.7000,2.4400,1.4000,1.0200,1.9700,2.4700,2.5300,2.5200
7233,Price,3.2400,2.0600,1.1700,0.6850,0.4900,0.2650,0.2000,0.2600,0.3400,0.4100
7148,Price,1.4200,0.9500,2.5300,1.9800,2.6200,2.5000,2.5800,2.1300,2.0200,2.3900
3948,Price,0.4500,0.4900,0.4600,0.4400,0.4950,0.5200,0.4900,0.4500,0.5000,0.4300
3026,Price,49.1000,62.0000,62.0000,55.5600,47.7600,42.4000,47.1400,46.4400,23.4000,17.5400
7165,Price,0.6450,0.7500,0.6950,0.6000,0.6700,0.3150,0.5600,0.5500,0.5200,0.2400
5178,Price,0.0800,0.1450,0.1250,0.1900,0.1400,0.1650,0.2500,0.3100,0.4100,0.5100
5259,Price,0.3550,0.3900,0.3750,0.6200,1.1100,0.4650,0.0000,,,
3417,Price,0.9050,1.4200,1.9300,1.6500,2.0000,2.1200,1.5800,1.5000,1.1800,0.9800
2097,Price,0.0800,0.0950,0.1350,0.1850,0.3100,0.4250,0.4750,0.4400,0.2300,0.1600
2143,Price,0.2700,0.2800,0.5300,0.3400,0.3200,0.9900,1.0100,0.8700,0.7300,0.6900
8206,Price,0.6500,1.0000,1.5500,1.3600,1.3700,4.5000,2.1400,0.2700,0.2400,0.1900
5283,Price,0.7400,0.8950,1.0500,0.0000, - ,,,,,
0059,Price,0.2150,0.2500,0.3650,0.3550,0.4850,0.4200,0.7000,0.3700,0.4000,0.1000
3557,Price,0.3050,0.3000,0.2950,0.2600,0.3150,0.2900,0.1650,0.1700,0.1700,0.0900
5253,Price,0.7200,0.7400,2.5000,1.3200,1.0400,0.7050,0.0000,,,
5036,Price,0.4400,0.3500,0.2700,0.2700,0.3200,0.3300,0.3200,0.4300,0.3600,0.4700
7471,Price,0.0950,0.1750,0.1800,0.2250,0.2500,0.3200,0.2800,0.3100,0.4000,0.3800
0064,Price,0.1800,0.1950,0.3250,0.2450,0.3550,0.2750,0.1350,0.1600,0.1800,0.1800
8907,Price,0.3950,0.4700,0.8150,0.8600,0.6500,0.8800,0.2800,0.2800,0.3800,0.3400
5208,Price,1.3600,1.3000,1.7600,1.3200,1.2100,1.4800,0.7050,0.6700,0.0000,0.0000
7182,Price,0.0550,0.0650,0.0850,0.0650,0.1050,0.1100,0.1600,0.2500,0.4900,0.4600
8877,Price,0.8500,0.6600,1.2000,1.5000,1.0200,1.1300,2.8300,2.5000,3.0000,1.4100
9016,Price,0.8000,0.8050,0.9500,1.1100,1.4200,1.3600,0.9250,1.0800,1.5100,1.0000
5228,Price,1.3900,1.1900,1.1700,1.2500,1.3900,1.3600,1.2700,0.0000,,
0090,Price,0.8300,1.0900,2.7000,1.4200,1.8900,1.3700,0.7100,0.3700,0.4400,0.4400
9091,Price,0.1750,0.2000,0.3100,0.3050,0.2000,0.2200,0.1900,0.2500,0.3500,0.3400
6076,Price,0.3100,0.4250,0.6450,0.6000,0.7950,1.0500,0.9900,0.5900,0.5600,0.9500
7149,Price,0.9850,0.9350,1.3100,1.7000,2.4600,2.1800,2.5300,3.4500,2.9200,2.2700
5056,Price,0.7500,0.8250,1.1000,1.2100,1.2700,1.1100,1.6200,0.8600,0.9500,0.8800
8613,Price,1.1500,2.6600,2.8300,2.0500,2.0600,1.0500,0.7800,0.8000,0.8300,1.6200
7217,Price,0.4450,0.4200,0.7450,0.5900,0.2950,0.2600,0.2850,0.3100,0.3100,0.4900
7773,Price,0.3250,0.4600,0.5000,0.5000,0.7050,0.7700,0.7150,0.7000,0.7700,0.5600
5081,Price,0.6550,0.6000,0.9200,0.8200,1.0000,1.2100,0.5000,0.3800,0.4800,0.8100
6815,Price,0.6050,0.9250,0.8000,0.7750,0.7850,0.7800,0.5200,0.5200,0.5000,0.5100
7208,Price,0.1650,0.1300,0.1600,0.2050,0.2500,0.5500,0.3750,0.2900,0.2700,0.3600
7094,Price,0.4100,0.7500,0.7200,0.8000,0.8300,0.8000,0.4150,0.4900,0.6300,1.0400
5101,Price,0.2750,0.3500,0.6500,0.9600,2.3600,0.6050,0.4600,0.5800,0.9300,1.4200
5205,Price,0.3950,0.6700,0.8650,0.5750,0.7650,0.7800,1.0400,1.3300,1.7000,0.0000
7249,Price,0.5500,0.5300,0.4400,0.6650,1.2800,0.4600,1.0000,0.7700,0.6000,0.8000
0065,Price,0.5150,0.4650,1.6000,1.1900,0.8500,0.5200,0.5550,0.2800,0.2900,0.4100
2984,Price,1.1900,1.3300,1.2800,1.0200,1.0500,1.3300,1.1500,0.4500,0.5000,0.5400
7047,Price,0.4150,0.3850,0.9800,0.5500,0.4400,0.5700,0.6300,0.8600,1.0500,0.9100
5029,Price,2.7900,2.8000,8.8800,8.2000,7.5900,8.0000,7.4000,7.1800,7.2000,7.4000
6041,Price,0.3350,0.3750,0.5000,0.5100,0.5200,0.4900,0.5600,0.2550,0.2900,0.4000
7229,Price,2.7300,2.3000,2.7300,2.3800,2.7400,2.7500,3.1500,1.6500,1.2200,1.0500
2755,Price,0.6500,0.8200,0.8700,0.9900,1.2100,0.9850,0.7450,0.7300,0.6100,0.6000
8605,Price,0.3750,0.3600,0.7350,0.9050,0.8400,0.3000,0.2900,0.1900,0.1400,0.1000
5222,Price,1.5200,0.7150,1.6900,1.5500,1.7100,2.1800,4.4900,4.6200,0.0000,
6939,Price,0.4850,0.5000,0.5200,0.5800,1.6600,2.3600,1.5700,1.1800,0.9400,0.8200
0149,Price,0.4050,0.5150,0.6300,0.4800,0.4500,0.4800,0.3250,0.4200,0.7000,0.8000
3107,Price,1.9300,1.9800,2.2400,2.3400,2.5300,8.1500,5.8000,6.1100,5.9000,4.5000
9318,Price,0.3700,0.4000,0.4050,0.4050,0.4850,0.6200,0.7700,0.6100,0.8500,0.7100
5197,Price,1.0600,1.5100,1.2500,1.6000,2.8800,1.0300,1.1900,0.7200,0.6900,0.0000
9172,Price,1.6100,1.6800,1.7200,0.8650,0.8900,0.7600,0.7550,0.7100,0.7200,0.8800
5277,Price,0.3250,0.2950,0.8550,0.0000, - ,,,,,
3689,Price,34.9000,37.7200,24.6600,24.0600,18.3000,16.9800,18.6000,18.2000,16.5000,14.4600
7210,Price,0.6000,1.0500,1.3200,1.1900,1.5100,1.7800,1.4100,0.9300,0.9200,0.6700
0128,Price,2.2900,0.7050,0.4600,0.1700,0.1900,0.1400,0.0750,0.0800,0.1200,0.1700
9377,Price,0.0950,0.0950,0.1850,0.2200,0.2100,0.3000,0.2400,0.2600,0.2700,0.3500
7184,Price,2.6700,0.8150,0.8200,1.1600,0.8200,0.2300,0.2300,0.2700,0.2400,0.2400
5226,Price,1.1800,0.8550,1.9300,0.9050,0.8300,1.2500,1.0600,1.0900,0.0000,
9261,Price,0.8600,0.6650,1.2500,2.0800,1.4600,1.6600,0.9150,0.5700,0.6800,0.8300
5398,Price,3.7100,3.8700,5.3000,4.8200,4.8200,4.7800,4.7600,3.5100,3.6900,3.3200
5209,Price,2.7500,2.8300,2.8900,2.4700,2.4000,3.2200,3.8700,2.5700,0.0000,
0078,Price,0.2650,0.4050,0.6250,1.5400,1.3700,2.1900,2.0000,1.0000,1.0100,0.4500
7197,Price,0.5600,0.6700,1.6800,1.5400,2.7600,0.5550,0.3300,0.2000,0.2200,0.2200
3182,Price,6.0500,6.1000,9.2000,8.0000,7.3400,8.8700,10.2600,9.2000,11.0000,11.1800
4715,Price,3.2900,3.0200,5.6300,4.5800,4.3800,4.0700,4.3800,3.5500,3.8300,3.3900
2291,Price,10.5800,9.8600,10.5000,10.8000,10.6000,10.0000,11.0400,9.0000,8.6000,8.8000
3204,Price,1.0800,3.8200,3.0300,1.5900,1.2200,1.1600,0.9200,0.9500,1.2000,0.8800
5079,Price,0.1900,0.1600,0.2200,0.1900,0.3550,0.2600,0.2750,0.2100,0.2300,0.2800
0021,Price,1.3500,1.5800,1.5200,0.9000,0.9650,0.7200,0.7100,0.2700,0.2900,0.4200
1147,Price,0.1850,0.2850,0.4500,0.4850,0.4800,0.7950,0.5000,0.5800,0.4900,0.4000
5220,Price,0.4200,0.0500,0.0550,0.0450,0.0600,0.0600,0.0650,0.0900,0.0000,
7022,Price,2.3300,1.7500,6.6000,3.4800,6.5000,4.3000,3.1700,1.4300,0.8400,1.1600
5020,Price,0.3800,0.4900,0.7050,0.8150,0.9600,1.1000,0.9400,0.8300,0.9300,0.6900
7382,Price,0.4000,0.4600,0.6050,0.5650,1.5600,1.0500,1.0200,1.1500,1.1700,0.7900
5649,Price,0.2000,0.1800,0.2650,0.2600,0.4300,0.4500,0.2850,0.3500,0.3700,0.3700
7192,Price,0.1800,0.2050,0.2650,0.6250,0.2700,0.3950,0.4050,0.3700,0.4200,0.7300
2135,Price,0.7000,0.6500,1.3600,1.2000,1.2700,0.8300,0.7400,0.7200,0.6600,1.2800
7096,Price,0.1050,0.0900,0.1150,0.0850,0.1150,0.1100,0.0700,0.0900,0.0900,0.0900
5592,Price,0.4850,0.4800,0.5200,0.5750,0.6150,0.9550,0.9250,0.7500,0.7000,0.6400
7010,Price,0.5800,0.6050,0.4400,0.4400,0.5450,0.5700,0.3300,0.2600,0.3000,0.3000
0056,Price,0.2600,0.2000,0.2400,0.1800,0.2650,0.2900,0.2700,0.2200,0.2000,0.1900
0082,Price,0.6900,0.3150,0.5500,0.2800,0.2650,0.3500,0.4400,0.5800,0.7400,1.2300
0136,Price,0.1300,0.1150,0.1600,0.2100,0.2250,0.2550,0.3350,0.1950,0.2200,0.4200
9962,Price,0.2700,0.2650,0.3950,0.3850,0.4050,0.3950,0.4600,0.2600,0.2200,0.2300
5102,Price,3.0800,2.7500,2.1300,1.0800,1.3500,1.0200,1.3700,1.6400,1.3700,1.1200
3247,Price,0.4750,0.4500,0.7000,0.8450,1.0200,1.0400,0.9600,1.1300,1.2000,1.1700
7676,Price,0.5150,0.2900,0.3700,0.4750,0.4300,0.7900,0.8500,0.6900,0.6500,0.8100
1503,Price,0.7300,0.8800,1.2100,1.2500,1.2700,1.1500,1.1900,0.8100,1.1100,0.9400
7668,Price,2.5700,4.9600,3.8100,2.5400,2.3500,2.5000,2.2900,2.1700,2.2600,4.1700
7253,Price,0.4100,0.4350,0.2300,0.2200,0.3500,0.3400,0.4500,0.3800,0.4100,1.1000
3034,Price,9.9800,9.8500,9.5500,8.8600,6.4800,4.6800,3.0100,1.7400,1.5900,2.3600
5138,Price,2.1300,1.6400,2.5500,2.5200,2.4000,2.5100,2.6800,2.8200,2.7600,3.3500
2062,Price,0.6600,0.7100,0.7000,0.9200,2.6600,1.8700,0.9000,0.8800,0.9700,0.7800
7501,Price,0.5800,0.3400,0.6200,0.8000,1.0000,1.0700,1.5000,0.8900,0.8000,0.8200
5008,Price,3.8200,3.5000,3.9000,3.2000,2.8900,3.1500,3.0100,2.8500,3.4700,2.9300
5168,Price,4.6300,6.0500,4.9600,4.8500,8.6700,6.8500,4.9400,6.6200,4.5400,6.8300
5187,Price,0.0650,0.0550,0.0900,0.0350,0.0650,0.0550,0.1450,0.2600,0.5100,0.7100
7105,Price,1.2200,1.2600,1.3000,3.2800,3.0600,2.8000,1.8700,0.9000,0.3500,0.2600
3255,Price,27.1200,20.4600,18.9000,16.3800,14.2800,13.1400,19.0600,13.3600,10.1400,7.7000
5028,Price,1.2300,0.4250,0.7000,0.5650,0.6500,0.5550,0.6600,0.8200,1.0400,1.2800
5121,Price,0.9900,1.1100,1.3000,1.5600,1.5200,1.4900,1.5000,1.4600,1.3200,1.3500
4324,Price,4.2200,4.6600,16.3000,2.0300,4.9700,4.6900,6.3600,8.4000,9.1800,10.7600
5095,Price,0.5400,0.6100,1.1900,1.5000,1.6200,1.6600,1.3600,0.4800,0.5400,0.8000
5151,Price,0.6400,0.7500,0.9200,0.2550,0.7000,0.7950,0.6300,0.6200,0.4400,0.4600
3298,Price,0.6950,0.6600,0.9800,0.8550,0.8050,0.7450,0.5600,0.6000,0.6000,0.5800
5072,Price,0.2250,0.3800,0.3900,0.2850,0.3700,0.7650,0.5650,0.5600,0.9700,1.2600
5199,Price,1.0700,0.8850,0.4100,0.1800,0.7450,0.8500,1.7500,1.4100,1.6500,0.0000
8443,Price,0.5650,0.5400,0.7900,0.9700,0.8400,0.6650,0.4200,0.3300,0.5400,0.7000
5169,Price,0.5100,0.3150,0.5300,0.8200,1.0600,1.2600,1.2100,0.6900,0.5800,0.6100
9601,Price,0.1050,0.1050,0.0650,0.0550,0.0950,0.1350,0.2000,0.3000,0.3400,0.3500
5165,Price,0.7000,0.4750,0.4700,0.2900,0.4000,0.3550,0.3400,0.3300,0.2600,0.4400
6238,Price,1.3300,1.3500,1.4300,1.6000,1.8900,1.7000,1.8700,1.5000,1.2900,1.6900
5160,Price,0.6350,0.7050,0.9350,0.8850,0.9150,0.7850,0.4100,0.2900,0.2900,0.4600
5819,Price,19.0000,18.2000,15.6600,13.1800,13.4000,13.8000,13.9000,12.4400,13.3800,8.5800
5274,Price,9.6000,9.7900,9.9800,10.1000,10.2000,14.4000,5.5000,1.1400,1.4200,1.0800
1082,Price,18.5400,18.0000,16.8000,14.6800,15.1600,16.1400,14.4600,12.2400,13.1800,8.4100
3301,Price,11.2800,11.3600,10.1400,8.3300,4.4300,6.6800,4.5200,3.9300,4.0100,4.5400
5291,Price,0.3900,0.0000, - , - , - ,,,,,
0185,Price,0.8450,0.8600,1.4800,0.3950,0.0000,,,,,
5062,Price,0.3850,0.4950,1.1000,1.8800,2.0600,1.7800,1.8100,1.4500,1.2100,0.6500
7013,Price,0.0500,0.0550,0.1150,0.0100,0.0150,0.0450,0.0500,0.0600,0.0900,0.1700
5000,Price,1.0600,1.0800,2.2800,3.1000,3.7900,2.4100,0.3950,0.3200,0.5300,0.6500
5024,Price,0.9000,0.9500,1.0900,1.1700,1.2900,0.8050,6.4200,2.8300,1.7900,1.8100
8478,Price,0.2650,0.3000,0.3850,0.4650,0.4100,0.4400,0.4050,0.3800,0.6000,0.5700
4251,Price,0.2450,0.3800,0.5150,0.5900,0.5000,0.6200,2.5200,1.3300,0.6900,0.8000
5084,Price,0.6950,0.5950,0.8150,1.0000,1.0600,1.7300,1.8500,1.6000,1.3500,1.0600
5108,Price,2.4200,2.5900,2.6400,2.2900,2.3200,2.5200,2.4000,2.8600,2.7700,2.1000
5255,Price,0.0500,0.0700,0.2300,0.3650,0.4300,0.7450,0.0000,,,
9113,Price,0.3150,0.1700,0.2550,0.1200,0.1500,0.2150,0.2450,0.2700,0.2900,0.3000
9687,Price,1.5800,1.0900,0.6750,0.7500,0.9000,0.8100,0.5900,0.2000,0.2000,0.1200
5606,Price,3.6100,2.4800,2.9600,2.5200,2.2800,2.3600,2.0400,2.0000,1.9100,1.3500
5227,Price,1.8900,1.7300,1.8000,1.6100,1.3400,1.3100,1.1900,1.3300,0.0000,
5225,Price,5.4700,5.3900,5.8600,6.3500,6.5800,4.8200,3.8600,3.3700,0.0000,
3336,Price,2.2200,2.6800,3.4000,3.5300,7.2000,6.1400,5.4500,5.6300,6.4100,4.8800
2216,Price,1.5700,2.2000,3.2200,3.5800,3.3600,3.3500,3.0000,3.3000,2.9500,2.5500
5268,Price,0.0750,0.1000,0.5600,0.5700,0.6750,0.0000,,,,
7222,Price,2.2200,1.9000,1.8200,2.1700,1.4300,1.2200,0.9000,0.8300,0.9250,0.8500
7243,Price,0.0200,0.0350,0.0500,0.1000,0.0450,0.0750,0.0800,0.1850,0.1400,0.1700
0166,Price,1.6000,2.2600,2.1100,2.9700,3.2500,3.0300,0.7150,0.3700,0.0000,0.0000
2607,Price,0.6250,0.6750,0.6900,0.6950,0.7000,0.7200,0.8300,0.8500,0.6100,0.8300
9393,Price,0.1000,0.0850,0.1450,0.1200,0.1300,0.1800,0.6350,0.3000,0.3500,0.3800
6262,Price,0.9600,0.6100,1.1700,1.1200,1.2800,1.4900,1.4500,1.5500,1.3400,1.1600
3379,Price,0.7550,0.8750,1.0700,0.6450,0.8200,1.1900,0.5000,0.4100,0.5000,0.4800
0192,Price,0.2700,0.2800,0.3650,0.0000, - ,,,,,
5614,Price,0.4250,0.4650,0.6000,0.8550,0.8150,0.7100,0.7550,0.9000,0.6800,1.0000
1961,Price,4.2500,4.5400,4.4500,4.3400,4.0600,5.2500,5.4400,5.1900,5.3000,5.0100
5249,Price,1.3800,1.6000,2.2000,2.3500,1.8500,2.5200,0.0000,,,
5673,Price,0.4600,0.8700,0.7500,0.8200,1.0600,0.9100,0.7300,0.6000,0.6900,0.7500
5107,Price,1.1200,1.4200,3.5000,1.9500,2.7000,1.3200,0.4100,0.3100,0.4000,0.5100
7183,Price,0.0750,0.1400,0.1500,0.1900,0.3100,0.2950,1.7300,1.2000,1.0000,0.9500
8834,Price,0.5450,0.6450,0.6600,0.5000,0.6700,0.8000,0.6600,0.6800,0.7900,0.7900
1589,Price,0.8800,0.4200,1.4300,0.8050,1.0100,1.2700,1.2900,0.7000,0.7000,0.7400
5175,Price,0.2000,0.2700,0.5700,0.3600,0.4000,0.5900,0.4900,0.9900,1.0300,0.0000
7043,Price,1.0300,1.0000,0.9400,1.0400,1.0900,0.9900,0.6100,0.4900,0.2000,0.2500
7223,Price,0.0350,0.0550,0.0700,0.1050,0.1150,0.1000,0.1100,0.1700,0.2300,0.1700
4723,Price,1.2700,0.4800,1.4900,1.0200,1.2400,0.4400,0.5050,0.3500,0.6000,0.7500
8648,Price,0.1200,0.1300,0.1600,0.1400,0.1700,0.1850,0.1400,0.1500,0.1400,0.1400
4383,Price,0.4850,0.6700,1.1800,1.1500,1.5100,2.6400,2.0000,2.9100,2.2200,1.1700
7152,Price,0.9700,0.8700,1.4500,1.0400,1.0500,0.7800,0.5050,0.4700,0.5600,0.7700
0058,Price,1.4500,1.4800,1.7500,1.7000,1.9800,0.4700,2.4800,2.2000,2.2300,2.9800
5161,Price,0.1700,0.2750,0.5150,0.5300,0.6700,0.6350,0.6300,0.7800,0.4150,1.0000
8931,Price,0.3550,0.4100,0.6000,0.5350,0.9150,0.4250,0.4300,0.4400,0.2900,0.3600
8923,Price,0.3350,0.3600,0.3000,0.2500,0.2350,0.2400,0.3200,0.3100,0.6500,0.2100
6769,Price,0.0800,0.0950,0.1700,0.1950,0.2950,0.2850,0.2050,0.1900,0.1900,0.1600
3441,Price,0.0650,0.0900,0.3150,0.1750,0.1150,0.1950,0.1500,0.1500,0.2500,0.3800
7167,Price,1.7300,0.9600,1.2100,1.2400,2.0900,1.3500,1.6700,1.6600,0.7400,0.6500
5172,Price,0.0700,0.0850,0.1050,0.0500,0.0700,0.1300,0.1100,0.1500,0.2700,0.4000
5192,Price,0.4200,0.3000,0.4050,0.3850,0.3900,0.5050,0.3900,0.3300,0.4500,0.0000
8672,Price,0.2900,0.3500,0.3150,0.3750,0.6500,0.5100,0.5900,0.4800,0.3800,0.3100
5247,Price,0.5450,0.8200,1.7000,2.4100,3.0700,3.0000,0.0000,,,
0054,Price,0.1300,0.1750,0.2800,0.1800,0.2300,0.3450,0.1700,0.1700,0.1000,0.1100
7216,Price,1.3900,1.9100,2.9400,3.8000,3.5900,1.4000,1.3900,0.8700,1.0000,1.3300
3476,Price,4.7000,4.0800,4.6000,4.7300,5.3300,5.2600,6.8800,4.5600,3.9500,4.5000
7199,Price,0.5250,0.5000,0.7650,0.9300,0.4300,0.3800,0.3550,0.4500,0.4300,0.3900
0151,Price,1.2600,1.1200,0.8300,0.2850,0.2900,0.3400,0.4300,0.5300,0.4500,0.3300
7323,Price,0.5850,0.6300,0.9200,0.8500,1.0100,0.9950,1.5000,1.1500,1.0300,1.0000
6483,Price,0.4500,0.6000,0.5450,0.4400,0.5350,0.6000,0.6000,0.6100,0.6400,0.7100
7161,Price,1.3100,1.1500,4.0600,2.1700,1.6300,0.9900,0.7400,0.8200,0.5300,0.3700
7077,Price,0.1900,0.0950,0.1000,0.0950,0.1000,0.1100,0.0700,0.1000,0.0800,0.0500
9334,Price,7.6800,17.0000,15.7000,6.6600,4.2000,3.0200,1.8100,1.9000,2.1200,2.2400
0143,Price,0.0950,0.1350,0.1200,0.1400,0.1400,0.0550,0.1400,0.1100,0.1300,0.1400
6203,Price,0.5900,0.7350,0.7900,0.7500,0.6800,0.6150,0.4150,0.4000,0.5050,0.5600
7062,Price,1.5300,1.6900,2.0200,2.2000,2.2100,2.1000,2.4800,1.3900,1.4500,1.5000
6211,Price,0.2300,0.2200,0.3500,0.4100,0.7200,0.5300,0.3600,0.3400,0.1900,0.1600
5371,Price,1.0500,1.2400,1.4200,1.8300,2.2800,1.1800,1.2600,1.2500,1.2600,1.3400
5027,Price,1.2600,1.2500,4.1800,3.4300,3.0400,2.7600,2.5800,2.2100,2.5000,2.3800
5171,Price,1.2500,1.0800,2.2200,2.0800,1.3800,1.1900,1.8300,1.3900,1.3700,1.5600
5060,Price,0.0050,0.0050,0.0450,0.0700,0.1550,0.1550,0.3250,0.5000,0.8700,0.9100
5280,Price,0.8400,0.8000,0.9200,0.0000, - ,,,,,
9466,Price,1.4900,0.8750,0.9500,1.3300,1.6400,1.5000,2.6700,1.4400,1.7000,1.9000
5235SS,Price,7.9000,7.6600,8.6400,8.3000,7.0600,6.7100,5.8500,0.0000,,
2453,Price,3.2500,4.1100,3.2400,3.0000,3.1200,3.7000,3.1300,2.5000,2.6100,1.8800
7164,Price,0.3750,0.0750,0.2250,0.3400,0.5100,0.4900,0.4500,0.4600,0.9900,2.8400
5035,Price,0.6900,0.5000,0.9250,1.0400,1.4000,1.5300,1.8100,1.6500,1.6400,1.5100
6971,Price,1.5800,1.0000,1.0300,1.2300,1.1800,1.2000,0.6400,0.8400,0.7700,0.6100
7017,Price,0.3300,0.1750,0.3000,0.5450,0.5100,0.6600,0.5700,0.2600,0.2900,0.2700
4847,Price,0.0850,0.0550,0.1350,0.1300,0.2350,0.2850,0.1400,0.1200,0.1400,0.1400
7153,Price,4.1600,4.3400,8.1100,6.5900,9.3000,4.4700,4.3200,3.3600,3.2500,3.1600
0002,Price,1.7600,1.8200,2.0800,1.0400,1.1300,1.4000,0.6700,0.6000,0.4800,0.6200
5878,Price,0.9450,1.0400,0.9700,4.1800,4.2200,3.7000,3.8800,5.7400,4.7000,3.7200
9121,Price,0.4950,0.4800,0.5100,0.5100,0.5250,0.3950,0.4500,0.3700,0.3100,0.3000
1996,Price,0.4350,0.4100,0.5400,0.5450,0.4600,0.4500,3.7400,2.0100,2.3500,2.0700
5038,Price,0.7550,0.7100,1.0700,1.0100,1.3300,1.8700,2.2000,1.4400,1.3800,1.8200
2445,Price,23.0800,24.9600,24.5600,23.9800,21.7000,21.0800,22.6000,22.0600,21.1000,17.0000
6874,Price,0.3350,0.2350,0.3900,0.4000,0.2900,0.3800,0.4050,0.4100,0.6800,0.6700
2186,Price,1.6500,2.1500,1.2400,1.1700,1.3300,1.4600,1.1600,0.8700,1.0500,0.8100
6491,Price,1.6600,1.4900,1.9000,1.8500,1.9900,2.3300,1.8800,1.8700,1.6400,1.0500
7033,Price,0.9500,1.5100,1.1300,1.0700,1.1900,0.9400,0.9250,0.8800,0.7500,0.7600
9083,Price,0.1300,0.2000,0.2650,0.3300,0.2650,0.4450,1.6300,1.1700,1.2700,0.8900
5843,Price,0.7000,1.2100,1.3000,1.2000,1.1600,1.4600,1.9200,0.9100,0.9100,1.3500
7130,Price,0.8100,0.4500,0.9750,0.4300,0.4500,0.2500,0.2400,0.2000,0.2800,0.4450
6572,Price,0.7200,1.3200,1.6000,1.3200,1.7500,2.2400,1.9100,1.9900,2.2400,1.7600
8362,Price,0.2500,0.3000,0.4850,0.3000,0.4300,0.6000,0.9200,0.8900,1.4400,2.6000
3174,Price,0.1500,0.1750,0.3250,0.3450,0.5000,0.5000,0.4150,0.3400,0.4600,0.4800
1643,Price,0.4800,0.4550,0.7950,0.6900,1.0000,0.9800,1.0700,0.9600,1.0800,1.6900
7006,Price,3.7200,3.4400,5.2000,5.2800,5.8500,2.8900,0.9500,0.5800,0.8300,1.0900
9385,Price,0.4450,0.9600,0.9050,9.3700,3.3900,1.8200,1.1500,1.8000,1.6900,0.9000
9326,Price,0.5300,0.5900,0.7250,0.5300,0.5700,0.6700,0.3600,0.3800,0.4500,0.5600
8494,Price,0.5850,0.7200,1.0100,1.1800,1.3900,1.2100,1.3600,1.1500,0.6600,0.7100
5789,Price,0.4950,0.6400,2.3500,1.6700,1.4400,1.6300,1.5600,0.8400,0.7700,0.5800
9881,Price,0.3050,0.2500,0.5000,0.4000,0.1650,0.2750,0.3000,0.3200,0.3600,0.4500
9628,Price,0.9000,0.9050,1.4000,1.5100,1.5000,1.5000,1.3800,1.4500,1.3500,0.9900
8079,Price,0.6100,0.8500,0.3500,0.2800,0.2800,0.1650,0.1400,0.1200,0.1000,0.0700
5232,Price,0.4200,0.4850,0.9100,0.4650,0.4500,0.5050,0.4700,0.0000,,
6633,Price,0.8800,0.0000, - , - , - ,,,,,
8745,Price,0.1800,0.2350,0.3150,0.1200,0.1600,0.2400,0.1600,0.1400,0.1600,0.3300
7170,Price,0.2150,0.1000,0.1250,0.2200,0.2550,0.3000,0.2600,0.1400,0.0600,0.1000
3573,Price,0.2400,0.3000,0.3350,0.2500,0.2450,0.3200,0.3100,0.3200,0.3000,0.3100
7089,Price,3.0700,2.6000,3.6000,3.1900,2.6600,2.8000,1.6100,1.3000,0.8300,1.1500
6645,Price,4.2100,5.6900,6.0200,5.1000,3.7400,3.8400,4.3500,4.0700,3.5200,3.0500
4235,Price,0.5300,0.8600,1.2000,0.3200,0.3500,0.6400,0.9800,1.2200,1.8800,1.4100
8486,Price,0.4200,0.5250,0.5700,0.6100,0.6750,1.0400,1.2800,1.3600,1.6000,1.2600
7126,Price,0.1000,0.5500,0.7400,0.7300,0.7500,0.7900,0.8500,0.6550,0.7100,0.8600
5284,Price,2.4100,4.6200,4.7000,0.0000, - ,,,,,
8303,Price,0.1500,0.1100,0.1950,0.0500,0.1400,0.5350,0.3200,0.4100,0.5000,0.4200
8621,Price,15.1000,15.7400,18.1600,16.3800,16.0800,18.0600,17.4400,14.5400,13.5200,13.1800
7085,Price,1.1800,1.0000,1.2800,1.5900,5.7200,2.8500,1.8100,1.8600,1.8800,1.6300
5068,Price,0.0900,0.0750,0.1050,0.0500,0.0800,0.0850,0.0850,0.1000,0.0100,0.0350
5143,Price,0.4800,0.5200,0.7550,1.4700,1.6600,0.8200,1.2900,1.2500,1.0100,1.0500
9199,Price,2.4100,2.5000,3.9400,3.5000,3.7700,3.2500,3.0500,2.4200,1.6900,1.6000
1198,Price,0.7800,0.4950,0.7700,0.8850,0.9350,0.6500,0.6200,0.4400,0.4100,0.7300
7617,Price,0.8500,0.9350,1.2700,1.3300,1.0300,0.8400,1.1800,0.7500,0.8200,0.8600
7087,Price,4.6500,4.5100,4.9300,4.2300,3.1700,2.6900,1.6800,1.3100,1.3300,1.2000
3859,Price,2.5700,1.9500,1.7400,2.1700,2.5100,2.7300,3.1600,3.4900,2.6700,2.2100
8583,Price,0.7050,0.9150,1.4500,1.4300,1.4500,2.2600,2.2600,2.0700,2.1000,1.8400
8141,Price,0.3700,0.2150,0.3550,0.2600,0.3300,0.3100,0.5100,0.2800,0.2800,0.4300
5264,Price,0.8700,0.8000,0.9800,1.3700,1.6000,0.0000,,,,
1155,Price,8.6400,9.5000,9.8000,8.2000,8.4000,9.1700,9.9400,9.2000,8.5800,8.5000
3794,Price,1.8100,6.2000,7.1900,8.8800,9.7600,8.5700,9.6200,7.0000,7.6700,6.2500
3662,Price,0.6400,0.4800,1.9100,1.3500,1.3200,1.5500,1.5200,1.2800,3.6000,2.2300
3891,Price,0.2250,0.1750,0.1850,0.1650,0.3000,0.2050,0.2000,0.2300,0.2000,0.2100
5014,Price,7.6000,8.3800,8.7900,6.0600,5.6100,6.8000,9.0000,5.2100,5.8000,6.2800
1171,Price,0.8300,0.9200,1.0400,0.9000,1.4100,2.4300,2.2100,2.2600,1.8800,1.4900
5186,Price,0.8700,0.5450,0.8250,0.9150,1.0000,1.7800,3.5000,4.4000,5.6600,6.8300
6548,Price,0.0450,0.0450,0.1250,0.1400,0.1850,0.4800,0.3200,0.3100,0.4000,0.3500
5916,Price,0.8450,0.7000,3.3400,3.9300,2.4800,2.5500,2.7300,3.1400,3.9900,4.4700
5098,Price,0.4400,0.3850,1.7100,0.8300,0.3900,0.9300,1.0200,0.8400,1.1600,1.1500
5077,Price,0.5500,0.5600,0.8150,0.7050,0.8050,1.2100,1.7700,1.3300,1.5400,2.8200
3867,Price,9.2200,10.2400,13.4800,7.5000,6.6600,5.0800,2.5700,2.9900,4.5000,6.1800
1651,Price,0.7300,0.6150,1.1200,1.3300,1.2800,1.2200,1.2900,1.5500,2.1600,1.9900
4936,Price,0.7900,1.0000,1.3200,1.6000,1.8000,1.6300,1.6000,1.3000,1.4000,1.2500
6181,Price,0.5600,0.5000,1.3800,0.6450,0.8200,0.9850,0.8300,0.5300,0.5600,0.3800
1058,Price,2.4800,2.5000,3.3000,3.0200,2.9200,3.1400,3.5500,3.3500,3.1600,3.1000
3514,Price,0.1150,0.1200,0.1400,0.1500,0.1550,0.1600,0.1500,0.1400,0.1700,0.1400
5078,Price,0.0850,0.1050,0.1900,0.3400,0.3850,1.2000,0.3750,0.3800,0.2900,0.3700
7029,Price,2.5000,0.5750,0.6400,0.5100,0.6800,0.7300,0.5250,0.4500,0.3800,0.3700
5236,Price,1.8900,1.9900,2.5400,2.4800,2.7000,3.4100,0.0000,,,
6012,Price,5.3200,5.3500,6.0100,5.9800,6.8000,6.8500,7.2700,6.6500,5.4800,5.3000
7189,Price,1.6000,1.7200,2.0000,1.0200,0.8800,0.6750,0.3800,0.4000,0.5300,0.8000
5983,Price,3.8600,2.2000,2.2000,2.1400,2.4000,2.9000,3.2100,3.2100,2.4500,2.5700
7004,Price,0.6250,0.7550,0.8000,0.7550,1.0900,1.5600,1.8000,1.2200,0.6900,0.5500
5182,Price,0.3100,0.7450,0.8000,0.8100,0.9200,1.1900,1.2500,0.6300,0.7150,1.1500
5090,Price,0.2200,0.3650,0.6450,0.7150,0.6800,0.9100,1.1800,1.0200,1.1300,0.8600
4502,Price,0.2800,0.3450,0.7600,1.1500,1.2700,1.7600,2.6200,2.3400,2.6000,2.6000
3069,Price,5.1100,3.1000,3.6700,2.1500,2.4900,2.4000,2.1800,1.6000,1.6900,1.7700
5129,Price,0.4350,0.6200,0.8300,0.7650,0.9800,1.3900,1.0100,0.6200,0.7500,0.6800
3778,Price,0.1200,0.1850,0.3150,0.3350,0.2350,0.2200,0.2500,0.3300,0.7700,0.6700
1694,Price,0.3300,0.4400,0.9300,0.9000,0.7950,1.2800,0.3500,0.2500,0.2200,0.2500
5223,Price,0.5000,0.4600,0.6600,0.5000,0.6100,0.7400,0.8500,0.7000,0.7200,0.6200
8192,Price,0.7600,0.9000,1.9600,1.2700,1.2100,1.2300,1.2700,1.0500,0.8300,0.8000
5040,Price,0.0650,0.2950,0.4700,0.5000,0.5500,0.6050,0.8000,0.7000,0.4900,0.2900
7234,Price,0.2800,0.2900,0.3900,0.6500,0.7400,0.7900,0.8300,0.4800,0.3500,0.3300
5011,Price,1.2300,1.1500,1.2300,1.0500,1.0700,1.7200,2.1400,2.0600,2.0200,1.9500
6149,Price,1.4000,1.5400,1.7500,1.6800,1.8900,1.9200,1.8300,1.7600,2.0700,3.7500
0043,Price,0.0750,0.0400,0.0550,0.0500,0.0550,0.0700,0.0850,0.0750,0.0850,0.0950
7595,Price,0.6500,0.7000,1.7700,0.8350,0.4500,0.4400,0.0200,0.0200,0.0800,0.0800
5026,Price,0.7450,0.6600,0.8900,0.9150,0.9000,0.9500,1.0600,1.0800,0.9200,0.8400
5286,Price,1.9100,2.2400,0.0000, - , - ,,,,,
5001,Price,0.2850,0.2500,0.7750,1.4000,1.0600,0.3750,0.3300,0.4400,0.4300,0.5700
7935,Price,0.8500,0.6350,0.8200,0.9200,0.9300,1.1300,1.1500,1.0200,1.1800,1.3000
5166,Price,0.0600,0.0550,0.2050,0.1900,0.3500,0.6850,0.3600,0.5900,1.2000,2.0700
7219,Price,0.0550,0.1050,0.1350,0.0900,0.0850,0.1750,0.1100,0.1400,0.1900,0.1400
5576,Price,0.3300,0.2750,0.4800,0.5500,1.4800,0.8100,0.7100,0.5000,0.4500,0.4300
5886,Price,0.8000,0.9900,1.0000,1.2500,1.1800,1.4000,1.4600,1.5000,1.1900,1.0500
3816,Price,8.3500,6.7000,7.4200,7.3500,9.3700,7.2200,5.7000,4.3000,8.3600,8.1000
9571,Price,0.2850,0.2800,0.9700,1.2600,1.2000,0.9800,0.5050,0.4300,0.4700,0.5500
8893,Price,0.1800,0.2300,0.2750,0.3200,0.3800,0.4700,0.3500,0.3000,0.2900,0.3700
6114,Price,1.1800,1.2600,2.1900,2.9300,2.2700,3.7000,2.6300,2.2300,1.2200,1.0400
2194,Price,0.9850,0.8300,2.0500,2.3300,1.9600,2.3900,2.8800,2.6300,2.7700,2.7800
0113,Price,0.7150,0.6900,1.7400,0.5350,0.5950,0.5250,0.2050,0.0900,0.1200,0.1000
6459,Price,1.0300,2.6400,2.4300,2.8600,3.5800,3.7200,2.9400,2.6200,2.6300,3.0400
5237,Price,1.0500,1.1000,1.2200,1.2500,1.5900,2.0400,1.6800,0.0000,,
5123,Price,1.0000,1.0600,1.2500,1.2000,1.0800,1.1700,1.1800,1.2300,1.0800,1.1100
0041,Price,0.2400,0.2750,0.2450,0.3000,0.2950,0.3050,0.3000,0.3350,0.4200,0.4000
5202,Price,0.8800,2.6000,4.1000,5.0500,4.9600,4.9500,5.0000,4.7500,4.8800,0.0000
5924,Price,0.1700,0.2300,0.3700,0.2700,0.3000,0.4500,0.3000,0.4300,0.5300,0.4800
5152,Price,1.3800,1.0100,1.2500,1.0100,0.8000,0.7850,1.0500,0.9400,0.6200,0.6200
3883,Price,1.4100,1.7900,1.3300,1.4500,2.1500,1.3000,0.9150,0.7400,0.8800,0.8500
5085,Price,0.3850,0.2900,0.9300,0.9100,1.1800,1.4500,2.9000,2.6200,2.1900,3.2000
5703,Price,2.4600,2.7900,2.8400,2.2300,2.2100,1.8700,2.2800,0.8200,1.1300,1.5000
3913,Price,0.2050,0.2600,0.2900,0.3150,0.3200,0.1750,0.1400,0.1300,0.1500,0.1500
3905,Price,1.8900,1.7500,2.5900,0.2250,0.2600,0.3700,0.4100,0.3900,0.4000,0.5300
9539,Price,0.5300,0.4500,0.6600,0.7700,0.8500,1.3000,1.3500,0.3600,0.2600,0.3300
0138,Price,1.1000,0.9750,1.7500,2.0500,2.1900,1.9700,2.7800,3.0400,1.5500,0.5800
5087,Price,0.3000,0.3850,0.8200,0.4750,0.2850,0.3800,0.2750,0.3100,0.5800,0.5000
5275,Price,1.3300,1.4500,2.4200,1.7100,0.0000,,,,,
5073,Price,1.0700,0.4450,1.4200,1.9000,2.4600,2.9800,3.6500,1.7600,1.6400,3.3700
9806,Price,0.3000,0.4300,0.7000,0.7050,0.7300,0.5600,0.5000,0.6300,0.8500,0.7600
2038,Price,3.6000,3.1500,3.8000,4.0200,3.9800,5.0000,5.6000,5.6200,5.5500,5.2500
4707,Price,147.0000,147.4000,103.2000,78.2000,73.4000,68.5000,68.0000,62.8400,56.2000,43.3400
7060,Price,2.6900,2.7000,3.3800,3.2400,2.8000,2.5500,2.8800,2.3400,2.3000,2.3000
7241,Price,0.4000,0.3850,0.4300,0.3500,0.3950,0.4100,0.5800,1.9000,0.7800,0.7900
7215,Price,0.1500,0.2500,0.2300,0.2800,0.3000,0.3350,0.1650,0.1400,0.1200,0.1900
7139,Price,0.0500,0.0400,0.1000,0.0950,0.1250,0.1250,0.1200,0.2300,0.2700,0.8500
0083,Price,0.5350,0.7250,1.0100,0.3600,0.3850,0.5550,0.7750,1.1200,1.0300,0.9500
5047,Price,1.9000,1.8300,1.9500,2.2500,2.6000,2.7000,2.2500,2.0600,2.1100,2.3100
5066,Price,0.4550,0.5450,0.8500,0.9600,0.7200,0.8650,0.4750,0.4900,0.5500,0.5800
5025,Price,0.0800,0.1100,0.1550,0.3500,0.1200,0.1200,0.1250,0.1600,0.1200,0.1800
4944,Price,0.6400,0.6300,0.9550,0.5400,0.5550,0.6400,0.5450,0.5400,0.6100,0.7000
5533,Price,0.3850,0.4800,0.6200,0.6600,0.9050,0.6850,0.6400,0.6000,0.5500,0.5200
0049,Price,0.4350,0.5550,0.6950,0.3950,0.4350,0.2900,0.1550,0.1100,0.0900,0.0700
0172,Price,0.5850,0.4250,0.9000,0.7600,0.6750,0.8000,0.8000,0.4900,0.0000,
7071,Price,0.2600,0.2900,0.5550,0.5700,0.4050,0.5600,0.2550,0.2200,0.2000,0.4400
7140,Price,0.6700,1.4000,1.4600,0.9950,0.9600,1.6100,0.5800,0.5100,0.5400,0.6200
3018,Price,0.1100,0.0950,0.1200,0.0750,0.1250,0.1350,0.1800,0.1350,0.1900,0.3100
9008,Price,0.4000,0.4550,0.5400,0.4800,0.5050,0.8000,0.6550,0.8500,1.0600,1.1600
5260,Price,0.5000,0.8750,1.7500,2.1200,2.6900,0.0000,,,,
7107,Price,0.7700,0.9550,1.5600,2.2900,4.1900,2.4600,1.7000,1.5200,1.6100,1.5300
4006,Price,6.5500,6.1700,6.5500,6.8000,6.9500,7.0900,8.4900,8.7000,5.3600,5.5900
5827,Price,2.0000,2.1500,2.5900,2.5300,2.7200,2.5900,1.4400,1.2500,1.2500,1.3600
5065,Price,1.0400,0.8900,1.3400,0.9400,1.0200,1.0000,0.8000,0.6300,0.4800,0.4100
5053,Price,1.0400,0.8700,1.0700,1.4000,1.6300,2.0300,1.6500,1.4400,1.7400,1.9200
7225,Price,0.0500,0.0550,0.0700,0.0850,0.0650,0.1350,0.1150,0.1400,0.3400,0.5100
7095,Price,1.4500,1.4900,1.9500,1.6800,10.7000,5.8800,6.9600,4.3200,3.9200,3.9500
6009,Price,0.9800,1.0500,1.2700,1.3200,1.3700,1.4000,1.3900,1.1500,0.7100,1.0800
7052,Price,3.6200,5.9700,3.5200,2.3700,1.3300,1.9700,1.8900,1.8400,1.0600,0.7600
4081,Price,0.1400,0.1500,0.1900,0.1650,0.3350,0.2200,0.1000,0.0900,0.1200,0.1300
1287,Price,0.0800,0.1250,0.1600,0.2700,0.4850,0.0700,0.0500,0.0500,0.0600,0.0800
3719,Price,37.7000,34.6000,34.9000,29.6800,23.2000,21.9400,21.7800,22.0000,21.5000,14.6000
8419,Price,0.8000,1.1700,0.4150,0.4300,0.4350,0.4950,0.3550,0.4700,0.5500,0.1800
5125,Price,0.5400,0.6000,0.4700,0.5900,0.7700,0.9050,0.7200,0.5100,0.6200,0.7800
5022,Price,0.3500,0.3900,0.5600,0.7000,0.6350,0.6700,0.6050,0.6000,0.7000,0.8700
3611,Price,1.0000,1.3500,1.3900,1.4000,1.5300,1.4000,1.2000,1.1000,1.0500,1.1800
9407,Price,0.2300,0.2400,0.4000,0.4050,0.3350,0.2450,0.2200,0.2100,0.2400,0.2100
1724,Price,1.2200,2.0400,1.7700,1.3900,1.6800,1.5400,1.5200,1.5000,1.5400,1.6100
5657,Price,0.2600,0.5800,0.5700,0.8100,1.5500,2.5800,3.9000,4.5800,6.0200,5.4000
6912,Price,0.3450,0.3600,0.5800,0.5350,0.3100,0.3850,0.4100,0.3100,0.4000,0.4100
5212,Price,1.7400,1.6400,1.6100,1.9000,1.5500,1.4600,1.2800,1.3900,1.0900,0.0000
5041,Price,1.1200,1.0600,1.2000,1.1500,1.3000,1.2900,0.9900,0.9100,0.9400,0.8900
6068,Price,0.4450,0.2400,0.4900,0.5400,0.5050,0.4850,0.4100,0.4800,0.4800,0.6400
6254,Price,0.0300,0.0300,0.1350,0.0700,0.0600,0.0700,0.1050,0.1500,0.0750,0.0900
5271,Price,1.1600,0.8700,1.6100,1.6000,0.0000,,,,,
4464,Price,0.0100,0.0200,0.0650,0.0800,0.0900,0.1050,0.1100,0.1600,0.0600,0.0400
7190,Price,0.3400,0.3800,0.5800,0.5600,0.4750,0.6400,0.5050,0.4100,0.3700,0.4400
5231,Price,0.3400,0.3450,0.8600,0.9000,1.0400,0.9850,0.6200,0.7100,0.7600,1.2200
9997,Price,0.3900,0.5650,0.6400,0.6300,0.4150,0.4300,0.5200,0.4900,0.6100,0.4100
7160,Price,4.5400,2.7500,3.0300,1.3500,0.7200,0.3750,0.2150,0.2000,0.2500,0.2700
0186,Price,0.2350,0.2350,0.2800,0.1600,0.0000,,,,,
7108,Price,0.3950,0.2150,0.3250,1.5400,1.5400,1.1100,1.5900,1.0800,0.7900,1.0600
7080,Price,0.3400,0.2550,0.1400,0.1600,0.2500,0.2950,0.4200,0.3000,0.3700,0.4400
8311,Price,0.2200,0.1900,0.4500,0.6050,0.4000,0.8800,0.4750,0.2500,0.0600,0.0500
5219,Price,1.1100,1.5500,1.6200,6.7000,4.9200,3.0500,1.0600,0.0000,,
5133,Price,1.3600,0.4050,0.8250,0.9500,1.2600,1.7300,2.1500,1.5700,1.1400,1.5500
3042,Price,5.0200,6.2700,13.5400,4.1500,5.0000,2.5900,3.0000,2.8800,3.5400,2.7400
5183,Price,7.3500,9.2900,7.7000,6.9800,7.2700,5.4500,6.9200,6.4000,6.2000,7.2400
5681,Price,23.1000,26.5000,24.2600,23.8000,24.8600,17.1200,31.4400,23.5000,17.8000,16.5000
6033,Price,16.6200,19.2000,17.4800,21.3000,22.7000,22.1600,24.2800,19.5200,15.2000,11.4400
7081,Price,2.0600,2.7800,4.6000,5.3000,6.3600,4.5800,4.4500,8.1000,5.3600,5.3100
5622,Price,0.8050,0.7400,2.3500,1.5300,1.6400,1.1200,1.2600,1.4100,0.0800,0.0800
1902,Price,0.3100,0.1550,0.2400,0.2200,0.2900,0.4300,0.3350,0.4300,0.4100,0.3600
9598,Price,2.4300,2.6100,4.1000,3.4600,3.7700,4.4000,4.8200,2.6900,2.3500,1.6700
7163,Price,0.1900,0.1500,0.2700,0.2850,0.2900,0.2650,0.2000,0.3100,0.2100,0.2100
7055,Price,1.1400,1.6800,2.0400,1.2300,1.3900,1.6000,1.1700,1.0700,0.8650,0.8800
5075,Price,1.4200,1.5000,1.7300,1.6400,2.0400,2.7900,2.1400,1.8600,2.0900,1.5000
9695,Price,0.9700,0.8500,1.0700,1.0300,0.9800,1.4800,1.2300,1.1000,1.4600,1.3400
7172,Price,3.1500,3.5700,4.2500,1.5400,1.0000,0.9450,0.6700,0.5600,0.4700,0.7800
6637,Price,0.5200,0.5200,0.5150,0.5050,1.0500,1.0300,0.2900,0.2900,0.2250,0.3000
7088,Price,1.5100,1.4600,2.0100,1.5700,1.4900,1.3300,0.7350,0.4000,0.4150,0.4600
5080,Price,0.5050,0.5100,0.5000,0.5000,0.4700,0.4800,0.4700,0.4800,0.4400,0.4000
8117,Price,0.4400,0.5350,0.3100,0.3750,0.3750,0.4300,0.3700,0.3500,0.3600,0.3650
4634,Price,1.4800,1.8300,1.7200,3.5300,4.5800,2.7000,5.2900,4.7700,4.2400,2.7300
7237,Price,1.2700,1.4100,2.3300,2.1500,1.6600,1.8300,1.4700,0.5200,0.5600,0.5100
4065,Price,18.8400,17.5800,17.2400,15.8600,15.9000,14.3000,16.1400,11.6000,17.1600,17.2600
8869,Price,4.6500,4.8300,5.3900,1.5900,2.0900,2.5900,2.3200,1.9100,1.7600,2.6200
9873,Price,0.4350,0.5200,1.0400,0.8700,0.4800,0.4500,0.4600,0.2800,0.3400,0.4700
5204,Price,0.4100,1.0800,1.5200,2.0600,2.9700,1.4400,2.8800,1.1100,0.7250,0.0000
7168,Price,0.6000,0.7650,0.9600,0.7400,0.9300,0.6500,0.8800,0.3700,0.3700,0.4000
7123,Price,0.0600,0.2400,0.2450,0.1000,0.1600,0.2200,0.2150,0.3500,0.5000,0.4400
7201,Price,0.1200,0.1200,0.1300,0.1400,0.1900,0.2050,0.1700,0.1600,0.2200,0.2800
8966,Price,0.4550,0.7000,1.2800,1.4800,2.5900,1.5200,1.9400,0.8100,0.3400,0.4100
5070,Price,0.3950,0.2150,1.0500,1.1300,1.6100,1.4200,1.3800,0.9900,0.8900,1.0900
5436,Price,4.9100,3.5300,7.5500,5.6600,4.2900,4.5000,3.0900,3.6100,4.7500,3.9800
1295,Price,19.4400,24.7600,20.7800,19.7200,18.5200,18.3000,19.4000,16.2800,13.3800,13.0200
8273,Price,1.0800,0.5000,0.6700,0.9300,0.9550,0.6100,0.6600,0.3800,0.3800,0.3800
6807,Price,0.3200,0.3500,0.6200,0.8950,1.4600,2.9600,3.2500,1.1800,0.9600,2.3000
7134,Price,0.7050,0.7450,1.0100,0.7250,1.2500,1.4800,0.8400,0.4200,0.4900,0.5100
7084,Price,6.8800,5.0900,4.5600,4.3500,3.9200,3.2400,3.0200,3.2500,3.1000,1.7300
7544,Price,0.8300,0.9700,1.2000,1.5200,1.4000,1.4500,1.3600,1.3100,1.3500,1.0500
7498,Price,0.2800,0.2150,0.5300,0.6600,0.8600,0.7500,0.4500,0.5000,0.5500,0.7600
5272,Price,1.0700,1.2000,0.8000,0.0000, - ,,,,,
7765,Price,5.9300,5.8000,5.7000,5.7800,5.9800,6.1300,3.8000,2.8200,1.9800,1.5300
9296,Price,1.6300,1.2300,1.7800,0.2850,0.3150,0.2800,0.2700,0.3200,0.3600,0.4400
5256,Price,0.1650,0.2950,0.4100,0.6400,0.6350,0.0000,0.0000,,,
5270,Price,0.4800,0.4550,0.4150,0.0000, - ,,,,,
7232,Price,0.3100,0.3050,0.4100,0.4000,0.2650,0.2750,0.2350,0.3100,0.2900,0.3000
9946,Price,0.3900,0.4800,2.2700,1.5300,1.5100,0.8000,0.7500,0.4900,0.6900,0.6600
0037,Price,0.1750,0.1900,0.2800,0.2800,0.1800,0.1350,0.1100,0.0900,0.0800,0.0600
9954,Price,0.1550,0.1350,0.1100,0.1550,0.4600,1.1500,0.6000,0.3800,0.3000,0.3100
1066,Price,5.7800,5.2900,5.0000,4.7100,5.6700,7.6200,7.9000,7.6900,7.4800,8.7200
5278,Price,0.6650,0.8350,0.9650,0.9850,0.0000,,,,,
5113,Price,0.4300,0.1550,0.3850,0.5050,0.5200,0.5450,0.7850,0.8500,0.9300,1.0200
2542,Price,2.9500,3.1000,3.8500,3.7100,3.5000,3.8000,4.2600,3.1000,3.0000,3.1200
9741,Price,0.6400,0.6800,1.5000,1.0800,1.4500,5.1600,2.9700,3.1800,3.4700,2.5500
7803,Price,0.5400,0.4500,0.6750,0.7650,0.8850,0.5850,0.7700,0.7000,0.6900,0.8200
8567,Price,0.2450,0.2350,0.4400,0.5550,0.6200,0.6400,0.6600,0.4300,0.5100,0.6900
0183,Price,0.3000,0.5800,1.5500,1.0200,0.0000,,,,,
9822,Price,7.7900,6.3000,6.1800,6.3900,2.9500,3.3000,2.2800,2.0700,2.0700,2.0700
5147,Price,0.6650,0.6700,1.0300,1.4300,0.8650,0.6500,0.6450,0.6200,0.7000,0.7300
7943,Price,0.3500,0.2700,0.2700,0.2500,0.1700,0.2100,0.1400,0.1600,0.1800,0.1200
5218,Price,0.2650,0.7550,1.7200,1.8800,2.6700,4.3900,2.9200,0.0000,,
7811,Price,0.6900,0.7000,0.8900,0.9000,0.9350,1.3500,1.2700,1.4300,1.1000,0.5200
4596,Price,0.6500,0.8650,0.9300,1.3600,0.9300,0.9450,0.6600,0.9200,1.2200,0.4400
5170,Price,0.3350,0.3200,0.7100,1.0400,1.7200,1.3900,1.5700,1.6400,1.9700,1.2100
9237,Price,1.9000,0.4800,0.5200,0.5900,0.8100,0.8300,0.4650,0.3000,0.3400,0.3800
5126,Price,4.1000,2.1000,3.9000,3.6800,4.3800,5.1600,6.5100,5.7600,3.8700,2.8300
5135,Price,2.1000,1.7000,1.8000,1.8500,2.1200,2.3400,2.5700,2.7000,2.3000,2.6000
5252,Price,0.1700,0.3100,0.8050,1.0300,2.2500,1.3600,0.0000,,,
5157,Price,0.2900,0.3700,0.4200,0.3050,0.2850,0.5000,0.3750,0.2450,0.2200,0.2600
5207,Price,0.4800,0.4950,0.7400,0.7100,0.8950,1.8000,1.0700,0.9100,0.6200,0.5200
7239,Price,0.1450,0.2500,0.2900,0.2950,0.4250,0.4400,0.3450,0.3400,0.4500,0.3600
7247,Price,0.9900,1.5000,4.0500,2.9600,2.7200,1.4700,0.5500,0.7700,0.5000,0.5100
0099,Price,0.8200,1.9900,2.3000,2.2700,2.0400,1.0800,0.4800,0.3600,0.3900,0.4900
4731,Price,8.4200,7.9000,8.6600,12.7000,7.1000,5.6900,5.2900,2.4000,2.5800,1.5500
7045,Price,0.1000,0.0800,0.1050,0.2200,0.2100,0.5200,1.0100,0.4000,0.3600,0.5700
7073,Price,0.1900,0.8950,0.8350,1.0600,0.8600,0.9600,0.6500,0.6000,0.8900,0.3500
4286,Price,0.3050,0.4150,0.5250,0.4450,0.5600,1.2900,0.5150,0.4900,0.4700,0.4000
5145,Price,0.4450,0.1050,0.1300,0.1600,0.2600,0.3450,0.3900,0.3600,0.4300,0.6300
7053,Price,0.9100,1.3000,1.0500,1.1200,0.9100,0.7100,0.5800,0.8100,0.9000,0.9800
9792,Price,0.6350,0.6450,0.6850,1.1500,1.3800,1.4700,1.5000,1.8500,1.8000,1.1100
2224,Price,0.6600,0.8100,0.9500,0.9350,1.0000,1.0000,0.8150,0.7000,0.8200,0.5500
9431,Price,0.5500,0.8600,0.6200,0.6600,0.7300,0.8500,0.8800,0.8200,0.6500,0.5300
5213,Price,0.2050,0.5150,0.8000,0.8100,0.9550,1.5300,0.6250,0.7500,0.0000,
5279,Price,2.2000,3.7800,3.2400,0.0000,0.0000,,,,,
5163,Price,0.4450,0.3400,0.7000,0.3200,0.4300,0.5000,0.6000,0.4500,0.4100,0.6200
7180,Price,0.4950,0.6000,1.3400,1.0400,0.5250,0.3200,0.1950,0.2100,0.2300,0.3100
5517,Price,5.0200,5.6200,5.0700,5.2400,5.8000,7.5000,6.7600,4.1000,2.4300,2.6700
7412,Price,0.4350,0.6800,1.5400,2.2400,1.2000,0.9600,0.3200,0.3300,0.3000,0.1900
5173,Price,0.3000,0.3300,0.2750,0.3300,0.4100,0.5150,0.4300,0.4100,0.6300,1.1100
6017,Price,2.4000,2.5200,2.8400,2.9300,3.1400,2.1500,1.3200,1.2900,1.5300,1.2300
5181,Price,0.4050,0.8100,1.0800,0.4150,0.5350,0.4600,0.6000,0.6500,0.7100,1.0200
7246,Price,0.4400,0.5500,0.9100,0.9800,2.6100,1.5000,0.7350,0.6800,0.7900,1.6100
4197,Price,2.2600,2.4500,9.5000,7.5900,8.5200,9.6700,9.5800,9.8900,9.2300,8.0000
5285,Price,5.4500,4.7600,5.3300,6.0000,0.0000,,,,,
5288,Price,0.9150,0.9950,1.2000,1.7800,0.0000,,,,,
4316,Price,0.3800,0.4450,0.6000,0.5500,0.6000,0.7600,0.8800,0.8900,0.5600,0.4800
9776,Price,0.1650,0.1150,0.5450,0.6750,0.6500,0.6000,0.6350,0.6000,0.8800,0.5600
2739,Price,0.1300,0.1500,0.3900,0.0250,0.0600,0.1100,0.1350,0.1400,0.2500,0.3400
8532,Price,0.2000,0.2550,0.6850,0.1100,0.0500,0.0600,0.0600,0.0600,0.0900,0.1200
7115,Price,0.5700,0.5200,0.8550,0.6200,0.6200,0.6000,0.5000,0.5300,0.3700,0.5100
7155,Price,1.3400,1.5800,1.2700,1.2900,0.8450,0.3250,0.3150,0.3300,0.1800,0.1200
7248,Price,1.1600,1.1600,1.8200,2.1900,1.9000,0.5900,0.4300,0.3800,0.3800,0.5000
7132,Price,0.3600,0.5200,0.5100,0.6300,0.7400,0.6800,0.7000,0.4300,0.5000,0.9000
5242,Price,0.2900,0.3500,1.2300,1.3300,1.4900,0.8500,0.0000,,,
4375,Price,0.1500,0.1400,0.2000,0.1500,0.1600,0.1500,0.1800,0.1800,0.2000,0.2500
5134,Price,3.8100,3.9000,4.1300,3.8800,3.8600,3.9800,2.6200,2.3900,2.4700,1.2600
5665,Price,0.9150,1.5600,1.6900,0.9800,0.9500,1.4200,1.7500,1.8000,2.1200,1.8200
8664,Price,1.6000,2.3300,4.0000,3.1300,3.2000,3.3000,3.0700,3.6100,3.8400,3.4600
7103,Price,2.2500,2.1000,2.3500,2.4400,2.5700,2.1300,1.9300,1.8000,1.4200,0.8300
6084,Price,0.4850,0.6850,1.6500,2.2400,2.3400,2.3100,2.2300,2.5800,3.1500,3.3100
5006,Price,1.5300,0.2850,0.3200,0.3750,0.3500,0.3850,0.4050,0.2900,0.3350,0.4200
6904,Price,0.5400,0.8900,1.3700,1.4500,1.7200,2.3000,1.9300,2.3500,2.5500,2.1500
7207,Price,0.9550,0.8300,3.6100,2.2600,1.3800,1.6900,1.4000,1.0100,0.8700,1.0900
1201,Price,0.0100,0.0500,0.0750,0.1250,0.2050,0.2750,0.1900,0.2200,0.2800,0.3100
2569,Price,2.8100,3.3000,2.9800,2.9500,3.1200,3.6500,3.0500,2.8400,3.0800,2.4100
3743,Price,0.6650,0.9000,1.4500,0.9100,0.7900,1.2800,0.5000,0.5000,0.5000,0.5000
5211,Price,1.8000,1.4700,1.6300,3.0300,3.0800,3.2900,2.7200,2.3800,2.5500,2.2400
5263,Price,1.9100,1.3300,2.5100,1.7000,1.4000,0.0000,,,,
5176,Price,1.8700,1.7700,1.7800,1.6600,1.5400,1.4400,1.5400,1.3600,1.1100,0.0000
7235,Price,1.0600,1.2000,3.4000,1.9700,1.2200,0.6400,0.3500,0.4200,0.4200,0.4300
7106,Price,1.6700,4.1700,1.9900,2.1500,1.6800,2.7700,1.9300,1.9100,1.9900,2.3600
6521,Price,1.2700,1.6500,1.8500,1.9900,2.3400,2.3600,2.6500,1.5100,1.5800,1.9000
7186,Price,0.6250,0.6600,0.7900,1.0600,1.3000,0.7600,0.8450,0.2400,0.2200,0.1900
6139,Price,5.7000,3.8000,3.7600,4.1400,3.9000,11.2800,10.3000,5.4400,1.8400,1.3500
9717,Price,0.2250,0.2350,0.2450,0.3350,0.4100,0.3250,0.2800,0.1800,0.2000,0.1200
7082,Price,0.1950,0.3000,0.5000,0.5600,0.5200,1.1800,0.6000,0.4500,0.3200,0.2900
1538,Price,0.4200,0.8000,0.8650,0.7200,0.8000,0.9650,0.9150,0.7600,1.1100,0.6500
7228,Price,0.4550,0.3200,0.4100,0.3300,0.3400,0.3600,0.6300,0.4000,0.7600,1.5700
5012,Price,3.5000,2.7000,3.6600,3.9500,5.0200,3.8800,4.1700,3.5000,4.5000,3.3300
4898,Price,0.5950,0.6300,0.6050,0.4500,0.5950,0.7450,0.7450,0.5050,0.6100,0.8000
5158,Price,0.2550,0.2500,0.3550,0.2450,0.2700,0.3100,0.2950,0.2350,0.3100,0.4500
7097,Price,0.5150,0.5050,1.1700,0.3500,0.2600,0.3900,0.3200,0.2600,0.2600,0.3500
4022,Price,0.3000,0.2000,0.3000,0.3850,0.3200,0.3350,0.3700,0.3100,0.8000,0.2300
7211,Price,0.3300,0.3100,0.4000,0.3700,0.3900,0.4150,0.2850,0.2400,0.2400,0.3200
2259,Price,0.0300,0.0250,0.0400,0.0400,0.0550,0.0800,0.0650,0.0450,0.0600,0.1000
8524,Price,0.8900,0.7900,1.1000,1.4400,1.4800,1.9500,1.1800,0.8100,1.0000,1.2700
5191,Price,0.7200,0.7550,1.0200,1.3900,1.4100,1.6200,1.5100,0.7500,0.6200,0.0000
4405,Price,1.3300,1.3500,1.4100,1.7800,2.5900,3.2800,6.1900,4.6300,4.0800,5.1800
2429,Price,0.0450,0.1200,0.1050,0.0700,0.1350,0.1650,0.1850,0.1900,0.2600,0.1000
5149,Price,0.2350,0.2750,0.3400,0.3700,0.6300,1.3500,0.5000,0.3600,0.4000,0.5000
5140,Price,1.6600,1.6700,2.1600,1.5900,3.5300,2.5000,2.0000,2.0500,1.6200,1.4000
4448,Price,5.4600,4.2000,12.0800,12.7200,14.5800,15.6600,14.8800,12.8800,7.8000,7.1600
2054,Price,0.4200,0.1650,0.4500,0.6800,0.6950,0.8300,0.9500,3.3600,3.7600,3.1800
5289,Price,0.7850,0.0000, - , - , - ,,,,,
7439,Price,1.3600,0.8200,1.3100,2.1500,1.7500,0.8500,0.8000,0.6400,0.6800,0.5500
7200,Price,0.2800,0.2400,0.3950,0.6850,1.0500,0.8600,0.2900,0.3200,0.3500,0.3700
4863,Price,3.8200,2.6600,6.3000,5.9500,6.7800,6.8800,5.5500,6.0400,4.9600,3.5100
5347,Price,13.2600,13.6000,15.2600,14.2800,14.7400,11.1800,12.3800,8.7300,6.8400,5.2500
9369,Price,1.0000,0.9700,1.4000,1.3000,1.3800,1.5400,1.5000,1.5000,1.5000,1.1500
7252,Price,1.2900,0.9650,1.0000,1.1500,1.5100,1.8200,0.6300,0.5300,0.5300,0.4400
8702,Price,0.4850,0.7200,0.9350,1.4600,1.8200,0.9850,0.8400,0.5100,0.6000,0.8400
7206,Price,0.0900,0.0300,0.1050,0.1350,0.1700,0.3000,0.8800,0.5200,0.3400,0.4600
5112,Price,0.6500,0.4650,1.1500,1.1000,1.1600,1.7000,1.8800,1.9900,2.1200,2.0800
9075,Price,0.4300,0.2650,0.4600,0.2900,0.2850,0.3300,0.3900,0.3000,0.5100,0.9000
7034,Price,3.3700,2.2000,4.2300,4.2300,3.1500,1.8700,2.1100,1.3400,1.1500,0.9600
0012,Price,0.7350,0.7050,1.0000,1.3100,1.0500,0.8750,0.8400,1.0900,1.1200,1.5900
7889,Price,0.1850,0.1900,0.2150,0.1700,0.3950,0.3900,0.4500,0.4000,0.4100,0.4900
7374,Price,1.1100,1.1200,1.5400,1.7600,2.5700,1.8600,2.6800,2.0000,1.7900,1.6800
7079,Price,0.0550,0.1000,0.0650,0.0500,0.1050,0.1400,0.3100,0.3100,0.1200,0.1400
7854,Price,0.5400,0.6500,0.6200,0.6400,0.7500,0.7500,0.6000,0.8000,0.8500,0.5100
5031,Price,9.2200,8.1000,9.1000,7.8000,7.6000,4.8800,3.5500,3.9500,3.6200,3.9700
8397,Price,0.6050,1.0300,1.7000,1.2400,1.1300,1.2800,2.3400,1.0800,0.8650,0.9100
5239,Price,0.3000,0.3850,1.6300,1.4400,1.9900,2.4400,0.0000,,,
0101,Price,0.6750,0.7450,0.7550,0.9200,0.5200,0.6950,0.3900,0.3850,0.3000,0.4700
7230,Price,0.4450,0.5100,0.7150,0.4000,0.5300,0.5800,0.6900,0.7000,0.7500,0.7100
7285,Price,0.5000,0.5700,0.9750,1.6400,2.7100,1.2800,1.4100,1.2000,1.0000,1.0500
5010,Price,2.2800,3.5500,4.0200,2.0400,2.0200,2.0200,1.7400,1.7700,1.9600,2.6000
7113,Price,4.7500,11.1400,5.6100,4.2500,7.7200,4.7900,6.1400,5.2900,4.8600,6.0700
5111,Price,0.8800,0.9800,1.2200,1.1700,1.2300,1.2700,1.5000,1.4600,1.2900,1.2400
7173,Price,0.6200,0.7200,0.7800,0.6300,0.6200,0.6800,0.8500,1.5800,1.6800,1.8100
7176,Price,0.3050,0.3350,0.3850,0.4950,0.3750,0.4050,0.3550,0.2900,0.2900,0.2500
7218,Price,0.5400,0.8700,0.5800,0.4100,0.3650,0.4400,0.3200,0.2100,0.4500,0.6350
5054,Price,0.4400,0.5400,0.6300,0.3800,0.3700,0.3800,0.5300,0.5700,0.6300,0.5700
0118,Price,0.0150,0.0250,0.0450,0.1050,0.0900,0.0400,0.0750,0.0500,0.0450,0.1900
5401,Price,0.9350,0.8900,0.9150,1.0000,1.0000,1.0600,1.2200,1.0300,1.3800,1.0300
9059,Price,1.5400,0.9900,1.6500,1.8600,1.9600,2.3100,3.0100,2.1700,1.9000,1.4100
5042,Price,0.4300,0.4600,0.4950,0.5050,0.8700,1.1300,0.8000,0.8100,0.8500,1.0500
5230,Price,0.5650,0.5600,1.0500,1.4200,1.2900,1.7000,1.9500,0.0000,0.0000,
5167,Price,0.7200,0.7400,0.7800,0.7600,1.0500,0.9900,0.7600,0.6500,0.5800,0.5900
4359,Price,0.1500,0.1850,0.2000,0.1600,0.2300,0.2000,0.2000,0.4100,0.5950,0.5200
7100,Price,2.7800,2.5400,3.3100,1.7800,1.7400,1.4300,1.3700,1.1600,1.0900,1.3000
1368,Price,3.0100,2.7200,2.5000,3.4500,3.3100,2.7300,2.5500,1.4500,1.7900,2.5400
5148,Price,0.7050,0.6650,1.0400,1.0500,1.1200,1.4100,2.3600,2.1000,2.4200,2.4400
7137,Price,1.9900,2.3000,2.5000,2.8700,2.6000,3.0000,2.5900,1.8600,1.5800,1.3300
7227,Price,0.8200,1.0600,1.1000,1.2400,1.0000,0.7100,0.8750,0.3700,0.2400,0.2700
4588,Price,4.4900,5.4700,5.2000,4.5700,7.8700,10.9600,12.0600,11.9400,7.0000,7.0200
7091,Price,1.2400,0.9500,1.0200,1.0300,1.2700,1.4900,1.6700,1.1800,0.8800,0.8800
5005,Price,2.1600,3.2800,3.6500,2.3600,2.3800,1.7800,1.0000,0.8600,1.0900,2.3000
2593,Price,5.3600,6.1000,6.1800,5.9600,6.3800,7.1300,7.3000,7.6400,7.0200,5.2400
2089,Price,24.4000,26.0000,25.0000,19.0000,17.1000,13.9000,10.3000,12.7000,9.7500,7.0500
7133,Price,0.4950,0.6000,3.4000,3.4300,5.4500,1.7600,1.1000,0.7000,0.7400,0.7300
5200,Price,2.0300,2.1200,2.3900,2.3500,2.0600,2.1100,1.9400,1.7400,1.3700,0.0000
5110,Price,1.2300,1.3100,1.6200,1.7600,1.6000,1.4300,1.4500,1.3700,1.4000,1.5000
7757,Price,2.1700,2.2600,2.4600,2.0800,2.1600,1.5500,1.3500,1.2300,1.3900,1.3800
5292,Price,1.3800,0.0000, - , - , - ,,,,,
7250,Price,0.6950,1.0800,1.6000,1.7000,2.0000,1.7200,4.9500,1.5000,1.1300,1.1200
6963,Price,1.2000,1.6800,2.2000,1.3200,6.3500,1.9900,1.2500,1.5900,1.5500,1.2200
5243,Price,0.3800,0.1800,0.3050,0.8750,1.0700,2.3500,4.0100,0.0000,,
4995,Price,0.3650,0.5700,1.2900,0.6900,0.7500,0.4250,0.2500,0.4300,0.1200,0.1600
7240,Price,0.8950,0.8300,1.0900,0.6500,0.7300,0.4200,0.4900,0.4300,0.5100,0.5900
0097,Price,7.9200,6.2900,6.2100,3.7100,3.4400,2.2700,1.2300,0.6500,0.8700,0.8100
7070,Price,0.9650,0.1200,0.1200,0.1250,0.1800,0.1900,0.1900,0.2000,0.1750,0.1900
5162,Price,1.4400,0.9600,1.2200,1.4000,1.5600,1.1800,1.1600,1.0400,0.8300,0.8900
5142,Price,1.2000,0.6350,1.1100,0.8050,0.9550,1.2100,1.6500,1.6500,2.0700,2.0700
7203,Price,0.9400,1.0000,1.9100,0.7700,0.6900,0.4800,0.4500,0.4500,0.5600,0.6100
5016,Price,1.7000,2.0600,2.0000,1.7200,2.4900,2.6500,2.9600,2.6100,2.4600,2.4800
7226,Price,0.5200,0.7950,0.3200,0.3600,0.4050,0.2800,0.4000,0.3200,0.2400,0.2000
3565,Price,0.5300,0.9850,1.3200,0.9200,1.0300,1.2200,1.0100,0.8750,1.3400,1.5300
9679,Price,0.8700,0.6750,1.6200,1.7300,1.6100,1.5900,2.0500,2.3500,2.3800,3.1900
0197,Price,0.2700,0.3300,0.0000,0.0000, - ,,,,,
7231,Price,1.1500,1.2900,1.2900,1.9600,2.2000,1.6300,2.8300,2.2200,1.1200,1.2800
5246,Price,4.2100,3.6200,3.7000,4.3000,4.1200,3.3600,2.5300,0.0000,,
5009,Price,1.0100,1.5300,1.9400,2.0100,2.2900,2.0000,1.8700,1.6200,1.6700,2.1000
7692,Price,0.5600,0.5600,0.4700,0.4900,0.4700,0.4150,0.4300,0.5200,0.9600,0.4900
0008,Price,0.5200,0.5050,1.1300,0.7550,0.7100,0.7500,0.6800,0.3400,0.3000,0.4000
6378,Price,0.1200,0.1200,0.2200,0.3700,0.3600,0.3650,0.3250,0.3450,0.2300,0.4300
7050,Price,0.4700,0.8800,1.3600,0.6600,0.5300,0.5850,0.5950,0.2200,0.2200,0.2900
7025,Price,0.6750,0.5350,0.5850,0.4900,0.5200,0.4350,0.2800,0.3600,0.2800,0.3400
4243,Price,0.5850,0.4300,0.7100,0.9950,1.3200,1.0900,1.3100,0.9800,1.2400,1.2600
7245,Price,0.2100,0.3150,1.0900,1.0400,1.2300,2.2400,0.3000,0.2800,0.3000,0.3500
7121,Price,0.6300,0.4500,0.6000,0.4000,0.4450,0.3550,0.2300,0.3150,0.4700,0.5600
5156,Price,0.1200,0.2900,0.0250,0.1000,0.1000,0.4700,0.1900,0.2000,0.3000,0.3400
5267,Price,0.8000,1.1200,1.1600,1.0200,1.1300,0.0000,,,,
7003,Price,0.7500,0.9300,1.0000,1.1100,1.2100,0.9000,0.8450,0.8900,0.7500,0.1600
7178,Price,2.3300,2.7500,2.6900,1.9100,2.4800,1.3000,1.3400,1.0400,1.0000,1.0900
5584,Price,2.1600,1.8300,2.1800,2.3600,2.1200,1.4000,1.2600,0.8500,0.8400,0.9200
5048,Price,0.5300,0.5600,0.7750,0.8100,0.8450,1.0200,0.9700,0.8500,0.8300,0.8100
7293,Price,6.2000,4.1000,4.2200,3.1100,2.8400,7.4000,2.2000,1.9900,0.9800,0.6400
7020,Price,0.1200,0.1050,0.1650,0.2250,0.2150,0.2650,0.3750,0.4600,0.4100,0.5400
7014,Price,0.2800,0.3000,0.4650,0.6000,0.8100,1.0500,0.3000,0.4300,0.5600,0.7400
3158,Price,2.7200,1.3000,1.4000,1.5000,1.8200,2.0800,1.8300,1.8900,1.8000,1.7000
7066,Price,0.3300,1.4700,1.3900,0.9800,0.4650,1.1600,0.7300,0.2900,0.3050,0.2300
5159,Price,1.0800,1.1900,1.3500,1.2400,1.0000,1.2300,0.6500,0.5900,0.6300,0.8300
4677,Price,1.1200,1.1300,1.4600,1.6700,1.5500,1.6200,1.6600,2.0200,1.4500,1.3900
5109,Price,1.3400,1.1700,1.1800,0.8500,1.0700,0.9200,0.0000,,,
6742,Price,0.8200,1.0300,1.4500,1.4100,1.6000,1.4700,1.6000,1.7600,2.2000,2.2100
7028,Price,0.2650,0.4250,0.5700,0.6300,0.7650,0.8550,0.5350,0.5000,0.5900,0.4800
2283,Price,0.0850,0.0250,0.1050,0.1200,0.2450,0.2650,0.2000,0.2800,0.4400,0.5200
5131,Price,1.4600,1.3000,1.8000,1.3000,1.5100,2.1300,4.8800,2.6000,1.7200,1.7300
8346,Price,0.3750,0.3800,1.2800,1.6700,2.6600,2.3500,2.9200,1.2600,1.1200,1.6200
7158,Price,0.0750,0.1150,0.1200,0.1850,0.1900,0.2450,0.4350,0.3500,0.2600,0.3700
