code,name,category,price,NTA,52w low,52w high,market cap,ROE,P/E,EPS,EY,DPS,DY,Annual,nYear,nMerge,nSplit,ROI,ROI avg,ROI std,NPM avg,NPM std,EPS avg,EPS std,EPS GR avg,EPS GR std,EPS GR 5Y avg,EPS GR 10Y avg,EY avg,EY std,ROE avg,ROE std,P/E mid,P/E avg,P/E std,DPS avg,DPS std,DPayout avg,DPayout std,DY avg,DY std,D/E avg,D/E std,OCF GR avg,OCF GR std,Revenue GR avg,Revenue GR std,Revenue GR 5Y avg,Revenue GR 10Y avg
6742,YTL POWER INTERNATIONAL BHD,Utilities,0.655,1.59,0.48,0.915,"5,343.6M",3.08,13.0,4.89,7.47,5.0,7.63,2019-06-01,10,0,0,7.56,8.18,1.45,7.63,1.73,0.13,0.04,-0.15,29.81,-18.3,-3.97,8.21,1.45,10.31,4.8,12.38,12.53,1.98,0.07,0.04,63.76,20.3,4.48,2.3,1.9,0.31,16.32,70.5,11.78,39.25,-4.06,7.08
6033,PETRONAS GAS BERHAD,Utilities,15.3,6.6939,13.36,18.388,"30,274.6M",14.61,16.0,97.8,6.39,82.0,5.36,2019-12-01,10,0,0,5.88,4.65,0.87,40.3,5.36,0.86,0.15,9.41,25.51,0.99,7.66,4.64,0.85,16.16,2.4,21.76,22.23,3.75,0.6,0.12,66.09,8.96,3.25,0.8,0.15,0.08,9.32,22.03,5.57,13.72,4.44,5.55
5347,TENAGA NASIONAL BHD,Utilities,12.1,10.1957,10.365,13.704,"68,811.4M",7.81,15.0,79.64,6.58,100.0,8.26,2018-12-01,10,0,0,4.93,6.4,2.5,10.72,4.85,0.8,0.4,102.04,241.08,-4.3,3.06,6.58,2.55,10.64,4.71,54.08,23.57,25.15,0.24,0.14,30.3,0.0,2.12,0.93,0.7,0.09,9.22,25.07,6.32,4.14,5.89,6.71
5264,MALAKOFF CORPORATION BERHAD,Utilities,0.825,1.12,0.645,0.93,"4,125.0M",5.71,13.0,6.4,7.76,6.55,7.94,2019-12-01,10,0,0,7.53,6.42,0.79,5.91,1.81,0.08,0.03,9.41,41.59,-5.16,0.72,6.61,1.05,7.58,2.97,9.78,7.77,7.97,0.03,0.03,87.26,30.15,5.6,1.63,2.96,0.86,5.2,33.65,3.79,10.14,5.4,3.28
4677,YTL CORPORATION BERHAD,Utilities,0.79,1.24,0.6,1.25,"8,708.0M",0.89,72.0,1.1,1.39,4.0,5.06,2019-06-01,10,0,1,2.05,6.31,2.69,5.26,1.88,0.09,0.04,-9.89,24.2,-31.0,-13.55,5.82,2.11,7.39,3.19,33.4,21.61,13.45,0.05,0.03,69.97,58.61,3.19,2.02,2.12,0.32,13.39,45.73,9.42,26.71,-1.89,6.93
3069,MEGA FIRST CORPORATION BERHAD,Utilities,4.59,3.78,3.1,5.6,"2,110.6M",8.84,14.0,33.42,7.28,4.0,0.87,2018-12-01,10,0,0,6.02,11.97,3.12,12.63,1.83,0.28,0.03,3.69,14.94,1.17,7.58,11.94,3.13,11.8,2.0,11.0,9.07,2.87,0.06,0.01,22.16,6.36,2.73,1.02,0.06,0.11,-6.04,24.65,8.58,18.57,6.61,5.63
7210,FREIGHT MANAGEMENT HOLDINGS BERHAD,Transportation & Logistics,0.45,1.04,0.38,0.7,125.7M,4.4,10.0,4.58,10.18,3.5,7.78,2019-06-01,10,0,0,7.77,7.36,1.95,5.19,1.26,0.08,0.01,-1.2,14.8,-11.65,-2.37,7.59,2.14,12.73,4.88,14.08,14.16,3.62,0.04,0.04,53.96,43.78,4.22,4.11,0.23,0.04,17.71,62.59,9.14,4.6,6.22,9.04
7117,CJ CENTURY LOGISTICS HOLDINGS BERHAD,Transportation & Logistics,0.245,0.81,0.205,0.47,96.6M,-2.36,-13.0,-1.91,-7.8,0.75,3.06,2018-12-01,10,0,1,6.41,7.23,2.71,8.47,2.94,0.07,0.03,-8.97,27.85,-17.46,-9.55,7.14,2.79,10.58,4.71,21.63,16.67,7.4,0.03,0.02,52.21,21.43,3.42,2.12,0.25,0.09,5.1,45.01,8.22,13.82,9.41,9.36
6645,LINGKARAN TRANS KOTA HOLDINGS BERHAD,Transportation & Logistics,3.77,2.07,3.3,5.0,"2,003.2M",24.23,8.0,50.16,13.31,25.0,6.63,2019-03-01,10,0,0,10.62,6.69,1.63,36.19,6.9,0.3,0.1,12.76,19.53,11.38,8.04,6.68,1.66,27.14,4.33,17.4,15.87,3.96,0.2,0.04,73.41,20.02,4.76,0.64,2.43,0.97,6.83,14.19,6.16,9.03,6.65,5.66
6521,SURIA CAPITAL HOLDINGS BERHAD,Transportation & Logistics,0.88,3.2196,0.82,1.45,304.3M,4.69,6.0,15.1,17.16,6.0,6.82,2018-12-01,10,0,0,12.06,9.91,3.46,20.56,4.03,0.18,0.06,7.96,51.03,-3.15,3.35,9.81,3.47,7.41,2.45,11.52,11.3,3.42,0.05,0.02,27.57,7.65,2.71,1.5,0.18,0.13,16.61,52.42,10.22,31.32,8.69,3.42
5267,XIN HWA HOLDINGS BERHAD,Transportation & Logistics,0.4,0.87,0.245,0.84,86.4M,1.86,25.0,1.62,4.05,0.5,1.25,2019-03-01,5,0,0,1.16,5.18,2.65,10.13,4.8,0.06,0.03,-44.79,29.74,-44.44,0.0,5.16,2.51,9.96,6.06,46.28,30.18,25.32,0.0,0.0,,,0.35,0.43,0.36,0.06,-5.73,10.52,-0.44,5.13,1.17,0.0
5246,WESTPORTS HOLDINGS BERHAD,Transportation & Logistics,3.5,0.7508,2.97,4.54,"11,935.0M",23.08,20.0,17.33,4.95,13.0,3.71,2019-12-01,10,0,0,4.12,4.5,0.59,34.4,1.78,0.15,0.03,7.78,11.87,2.9,0.0,4.52,0.59,27.46,2.91,13.74,15.74,10.59,0.07,0.06,72.97,3.78,2.69,1.14,0.61,0.2,12.15,28.23,7.33,7.48,3.52,0.0
5140,TASCO BERHAD,Transportation & Logistics,0.78,2.18,0.65,1.58,156.0M,2.61,14.0,5.7,7.31,4.5,5.77,2019-03-01,10,0,1,3.92,6.89,1.84,5.35,1.45,0.13,0.03,0.29,27.07,-11.86,-2.84,6.76,1.67,10.16,2.87,17.16,15.88,4.47,0.04,0.02,38.6,11.33,2.11,1.0,0.24,0.25,22.99,48.69,8.15,8.6,10.15,8.15
5032,BINTULU PORT HOLDINGS BERHAD,Transportation & Logistics,3.99,2.8915,3.27,5.06,"1,835.4M",9.72,14.0,28.11,7.05,14.0,3.51,2018-12-01,10,0,0,6.94,5.51,0.99,22.6,7.66,0.34,0.04,0.28,12.29,-3.15,-1.96,5.52,1.03,15.8,3.98,18.2,18.68,3.17,0.26,0.06,78.81,6.64,4.1,0.53,1.19,0.24,28.79,67.98,8.27,26.1,-4.2,4.63
3816,MISC BERHAD,Transportation & Logistics,7.54,7.78,6.355,9.373,"33,657.0M",4.11,24.0,31.95,4.24,33.0,4.38,2019-12-01,10,0,0,3.83,5.56,1.72,17.53,6.71,0.39,0.14,26.8,70.42,-8.32,-1.21,5.37,1.82,6.06,2.19,29.89,21.62,9.86,0.23,0.15,61.78,38.33,2.92,1.93,0.26,0.11,10.33,29.76,-2.96,10.02,-0.73,-5.12
2194,MMC CORPORATION BERHAD,Transportation & Logistics,0.62,3.04,0.45,1.25,"1,887.9M",2.76,7.0,8.38,13.52,4.0,6.45,2018-12-01,10,0,0,7.33,9.77,4.98,11.05,15.55,0.17,0.14,40.75,106.0,-0.81,-8.39,7.97,5.84,6.89,5.42,21.98,18.87,11.11,0.04,0.0,31.47,17.33,2.03,1.23,1.99,0.99,-0.11,41.62,0.5,29.5,-7.71,-5.25
0078,GD EXPRESS CARRIER BERHAD,Transportation & Logistics,0.195,0.09,0.115,0.36,"1,100.1M",5.11,42.0,0.46,2.36,0.25,1.28,2019-06-01,10,0,1,2.15,0.61,0.6,11.02,3.3,0.0,0.0,37.45,57.15,3.46,27.62,0.68,1.15,15.82,7.28,90.25,95.0,52.42,0.0,0.0,37.02,7.8,0.0,0.0,0.17,0.13,15.66,46.91,15.5,5.48,14.61,15.38
6947,DIGI.COM BERHAD,Telecommunications & Media,4.26,0.08,3.82,5.1,"33,121.5M",230.38,23.0,18.43,4.33,18.2,4.27,2018-12-01,10,0,0,4.44,4.11,0.68,23.3,2.75,0.19,0.04,6.12,16.55,-2.0,2.92,4.09,0.7,219.05,107.46,26.0,25.2,4.62,0.19,0.04,105.99,15.89,4.09,0.7,1.86,1.78,7.07,30.47,3.35,5.28,-0.62,3.09
6399,ASTRO MALAYSIA HOLDINGS BERHAD,Telecommunications & Media,0.87,0.1641,0.705,1.61,"4,536.6M",76.6,7.0,12.57,14.45,7.5,8.62,2019-01-01,10,0,0,7.4,5.44,2.02,13.13,4.42,0.13,0.04,5.9,40.67,0.91,0.0,5.4,2.1,87.18,13.92,18.25,17.19,11.21,0.07,0.05,97.42,15.27,4.07,2.99,4.65,2.11,22.16,47.56,6.12,5.06,2.72,0.0
6012,MAXIS BERHAD,Telecommunications & Media,5.12,0.9,4.59,5.81,"40,041.0M",21.58,26.0,19.42,3.79,20.0,3.91,2018-12-01,10,0,0,4.27,4.39,0.81,22.41,3.05,0.23,0.08,-0.98,13.77,-0.72,-3.38,3.84,1.45,31.03,6.89,24.34,24.1,4.05,0.28,0.11,118.23,36.79,4.52,1.48,1.16,0.53,24.1,73.62,2.29,6.06,0.24,0.85
5031,TIME DOTCOM BERHAD,Telecommunications & Media,9.24,4.73,8.3,9.79,"5,410.3M",11.34,17.0,53.63,5.8,29.03,3.14,2019-12-01,10,1,0,5.76,9.32,7.67,46.26,27.13,0.5,0.28,59.73,102.27,11.86,23.29,9.29,7.69,13.47,6.73,16.75,15.02,6.79,0.03,0.04,12.74,3.81,0.41,0.42,0.06,0.01,28.82,43.43,14.94,9.78,13.31,14.53
4863,TELEKOM MALAYSIA BERHAD,Telecommunications & Media,3.73,1.9527,2.6,4.68,"14,046.3M",8.6,22.0,16.8,4.5,10.0,2.68,2018-12-01,10,0,0,1.06,4.86,2.23,8.52,3.62,0.24,0.09,-2.28,42.1,-32.05,-15.77,4.75,2.17,11.72,4.63,53.29,29.34,23.17,0.23,0.06,91.78,21.2,4.74,1.65,0.86,0.13,-1.58,7.09,3.64,3.2,2.15,3.14
9334,KESM INDUSTRIES BERHAD,Technology,6.9,8.4023,5.0,12.0,296.8M,2.64,31.0,22.21,3.22,9.0,1.3,2019-07-01,10,0,0,1.82,7.93,3.41,6.16,3.93,0.42,0.32,19.28,62.53,-10.41,-4.32,7.82,3.37,6.52,4.22,31.22,17.37,13.16,0.05,0.04,16.23,14.79,1.07,0.4,0.12,0.07,13.05,19.27,6.77,11.83,3.86,6.14
7022,GLOBETRONICS TECHNOLOGY BERHAD,Technology,1.67,0.44,1.29,2.4530000000000003,"1,118.0M",15.18,25.0,6.68,4.0,7.44,4.46,2018-12-01,10,0,0,4.5,2.91,1.5,14.82,4.5,0.07,0.03,28.01,45.97,5.23,11.42,2.9,1.46,16.61,6.04,90.9,50.02,40.74,0.03,0.01,52.26,15.42,1.55,0.92,0.04,0.04,31.16,89.43,6.94,20.92,0.39,1.72
0166,INARI AMERTRON BERHAD,Technology,1.29,0.359,0.9,2.09,"4,178.7M",13.9,26.0,4.99,3.87,5.2,4.03,2019-06-01,10,0,0,3.73,2.95,1.07,14.47,3.45,0.04,0.02,27.68,33.96,7.82,17.72,3.13,1.32,31.08,8.69,37.88,31.67,23.45,0.02,0.02,51.09,24.07,1.75,1.14,0.05,0.03,91.19,141.44,41.36,72.23,7.75,25.04
0138,MY E.G. SERVICES BERHAD,Technology,0.975,0.1981,0.765,1.75,"3,516.1M",34.43,14.0,6.82,6.99,1.9,1.95,2017-06-01,10,0,0,5.09,1.32,1.66,41.91,7.82,0.02,0.02,38.36,28.45,48.84,37.1,1.28,1.8,31.31,6.23,161.16,166.65,103.02,0.0,0.0,,,0.25,0.4,0.09,0.06,61.44,152.58,30.55,29.26,40.87,30.72
0097,VITROX CORPORATION BERHAD,Technology,7.5,1.0242,6.09,9.57,"3,532.8M",16.51,44.0,16.91,2.25,5.75,0.77,2018-12-01,10,0,0,2.81,3.24,1.77,25.71,6.15,0.09,0.07,133.58,306.63,33.85,28.72,3.24,1.99,25.84,11.14,29.2,32.7,10.61,0.02,0.02,14.64,6.07,0.51,0.47,0.09,0.05,150.28,246.17,62.9,115.27,30.05,31.05
0090,ELSOFT RESEARCH BERHAD,Technology,0.505,0.17,0.385,1.08,338.1M,15.59,19.0,2.65,5.25,3.0,5.94,2018-12-01,10,0,1,7.19,2.44,1.82,42.29,7.53,0.03,0.02,47.22,41.15,29.04,19.28,2.5,1.84,21.59,11.62,42.42,46.01,18.46,0.02,0.02,49.39,10.71,1.32,1.81,,,56.84,80.4,36.26,29.48,25.38,16.88
0065,EXCEL FORCE MSC BERHAD,Technology,0.31,0.16,0.23,0.745,190.8M,6.63,29.0,1.06,3.42,1.0,3.23,2018-12-01,10,0,0,2.19,3.03,1.58,34.2,7.43,0.02,0.01,-6.1,23.32,-8.79,-6.65,2.87,1.76,16.71,3.38,86.84,51.22,38.86,0.01,0.0,81.24,24.6,2.18,1.09,0.07,0.05,41.87,76.41,7.74,9.02,2.15,7.16
0008,WILLOWGLEN MSC BERHAD,Technology,0.395,0.34,0.3,0.645,195.9M,8.82,13.0,3.0,7.59,1.0,2.53,2018-12-01,10,0,0,4.34,5.3,1.19,15.62,3.37,0.03,0.01,3.33,32.75,-10.52,3.44,5.6,1.38,16.88,5.03,20.43,19.03,4.92,0.01,0.0,34.33,10.93,1.91,0.75,,,102.18,333.06,10.8,21.0,5.57,10.16
5235SS,KLCC REAL ESTATE INVESTMENT TRUST,Real Estate Investment Trusts,7.8,7.32,7.38,8.48,"14,081.6M",5.98,18.0,43.77,5.61,38.0,4.87,2019-12-01,10,0,0,5.54,6.85,1.52,74.42,19.88,0.58,0.2,7.36,45.61,-3.39,-2.52,6.87,1.54,16.77,4.19,9.57,10.68,7.48,0.28,0.1,56.63,23.83,4.52,0.29,0.41,0.08,12.81,24.0,9.17,17.48,1.01,5.48
5227,IGB REAL ESTATE INVESTMENT TRUST,Real Estate Investment Trusts,1.61,1.0663,1.43,2.1,"5,718.4M",8.34,18.0,8.89,5.52,9.16,5.69,2019-12-01,8,0,0,4.72,5.52,1.25,70.72,24.42,0.08,0.02,15.11,37.9,-0.7,0.0,5.39,1.29,7.88,1.5,23.24,19.81,5.67,0.04,0.04,44.24,39.59,2.26,2.56,0.33,0.01,18.35,34.81,42.72,94.28,3.64,0.0
5212,PAVILION REAL ESTATE INV TRUST,Real Estate Investment Trusts,1.59,1.2677,1.35,1.92,"4,838.9M",6.81,18.0,8.63,5.43,8.5,5.35,2019-12-01,9,0,0,4.97,6.99,4.02,81.64,42.67,0.11,0.06,-5.83,33.86,-12.6,0.0,6.96,4.1,8.89,5.25,13.37,14.86,4.88,0.03,0.04,29.79,39.59,1.54,2.17,0.3,0.11,73.74,179.4,186.52,472.81,7.8,0.0
5180,CAPITALAND MALAYSIA MALL TRUST,Real Estate Investment Trusts,0.91,1.2378,0.735,1.13,"1,870.4M",2.85,26.0,3.53,3.88,6.25,6.87,2019-12-01,10,0,0,3.52,7.22,2.01,59.95,20.15,0.1,0.03,-11.95,18.64,-23.23,-9.8,7.26,1.92,8.15,3.03,17.88,15.08,5.03,0.07,0.03,103.42,54.44,5.35,2.27,0.41,0.05,1.53,9.54,5.4,8.88,1.65,6.0
5176,SUNWAY REAL ESTATE INVESTMENT TRUST,Real Estate Investment Trusts,1.58,1.4904,1.5,1.98,"4,653.2M",9.18,12.0,13.68,8.66,9.59,6.07,2019-06-01,10,0,0,7.01,10.21,3.72,95.43,24.29,0.15,0.03,0.29,23.24,-1.59,-5.0,10.22,3.81,16.2,10.42,7.54,9.74,4.3,0.03,0.03,31.04,22.32,2.15,1.83,0.26,0.11,5.04,2.77,5.27,3.14,6.29,3.99
5130,ATRIUM REAL ESTATE INVESTMENT TRUST,Real Estate Investment Trusts,0.915,1.2786,0.805,1.241,187.2M,1.34,54.0,1.71,1.87,5.18,5.66,2019-12-01,10,0,0,1.86,9.98,4.15,92.68,43.01,0.12,0.05,19.46,98.49,-28.32,-10.58,10.17,4.25,9.33,4.69,29.25,14.84,13.66,0.08,0.01,71.82,27.68,6.79,1.1,0.2,0.13,8.24,39.87,6.58,11.89,7.29,5.87
5127,AMANAHRAYA REAL ESTATE INVESTMENT TRUST,Real Estate Investment Trusts,0.63,1.3378,0.5,0.865,361.1M,4.63,10.0,6.19,9.83,6.2,9.84,2019-12-01,10,0,0,8.25,11.78,5.13,88.48,42.48,0.1,0.04,29.06,113.84,-19.84,-1.44,11.72,5.26,9.06,3.76,14.68,10.65,5.57,0.05,0.03,72.17,80.26,5.28,3.56,0.66,0.17,10.2,34.55,9.18,19.81,11.12,7.61
5123,QUILL CAPITA TRUST,Real Estate Investment Trusts,0.735,1.2011,0.5,1.12,787.8M,2.26,27.0,2.72,3.7,6.8,9.25,2019-12-01,10,0,0,2.71,7.86,2.5,50.02,14.8,0.09,0.03,-5.8,31.4,-23.42,-10.23,7.81,2.4,6.77,2.29,20.63,14.63,6.73,0.04,0.04,45.19,47.59,3.42,3.31,0.49,0.09,13.08,31.25,10.8,21.05,18.04,9.1
5121,HEKTAR REAL ESTATE INVESTMENT TRUST,Real Estate Investment Trusts,0.68,1.3192,0.55,1.16,314.1M,1.88,27.0,2.48,3.65,7.77,11.43,2019-12-01,10,0,0,2.41,7.97,4.88,37.86,23.94,0.11,0.07,67.83,251.32,-27.41,-13.84,7.98,5.0,7.79,4.97,78.54,29.58,42.44,0.1,0.01,86.67,26.54,7.22,0.77,0.73,0.17,10.18,35.28,4.67,4.84,2.36,4.57
5120,AMFIRST REAL ESTATE INVESTMENT TRUST,Real Estate Investment Trusts,0.415,1.219,0.32,0.55,284.9M,2.49,14.0,3.04,7.33,4.0,9.64,2019-03-01,10,0,0,5.99,7.7,2.97,41.6,18.39,0.07,0.03,0.39,52.72,-18.77,-21.74,7.78,2.9,5.87,2.7,18.75,15.32,7.16,0.04,0.02,67.47,84.84,3.93,2.55,0.55,0.19,7.71,28.08,2.22,7.74,0.66,2.28
5116,AL-AQAR HEALTHCARE REIT,Real Estate Investment Trusts,1.4,1.3024,1.19,1.65,"1,030.4M",7.95,14.0,10.35,7.39,7.75,5.54,2019-12-01,10,0,0,7.82,8.03,1.81,72.44,13.49,0.11,0.02,3.46,31.47,0.23,-0.7,8.14,1.94,8.85,1.49,12.56,12.85,2.51,0.07,0.02,69.11,27.15,5.45,1.51,0.71,0.23,6.48,23.11,6.17,9.42,-0.47,5.77
5111,TOWER REAL ESTATE INVESTMENT TRUST,Real Estate Investment Trusts,0.61,1.8996,0.49,0.925,171.1M,2.31,14.0,4.39,7.2,5.93,9.72,2017-12-01,10,0,0,8.09,11.14,4.66,82.59,30.93,0.14,0.06,30.57,128.14,22.64,-15.74,11.18,4.64,7.92,3.93,9.36,10.26,3.24,0.06,0.03,,,4.96,1.85,0.22,0.01,8.03,58.5,-4.73,7.99,-9.61,-2.02
5110,UOA REAL ESTATE INVESTMENT TRUST,Real Estate Investment Trusts,1.17,1.6708,1.05,1.48,494.8M,2.81,25.0,4.69,4.01,9.11,7.79,2019-12-01,10,0,0,3.84,8.73,3.47,64.45,25.23,0.13,0.05,1.47,59.08,-16.58,-14.06,8.84,3.43,7.13,3.6,15.38,13.07,5.03,0.07,0.04,58.88,33.81,5.01,2.84,0.49,0.15,-1.88,13.5,8.22,26.39,-2.63,5.88
5106,AXIS REAL ESTATE INVESTMENT TRUST,Real Estate Investment Trusts,1.84,1.4484,1.66,2.01,"2,653.9M",10.02,13.0,14.51,7.89,9.26,5.03,2019-12-01,10,0,1,9.37,5.79,1.93,79.04,14.24,0.12,0.02,6.16,21.32,7.04,3.83,5.9,2.03,10.1,2.11,20.29,19.16,6.69,0.09,0.02,69.57,13.84,4.11,1.34,0.21,0.05,26.09,79.92,12.59,11.58,10.08,12.0
9962,GROMUTUAL BERHAD,Property,0.3,0.95,0.17,0.35,112.7M,3.21,10.0,3.05,10.17,0.5,1.67,2018-12-01,10,0,0,5.91,14.8,4.4,21.3,5.98,0.05,0.02,3.69,42.6,-25.95,-2.72,14.97,4.26,6.62,2.35,8.91,7.34,2.5,0.01,0.0,29.74,9.49,4.14,1.51,0.06,0.02,29.02,74.32,-2.09,25.48,-17.57,-3.86
8664,S P SETIA BERHAD,Property,0.74,3.02,0.55,2.31,"2,991.4M",3.04,8.0,9.17,12.39,1.0,1.35,2019-12-01,10,0,0,5.32,5.47,1.31,13.83,3.64,0.17,0.06,-4.57,31.05,-17.65,-8.22,5.26,1.63,8.39,2.97,21.59,20.85,6.37,0.13,0.05,112.57,62.27,4.27,1.4,0.48,0.22,20.74,33.06,11.5,15.39,4.13,10.19
6718,CRESCENDO CORPORATION BERHAD,Property,0.825,3.23,0.77,1.44,231.4M,3.08,8.0,9.96,12.07,6.0,7.27,2019-01-01,10,0,0,10.16,12.77,5.99,21.42,11.55,0.22,0.13,30.82,87.02,-23.32,-4.87,12.82,6.09,8.51,5.14,12.72,9.8,4.86,0.1,0.04,42.63,10.99,5.59,1.73,0.24,0.07,191.17,188.68,9.07,20.46,-0.97,3.83
5959,AMVERTON BERHAD,Property,1.2,1.97,0.99,1.25,438.1M,0.71,86.0,1.39,1.16,0.0,0.0,2018-12-01,10,0,0,17.35,9.32,3.95,21.43,14.22,0.08,0.05,37.46,78.52,18.33,15.01,9.42,4.08,5.06,2.39,16.86,12.92,6.08,0.0,0.0,17.9,2.7,0.22,0.43,,,20.05,50.6,-0.22,17.97,-3.35,0.11
5606,IGB BERHAD,Property,2.6,5.3037,2.4,4.06,"2,310.1M",4.43,11.0,23.49,9.03,3.0,1.15,2018-12-01,10,0,1,7.02,7.72,5.13,36.03,45.18,0.18,0.11,-6.28,35.75,10.29,12.11,7.91,5.11,7.58,5.46,27.32,18.33,12.47,0.01,0.01,9.42,0.88,0.58,0.55,0.59,0.55,14.38,96.3,31.35,102.31,56.24,20.19
5249,IOI PROPERTIES GROUP BERHAD,Property,0.935,3.43,0.825,1.43,"5,148.2M",3.55,8.0,12.18,13.03,3.0,3.21,2019-06-01,9,0,0,8.7,10.22,1.71,44.55,13.88,0.2,0.05,-3.76,23.81,-16.04,0.0,10.19,1.79,8.26,3.87,6.11,6.74,4.96,0.03,0.03,31.0,6.82,2.81,1.33,0.25,0.17,61.47,234.43,10.79,31.78,4.84,0.0
5236,MATRIX CONCEPTS HOLDINGS BERHAD,Property,1.62,1.91,1.24,1.997,"1,351.4M",15.35,6.0,29.31,18.09,12.75,7.87,2019-03-01,6,0,0,15.3,11.29,3.48,25.07,3.06,0.27,0.04,10.59,12.88,3.12,0.0,11.35,3.53,25.0,6.57,11.64,9.88,3.63,0.1,0.04,44.9,7.3,4.35,2.18,0.1,0.06,101.87,123.53,15.88,10.9,12.12,0.0
5158,TA GLOBAL BERHAD,Property,0.235,0.59,0.18,0.28,"1,250.6M",3.68,11.0,2.17,9.23,1.6,6.81,2018-12-01,10,0,0,11.64,14.15,17.13,20.62,7.69,0.04,0.05,8.56,14.75,6.99,-17.57,14.76,16.74,3.1,0.75,8.52,10.59,4.13,0.0,0.0,150.73,200.87,1.51,1.86,0.2,0.09,104.87,179.15,43.69,54.25,24.05,16.2
5148,UEM SUNRISE BERHAD,Property,0.405,1.61,0.275,1.02,"1,837.7M",3.06,8.0,4.93,12.17,0.0,0.0,2018-12-01,10,0,0,7.7,5.38,2.9,19.84,9.36,0.06,0.03,16.62,48.98,-15.36,10.35,4.29,2.47,6.68,2.62,46.54,34.05,21.12,0.01,0.01,37.5,19.24,1.19,1.3,0.32,0.09,,,36.23,83.78,-3.36,14.86
3174,LAND & GENERAL BERHAD,Property,0.085,0.3618,0.05,0.165,252.7M,2.96,8.0,1.07,12.59,1.0,11.76,2019-03-01,10,0,0,9.48,10.92,5.1,43.06,30.59,0.04,0.02,17.53,79.08,-27.07,0.7,10.33,4.8,11.31,5.4,25.88,13.94,11.38,0.01,0.01,59.53,48.01,2.26,2.84,0.13,0.05,60.62,146.5,52.66,80.39,-22.85,13.58
1724,PARAMOUNT CORPORATION BERHAD,Property,0.695,1.88,0.63,1.3019999999999998,427.0M,9.01,4.0,16.93,24.36,8.5,12.23,2018-12-01,10,0,1,12.1,8.32,1.73,15.15,6.72,0.13,0.03,5.71,30.17,6.83,4.72,8.32,1.78,10.31,5.39,11.44,12.47,2.17,0.06,0.01,47.21,8.97,3.61,0.85,0.31,0.13,159.38,344.51,9.85,10.85,12.03,8.53
8982,CEPATWAWASAN GROUP BERHAD,Plantation,0.4,1.11,0.285,0.74,127.4M,0.13,290.0,0.14,0.35,1.5,3.75,2018-12-01,10,0,0,2.25,8.35,4.62,9.16,3.49,0.07,0.03,6.67,57.93,-25.43,-17.89,8.2,3.97,5.36,2.68,21.36,16.24,9.31,0.02,0.01,34.01,12.1,2.15,0.78,0.12,0.04,50.96,151.13,6.05,18.98,2.59,-0.26
6262,INNOPRISE PLANTATIONS BERHAD,Plantation,0.555,0.66,0.4,0.995,265.8M,4.32,19.0,2.85,5.14,1.0,1.8,2018-12-01,10,0,0,1.96,3.69,4.09,20.09,7.23,0.03,0.02,20.06,83.8,19.89,-12.34,3.26,2.89,6.09,4.16,82.58,69.66,55.56,0.01,0.01,54.85,3.55,0.97,2.08,0.16,0.09,15.1,52.76,27.07,48.88,28.55,11.24
5138,HAP SENG PLANTATIONS HOLDINGS BERHAD,Plantation,1.36,2.07,1.25,2.14,"1,088.0M",1.9,35.0,3.93,2.89,2.5,1.84,2018-12-01,10,0,0,1.7,6.35,2.72,25.43,7.94,0.16,0.07,1.02,45.68,-21.47,2.69,6.25,2.5,6.81,3.08,31.03,20.04,12.04,0.11,0.03,68.77,13.32,4.4,1.63,0.02,0.01,4.81,39.79,2.86,21.78,-2.49,6.5
5029,FAR EAST HOLDINGS BERHAD,Plantation,2.18,1.95,2.0,2.86,"1,294.6M",6.92,16.0,13.49,6.19,3.0,1.38,2018-12-01,10,0,0,4.93,2.83,1.85,21.79,5.08,0.15,0.03,6.94,33.9,2.19,-5.07,2.75,1.68,8.9,2.16,41.54,46.17,17.46,0.06,0.01,44.32,12.84,1.08,0.57,,,2.71,17.67,2.44,18.23,-2.93,-3.23
5027,KIM LOONG RESOURCES BERHAD,Plantation,1.01,0.77,0.895,1.64,944.8M,5.66,23.0,4.36,4.32,6.0,5.94,2019-01-01,10,0,1,4.42,3.38,1.94,9.41,1.66,0.07,0.02,7.19,34.8,-3.28,-2.49,3.35,1.81,12.99,3.21,32.38,36.04,12.3,0.04,0.01,57.33,11.61,2.1,1.38,0.05,0.02,6.96,34.81,9.2,18.26,6.39,5.58
5026,MHC PLANTATIONS BHD,Plantation,0.365,1.26,0.27,0.77,71.7M,1.02,29.0,1.28,3.51,0.0,0.0,2018-12-01,10,0,0,2.73,7.62,4.49,35.6,40.45,0.07,0.04,16.01,85.03,-14.4,-14.85,7.54,4.09,5.44,3.81,26.25,19.35,12.79,0.02,0.02,46.1,39.78,2.43,2.03,0.16,0.08,39.16,78.39,102.57,271.86,4.73,28.26
5012,TA ANN HOLDINGS BERHAD,Plantation,2.1,3.21,1.81,3.56,934.2M,3.79,17.0,12.18,5.8,10.0,4.76,2018-12-01,10,0,0,4.89,6.71,2.65,11.54,3.3,0.25,0.1,12.94,51.42,-3.93,6.52,6.67,2.79,10.64,3.7,20.2,17.77,7.14,0.09,0.05,38.34,10.66,2.36,1.18,0.27,0.05,26.49,71.2,5.32,15.21,4.67,2.71
2542,RIVERVIEW RUBBER ESTATES BERHAD,Plantation,2.25,4.1,2.25,3.07,145.9M,0.8,69.0,3.26,1.45,3.0,1.33,2018-12-01,10,0,0,2.61,5.41,2.27,43.28,21.17,0.19,0.07,-1.17,44.34,-13.85,-8.27,5.56,2.2,5.49,3.21,24.08,21.56,9.46,0.12,0.07,74.1,36.8,3.63,1.89,,,82.04,265.6,4.82,18.59,-0.31,0.85
2445,KUALA LUMPUR KEPONG BERHAD,Plantation,20.66,9.59,17.4,25.78,"22,333.8M",5.15,42.0,49.38,2.39,50.0,2.42,2019-09-01,10,0,0,2.51,4.51,1.38,8.8,3.69,0.98,0.3,7.22,41.61,-9.03,0.08,4.46,1.46,13.12,5.34,29.07,25.3,9.27,0.55,0.12,55.9,13.34,2.5,0.57,0.25,0.1,15.9,65.89,10.5,19.03,6.9,8.84
2291,GENTING PLANTATIONS BERHAD,Plantation,9.45,5.43,7.99,11.14,"8,480.0M",2.92,60.0,15.83,1.68,13.0,1.38,2018-12-01,10,0,0,1.89,3.89,1.27,22.9,7.95,0.38,0.11,6.1,47.75,-7.74,-8.56,3.84,1.25,8.72,3.06,34.21,29.36,10.91,0.09,0.03,24.11,9.83,0.91,0.34,0.31,0.2,31.39,76.45,11.99,15.94,6.58,6.27
2089,UNITED PLANTATIONS BERHAD,Plantation,24.92,12.28,23.0,27.0,"5,186.7M",11.66,17.0,143.14,5.74,135.0,5.42,2019-12-01,10,0,0,5.58,10.73,4.28,27.16,1.37,1.53,0.23,1.91,19.46,0.3,0.07,10.75,4.28,14.58,2.46,11.68,10.73,3.81,0.44,0.06,29.24,6.92,3.22,1.54,,,9.05,57.35,5.45,19.57,2.8,3.69
1961,IOI CORPORATION BERHAD,Plantation,3.87,1.48,3.41,4.82,"24,323.1M",7.04,37.0,10.42,2.69,8.0,2.07,2019-06-01,10,0,0,2.37,5.26,3.18,14.8,11.41,0.26,0.16,59.8,129.6,-28.24,-4.58,5.16,3.2,17.18,10.56,207.73,61.72,115.41,0.13,0.04,84.66,76.85,2.64,0.78,0.62,0.22,1.66,50.71,-4.18,20.12,-9.03,-6.59
1929,CHIN TECK PLANTATIONS BERHAD,Plantation,5.1,7.47,4.8,7.15,466.0M,4.49,15.0,33.55,6.58,20.0,3.92,2019-08-01,10,0,0,5.58,5.85,2.53,34.07,11.38,0.47,0.2,11.82,59.83,-2.28,-3.6,5.78,2.51,6.95,3.14,25.18,20.94,9.33,0.27,0.11,61.8,21.93,3.23,1.25,,,15.3,61.66,2.32,17.67,0.54,0.84
1899,BATU KAWAN BERHAD,Plantation,11.9,14.32,11.0,17.68,"5,279.6M",5.2,16.0,74.44,6.26,60.0,5.04,2019-09-01,10,0,0,5.83,8.31,2.25,86.47,107.82,1.36,0.34,7.04,36.79,-6.29,1.48,8.14,2.35,12.83,5.07,13.36,13.26,3.43,0.61,0.13,44.41,7.52,3.59,0.72,0.39,0.31,96.23,223.89,316.57,920.09,6.89,52.35
9873,PRESTAR RESOURCES BERHAD,Industrial Products & Services,0.285,1.46,0.21,0.745,58.4M,1.85,11.0,2.7,9.47,1.5,5.26,2018-12-01,10,0,0,15.17,14.88,9.91,2.28,1.43,0.08,0.06,25.95,52.09,-1.74,-0.11,14.82,9.97,6.49,4.02,12.93,9.45,5.62,0.02,0.01,30.31,15.23,3.79,2.41,0.1,0.05,22.45,103.24,2.28,14.45,-3.29,-0.54
9148,ADVANCED PACKAGING TECHNOLOGY (M) BHD,Industrial Products & Services,1.91,1.53,1.68,2.4,39.2M,-0.46,-274.0,-0.7,-0.37,6.0,3.14,2018-12-01,9,1,0,2.31,5.75,2.16,8.29,3.27,0.11,0.04,25.81,68.3,-18.01,-0.34,5.77,1.98,6.58,2.81,28.68,20.73,10.55,0.13,0.03,128.59,49.09,6.97,2.81,,,-1.58,25.14,0.66,5.17,0.43,-0.29
8273,PUBLIC PACKAGES HOLDINGS BHD,Industrial Products & Services,0.63,1.31,0.325,1.4,118.8M,9.56,5.0,12.53,19.89,0.25,0.4,2018-12-01,10,0,0,9.31,10.94,2.82,8.03,1.66,0.07,0.02,12.18,28.4,13.19,19.14,10.77,2.49,8.44,1.17,9.94,9.77,2.16,0.0,0.0,31.0,1.9,0.53,1.05,0.07,0.02,25.99,74.41,4.73,5.28,6.33,1.89
8125,DAIBOCHI BERHAD,Industrial Products & Services,1.89,0.71,1.45,2.6,619.7M,11.23,24.0,7.97,4.22,3.35,1.77,2017-12-01,10,0,1,4.4,2.84,1.29,7.35,1.66,0.07,0.02,2.58,13.63,0.97,11.58,2.75,1.24,14.63,3.06,55.5,46.54,23.6,0.04,0.01,,,1.57,0.76,0.06,0.02,17.03,63.88,7.47,6.66,6.87,6.74
8117,POLY GLASS FIBRE (M) BERHAD,Industrial Products & Services,0.2,1.0541,0.2,0.475,32.0M,1.24,15.0,1.31,6.55,0.0,0.0,2019-02-01,10,0,0,8.52,16.66,19.38,23.02,22.92,0.06,0.06,134.75,234.99,1.11,19.65,16.21,19.29,8.28,7.64,27.49,16.24,15.37,0.0,0.0,,,0.0,0.0,0.08,0.04,93.37,125.54,8.74,12.71,12.24,6.74
7811,SAPURA INDUSTRIAL BERHAD,Industrial Products & Services,0.42,1.46,0.2,0.815,30.6M,2.25,13.0,3.29,7.83,5.0,11.9,2019-01-01,10,0,0,7.94,14.75,6.28,4.32,2.12,0.15,0.09,7.05,60.82,-25.33,-4.86,14.84,6.13,12.97,8.62,10.72,8.23,3.98,0.09,0.07,90.88,82.88,9.05,4.76,0.18,0.09,31.74,95.94,0.29,9.94,-3.56,-0.5
7609,AJIYA BERHAD,Industrial Products & Services,0.31,1.18,0.2,0.575,94.4M,1.55,17.0,1.83,5.9,0.0,0.0,2019-11-01,10,0,1,4.04,5.4,3.52,4.45,1.3,0.07,0.03,-1.56,43.59,-21.09,-14.13,5.44,3.32,6.64,2.45,22.98,23.38,9.2,0.01,0.0,17.6,5.74,0.95,0.95,0.04,0.03,6.44,60.15,0.68,7.22,-4.64,0.41
7248,SLP RESOURCES BERHAD,Industrial Products & Services,0.755,0.581,0.69,1.42,239.3M,11.51,11.0,6.69,8.86,5.5,7.28,2018-12-01,10,0,0,6.8,5.29,1.86,9.11,4.04,0.05,0.03,37.26,66.1,16.16,13.96,5.22,1.92,14.32,4.9,31.34,23.66,12.98,0.03,0.01,46.76,11.18,3.36,1.48,0.03,0.03,12.96,58.79,4.37,6.83,3.05,0.22
7231,WELLCALL HOLDINGS BERHAD,Industrial Products & Services,0.785,0.238,0.55,1.32,390.9M,30.71,11.0,7.31,9.31,5.65,7.2,2019-09-01,10,0,2,6.46,3.65,1.49,19.28,4.28,0.06,0.02,12.65,21.35,4.61,10.59,3.5,1.37,30.86,7.27,36.52,33.01,12.04,0.04,0.01,67.56,9.05,2.33,0.87,0.1,0.03,16.37,58.75,9.15,16.06,3.05,7.97
7207,SUCCESS TRANSFORMER CORPORATION BERHAD,Industrial Products & Services,0.53,1.36,0.4,1.1,132.3M,4.88,8.0,6.63,12.51,5.7,10.75,2019-06-01,10,0,1,6.66,7.53,2.47,9.02,3.38,0.11,0.04,7.5,50.91,-8.83,-1.12,7.52,2.36,14.06,6.24,18.19,14.93,5.54,0.03,0.05,29.5,7.59,2.73,4.77,0.1,0.07,-2.93,90.73,6.55,11.64,1.46,7.19
7172,PMB TECHNOLOGY BERHAD,Industrial Products & Services,2.88,2.61,2.4,3.451,604.2M,5.07,22.0,13.24,4.6,2.49,0.86,2018-12-01,10,0,0,1.44,5.89,4.73,2.78,0.91,0.06,0.02,11.69,45.1,-0.64,-2.44,6.05,5.03,7.1,2.89,34.3,30.0,20.19,0.01,0.0,29.53,9.26,1.14,0.55,0.14,0.09,99.59,224.29,10.36,20.24,9.55,3.3
7140,OKA CORPORATION BHD,Industrial Products & Services,0.52,0.73,0.38,0.825,127.6M,6.99,10.0,5.1,9.81,3.7,7.12,2019-03-01,10,0,0,6.7,6.23,1.66,9.15,4.88,0.06,0.03,18.82,50.85,-9.68,7.14,5.92,1.55,10.45,4.8,21.58,18.35,5.79,0.02,0.01,39.1,30.19,2.08,0.84,0.01,0.0,14.71,41.23,3.0,9.46,-2.34,2.03
7137,UMS HOLDINGS BERHAD,Industrial Products & Services,1.66,4.02,1.43,2.057,67.5M,2.87,14.0,11.55,6.96,0.0,0.0,2019-09-01,10,0,0,3.68,10.64,5.02,11.56,4.9,0.23,0.09,-2.33,30.91,-23.98,-8.05,10.66,5.07,7.13,3.2,17.12,12.43,7.04,0.06,0.0,31.34,18.33,2.75,0.63,0.01,0.0,-20.23,51.68,0.74,13.28,-3.89,-0.13
7100,UCHI TECHNOLOGIES BERHAD,Industrial Products & Services,1.99,0.36,1.7,2.95,897.9M,46.75,12.0,16.83,8.46,14.0,7.04,2018-12-01,10,0,0,5.48,7.03,2.33,45.47,5.57,0.12,0.02,13.08,31.18,9.67,0.58,7.08,2.31,24.97,5.32,16.92,15.55,4.66,0.1,0.02,78.5,24.63,5.94,1.91,,,9.72,19.54,6.36,9.24,8.3,1.31
7083,ANALABS RESOURCES BERHAD,Industrial Products & Services,0.84,2.48,0.815,1.16,100.8M,1.75,19.0,4.34,5.17,2.0,2.38,2019-04-01,10,0,0,3.25,5.64,2.07,8.26,3.33,0.1,0.03,1.31,44.52,-15.81,-7.42,5.56,1.99,6.55,3.62,20.0,20.13,6.29,0.02,0.01,20.68,8.19,1.29,0.62,0.05,0.02,4.76,44.22,12.7,33.41,-1.55,9.03
7076,CB INDUSTRIAL PRODUCT HOLDING BERHAD,Industrial Products & Services,0.835,1.44,0.68,1.25,449.4M,4.58,13.0,6.6,7.9,4.0,4.79,2018-12-01,10,0,0,7.02,8.69,2.68,19.29,11.04,0.18,0.11,22.31,76.1,-15.86,-2.97,8.61,2.73,20.71,13.57,16.71,13.17,5.33,0.06,0.07,41.5,29.56,2.92,2.18,0.11,0.13,16.94,56.85,6.78,24.33,-4.13,1.55
7033,KUMPULAN H & L HIGH-TECH BERHAD,Industrial Products & Services,0.895,2.604,0.895,1.3,36.3M,3.12,11.0,8.13,9.08,3.5,3.91,2019-10-01,10,0,0,8.53,11.15,5.0,20.1,10.34,0.12,0.05,25.16,76.47,-11.54,42.82,11.62,5.07,5.85,2.54,9.91,10.21,3.84,0.04,0.02,53.73,54.05,3.43,1.44,0.09,0.04,12.31,50.85,2.46,13.45,1.31,1.56
6963,V.S. INDUSTRY BERHAD,Industrial Products & Services,0.78,0.91,0.6,1.52,"1,453.9M",9.49,9.0,8.64,11.08,4.4,5.64,2019-07-01,10,0,1,7.64,3.56,2.0,4.07,1.22,0.06,0.03,56.36,108.52,14.22,34.74,3.56,2.07,11.8,3.95,45.42,39.66,21.65,0.02,0.01,57.92,43.32,1.49,1.07,0.13,0.08,41.5,84.28,19.8,17.47,18.33,18.56
6149,METROD HOLDINGS BERHAD,Industrial Products & Services,1.3,3.4695,1.08,1.8,156.0M,1.33,28.0,4.6,3.54,6.0,4.62,2018-12-01,10,0,0,5.36,10.19,5.86,1.34,1.1,0.21,0.16,55.87,189.85,-9.37,-23.35,10.14,5.87,5.64,3.89,21.13,14.65,9.85,0.08,0.03,51.3,12.57,4.06,1.2,0.49,0.19,,,8.52,18.08,17.14,3.69
5289,TECHBOND GROUP BERHAD,Industrial Products & Services,0.54,0.57,0.48,0.96,124.2M,6.75,14.0,3.85,7.13,0.0,0.0,2019-06-01,5,0,0,5.12,5.12,0.0,14.43,3.02,0.05,0.01,2.44,22.89,0.0,0.0,5.1,0.0,21.67,8.93,9.81,3.92,7.85,0.0,0.0,,,0.0,0.0,0.02,0.0,37.43,75.08,6.74,9.08,0.0,0.0
5277,FOUNDPAC GROUP BERHAD,Industrial Products & Services,0.615,0.1731,0.3,1.01,333.4M,16.41,22.0,2.84,4.62,1.2,1.95,2019-06-01,6,0,0,7.07,4.9,1.93,30.19,5.82,0.02,0.01,8.96,36.36,2.54,0.0,3.96,1.61,32.83,20.01,21.38,14.75,16.62,0.0,0.0,75.15,30.65,2.55,0.98,,,14.95,51.04,9.79,17.65,8.27,0.0
5271,PECCA GROUP BERHAD,Industrial Products & Services,0.745,0.913,0.675,1.3,140.1M,9.42,9.0,8.6,11.54,6.0,8.05,2019-06-01,5,0,0,7.96,6.34,1.07,11.82,1.58,0.09,0.02,-2.22,38.55,0.0,0.0,6.47,1.02,12.85,6.76,10.06,12.7,6.79,0.03,0.02,66.97,23.92,3.66,1.86,0.16,0.0,24.63,74.73,0.77,9.36,0.0,0.0
5211,SUNWAY BERHAD,Industrial Products & Services,1.58,1.7,1.25,1.87,"7,795.6M",9.14,10.0,15.54,9.84,7.47,4.73,2018-12-01,10,0,0,7.35,7.49,2.79,15.76,6.61,0.18,0.08,11.0,66.0,-19.69,0.0,7.33,2.4,23.73,12.0,15.56,15.13,4.72,0.03,0.02,27.33,20.61,1.37,1.23,0.59,0.18,25.88,71.98,13.87,42.96,2.76,9.53
5197,FOCUS LUMBER BERHAD,Industrial Products & Services,0.685,1.61,0.61,1.65,73.2M,-4.06,-10.0,-6.53,-9.53,0.0,0.0,2018-12-01,9,0,0,25.4,15.19,6.25,10.79,3.06,0.18,0.07,21.79,61.38,13.32,0.0,15.16,6.31,13.0,4.2,10.96,8.35,4.54,0.07,0.06,44.65,7.42,6.0,5.55,,,35.28,101.33,7.22,9.51,6.68,0.0
5183,PETRONAS CHEMICALS GROUP BERHAD,Industrial Products & Services,4.78,3.74,4.0,9.2,"38,240.0M",9.41,14.0,35.19,7.36,18.0,3.77,2019-12-01,10,0,0,4.78,5.87,0.75,20.96,2.49,0.4,0.08,6.0,28.49,2.52,2.54,5.71,0.72,13.75,2.68,17.96,17.8,2.22,0.2,0.08,51.44,8.93,2.85,1.15,0.04,0.05,31.77,105.14,3.98,18.93,2.32,3.06
5181,SIG GASES BERHAD,Industrial Products & Services,0.405,0.55,0.36,0.46,75.9M,77.51,1.0,42.63,105.26,55.7,137.53,2018-12-01,10,0,0,6.57,5.26,2.5,8.17,3.57,0.03,0.02,14.6,96.32,9.49,0.0,5.39,2.32,5.97,3.4,25.6,22.88,10.43,0.01,0.0,31.5,14.47,1.43,0.85,0.11,0.06,61.58,196.7,4.3,5.95,4.48,0.0
5143,LUXCHEM CORPORATION BERHAD,Industrial Products & Services,0.445,0.34,0.33,0.6,398.6M,12.35,11.0,4.2,9.44,2.25,5.06,2018-12-01,10,0,1,9.04,4.23,2.74,4.94,0.88,0.04,0.01,9.44,25.51,11.51,5.6,4.4,2.62,17.7,2.86,32.86,30.29,13.86,0.02,0.01,44.79,8.27,1.94,1.73,,,16.81,55.38,11.98,10.32,9.17,9.4
5134,SOUTHERN ACIDS (M) BERHAD,Industrial Products & Services,2.95,4.49,2.7,3.98,404.0M,3.87,17.0,17.39,5.89,5.0,1.69,2019-03-01,10,0,0,4.02,6.78,1.85,4.96,1.4,0.21,0.07,16.95,71.59,-10.98,7.11,6.82,1.84,6.1,1.97,16.76,15.8,4.33,0.06,0.01,24.67,7.14,2.03,1.07,,,31.78,85.48,8.97,23.39,2.11,3.27
5105,CAN-ONE BERHAD,Industrial Products & Services,2.26,9.019,1.6,3.99,434.3M,41.54,1.0,374.69,165.79,4.0,1.77,2018-12-01,10,0,0,8.53,15.9,7.42,8.26,4.91,0.4,0.27,38.12,141.38,-11.64,7.87,15.81,7.34,17.02,13.38,7.44,7.51,2.85,0.04,0.01,13.1,6.59,1.71,0.63,0.45,0.15,68.22,155.97,13.76,12.76,9.69,11.49
5095,HEVEABOARD BERHAD,Industrial Products & Services,0.335,0.77,0.23,0.73,190.2M,3.22,14.0,2.48,7.4,5.0,14.93,2018-12-01,10,0,0,5.54,7.73,5.45,7.64,4.46,0.07,0.05,43.67,130.2,-7.04,27.91,7.82,5.53,12.31,6.59,26.54,21.87,14.88,0.02,0.03,41.58,47.02,2.79,4.37,0.34,0.35,22.2,73.69,4.0,9.49,2.83,2.77
5065,ORNAPAPER BERHAD,Industrial Products & Services,0.935,2.36,0.7,1.42,70.4M,7.44,5.0,17.55,18.77,3.0,3.21,2018-12-01,10,0,0,11.69,13.28,4.23,3.08,0.65,0.11,0.04,14.21,37.32,3.29,13.97,12.77,4.05,6.28,1.63,8.82,8.47,2.22,0.01,0.01,28.47,2.99,1.41,1.44,0.05,0.02,9.2,86.08,10.11,13.15,7.33,6.26
5015,APM AUTOMOTIVE HOLDINGS BERHAD,Industrial Products & Services,1.63,6.51,1.5,3.05,328.6M,2.08,12.0,13.51,8.29,12.0,7.36,2018-12-01,10,0,0,8.98,10.2,2.74,7.13,2.86,0.43,0.18,-3.03,29.72,-20.82,-2.66,10.22,2.86,9.73,5.21,11.39,10.63,3.09,0.18,0.03,49.74,16.92,4.71,1.02,,,21.64,98.67,4.68,9.98,1.17,3.53
4731,SCIENTEX BERHAD,Industrial Products & Services,7.48,4.57,5.96,9.87,"3,858.8M",16.32,10.0,74.58,9.97,20.0,2.67,2019-07-01,10,0,0,7.92,6.57,1.52,9.78,0.84,0.38,0.18,23.99,19.12,14.75,22.59,6.6,1.53,18.6,2.23,17.52,16.07,4.02,0.11,0.05,29.1,3.36,2.01,0.6,0.12,0.08,27.26,35.1,20.8,10.69,15.34,20.34
3883,MUDA HOLDINGS BERHAD,Industrial Products & Services,1.07,3.47,0.835,1.89,326.4M,3.72,8.0,12.9,12.06,4.5,4.21,2018-12-01,10,0,0,18.14,11.1,6.11,3.44,1.38,0.13,0.06,41.11,94.5,12.35,4.74,10.93,6.01,5.52,2.43,17.53,13.04,8.11,0.03,0.0,34.36,20.96,2.68,0.83,0.17,0.07,6.11,16.63,9.68,11.08,8.12,7.04
3476,KECK SENG (MALAYSIA) BERHAD,Industrial Products & Services,3.5,6.25,3.3,4.9,"1,265.2M",3.92,14.0,24.47,6.99,10.0,2.86,2018-12-01,10,0,0,2.13,7.06,5.85,11.6,8.15,0.3,0.15,10.82,61.67,-24.48,-5.14,6.34,3.78,6.78,5.58,37.24,24.24,18.26,0.1,0.01,49.1,49.41,1.98,0.29,0.11,0.02,40.57,108.13,1.45,15.07,0.19,-3.78
1368,UEM EDGENTA BERHAD,Industrial Products & Services,2.6,1.89,1.88,3.52,"2,162.2M",11.57,12.0,21.86,8.41,14.0,5.38,2018-12-01,10,0,0,5.91,9.01,4.43,8.93,4.35,0.24,0.1,37.99,141.43,0.81,-8.42,9.48,3.93,17.13,6.79,15.22,12.53,5.41,0.09,0.04,68.54,59.47,3.69,1.5,0.31,0.15,139.32,219.67,33.99,111.54,25.9,12.68
0149,FIBON BERHAD,Industrial Products & Services,0.26,0.51,0.2,0.44,25.5M,4.88,10.0,2.49,9.58,0.72,2.77,2019-05-01,10,0,0,7.56,8.45,2.97,26.18,4.14,0.04,0.01,79.6,306.43,-6.79,-16.33,8.66,2.99,12.92,4.8,13.25,12.82,3.92,0.01,0.0,29.67,26.41,1.97,0.8,,,8.99,78.58,0.41,14.96,-0.01,-0.73
0099,SCICOM (MSC) BERHAD,Industrial Products & Services,0.715,0.29,0.48,1.3,254.1M,20.83,12.0,6.04,8.45,5.5,7.69,2019-06-01,10,0,0,6.87,6.67,2.15,14.81,5.31,0.07,0.03,13.32,31.6,-2.7,8.65,6.75,2.34,30.56,11.24,16.75,16.52,5.1,0.06,0.03,78.28,27.57,5.33,1.77,,,24.93,65.59,1.79,11.8,0.13,1.09
7178,Y.S.P.SOUTHEAST ASIA HOLDING BERHAD,Health Care,1.81,2.35,1.45,2.883,252.9M,7.01,11.0,16.47,9.1,17.0,9.39,2018-12-01,10,0,0,9.26,9.16,2.63,9.49,1.67,0.15,0.04,9.04,31.9,12.43,1.99,9.37,2.89,8.44,1.64,14.05,11.95,4.31,0.07,0.0,45.51,11.75,4.18,1.33,0.07,0.02,101.29,302.06,9.25,3.3,8.64,8.82
7153,KOSSAN RUBBER INDUSTRIES BERHAD,Health Care,5.14,1.11,3.47,5.43,"6,573.7M",15.84,29.0,17.58,3.42,6.0,1.17,2018-12-01,10,0,1,3.76,2.3,0.75,9.79,1.37,0.11,0.04,15.93,26.63,7.93,13.04,2.3,0.78,19.89,3.47,55.28,48.71,16.79,0.04,0.02,29.09,10.06,0.69,0.31,0.1,0.04,28.63,62.55,11.28,9.05,10.37,9.08
7113,TOP GLOVE CORPORATION BHD,Health Care,6.41,1.55,4.21,6.69,"16,427.8M",9.61,43.0,14.9,2.32,7.5,1.17,2019-08-01,10,0,0,2.86,1.85,0.73,9.36,2.02,0.11,0.04,13.96,37.23,14.37,7.1,1.85,0.71,17.29,4.1,63.78,61.24,19.32,0.05,0.02,42.88,11.7,0.92,0.43,0.25,0.25,8.66,29.31,12.67,11.25,16.11,12.12
7106,SUPERMAX CORPORATION BERHAD,Health Care,1.63,0.86,1.29,1.93,"2,217.3M",8.94,21.0,7.69,4.72,0.0,0.0,2019-06-01,10,0,0,5.53,4.1,1.22,10.96,3.13,0.09,0.02,3.82,29.99,1.16,7.36,4.14,1.21,14.61,6.03,34.35,27.07,10.5,0.02,0.01,41.93,11.51,0.95,0.22,0.14,0.07,18.0,69.57,7.54,8.43,7.22,6.27
7090,APEX HEALTHCARE BERHAD,Health Care,2.09,0.9,1.77,2.5,987.2M,12.41,19.0,11.17,5.34,1.7,0.81,2018-12-01,10,0,0,5.59,2.14,1.22,7.59,1.24,1.3,3.71,6.76,11.93,186.78,77.77,57.04,165.96,14.3,1.96,43.42,55.8,23.52,0.02,0.01,31.47,5.62,0.63,0.28,0.04,0.02,5.8,26.85,9.85,4.85,9.3,9.67
7081,PHARMANIAGA BERHAD,Health Care,1.5,1.29,0.91,2.88,391.8M,-44.28,-3.0,-57.12,-38.08,16.0,10.67,2018-12-01,10,0,0,7.81,5.0,1.79,3.1,0.95,0.22,0.07,4.47,41.84,-5.24,-3.47,4.99,1.78,11.96,3.46,28.78,23.45,10.34,0.18,0.08,97.67,32.9,4.3,2.47,0.02,0.0,169.25,262.77,7.14,5.28,4.15,6.26
5878,KPJ HEALTHCARE BERHAD,Health Care,0.885,0.43,0.72,1.04,"3,931.1M",11.07,19.0,4.76,5.38,2.0,2.26,2019-12-01,10,0,1,5.01,1.72,1.53,5.73,1.01,0.03,0.01,5.33,20.99,6.19,3.27,1.77,1.6,12.06,2.93,105.12,101.19,54.73,0.02,0.0,52.77,7.15,0.82,0.66,0.61,0.36,29.46,63.46,9.54,3.61,6.43,9.49
5225,IHH HEALTHCARE BERHAD,Health Care,5.03,2.55,4.55,5.95,"44,133.2M",2.47,80.0,6.29,1.25,4.0,0.8,2018-12-01,10,0,0,1.38,1.77,0.52,8.07,3.2,0.08,0.03,42.99,114.04,-3.34,0.0,1.81,0.54,5.21,5.0,41.86,47.92,28.05,0.01,0.01,58.6,63.38,0.3,0.24,0.43,0.62,35.15,78.83,13.06,9.88,11.27,0.0
5168,HARTALEGA HOLDINGS BERHAD,Health Care,7.04,0.73,4.62,7.1,"23,819.2M",16.62,58.0,12.13,1.72,8.2,1.16,2019-03-01,10,0,0,2.91,1.49,0.65,20.15,3.45,0.08,0.03,20.1,46.48,12.33,16.6,1.54,0.66,28.96,10.34,84.84,77.84,33.03,0.04,0.02,48.42,14.58,0.69,0.42,0.07,0.04,19.21,26.78,19.86,10.02,20.62,20.36
1818,BURSA MALAYSIA BERHAD,Financial Services,4.99,0.94,4.32,7.13,"4,034.4M",24.46,22.0,22.99,4.61,20.8,4.17,2019-12-01,10,0,0,3.78,2.96,0.58,39.53,2.81,0.23,0.04,2.19,18.49,-1.39,0.26,2.95,0.61,21.72,4.23,40.07,35.46,8.08,0.21,0.04,91.4,3.25,2.71,0.61,0.01,0.0,5.57,14.26,5.14,7.04,0.37,4.9
7277,DIALOG GROUP BERHAD,Energy,3.09,0.703,2.7,3.57,"17,432.7M",15.31,29.0,10.76,3.48,3.8,1.23,2019-06-01,10,0,0,2.92,2.47,0.94,12.4,3.96,0.05,0.02,16.88,11.13,17.07,16.35,2.44,1.05,17.69,5.11,60.21,52.24,26.73,0.02,0.01,36.47,3.75,0.85,0.31,0.31,0.13,30.26,84.7,9.76,19.41,-1.33,8.01
5132,DELEUM BERHAD,Energy,0.555,0.87,0.34,1.14,222.9M,9.48,7.0,8.25,14.86,4.4,7.93,2018-12-01,10,0,1,7.0,7.46,2.87,6.87,2.0,0.1,0.03,4.19,27.91,-11.44,1.51,7.59,2.87,15.74,5.12,23.66,15.86,8.6,0.05,0.02,50.03,8.77,3.8,1.87,0.13,0.11,26.23,99.33,3.49,16.72,5.17,3.91
9792,SEG INTERNATIONAL BHD,Consumer Products & Services,0.61,0.0755,0.595,0.645,771.4M,49.14,16.0,3.71,6.08,2.5,4.1,2018-12-01,10,0,2,5.34,2.93,1.35,14.85,5.94,0.03,0.02,17.5,50.12,4.62,10.36,2.86,1.15,21.28,12.46,45.08,40.94,15.81,0.04,0.02,141.65,104.32,3.42,1.98,0.12,0.12,16.42,53.45,4.77,12.61,1.28,7.07
9288,BONIA CORPORATION BERHAD,Consumer Products & Services,0.485,1.9295,0.32,1.44,97.8M,5.07,5.0,9.79,20.19,2.0,4.12,2019-06-01,10,1,1,27.99,17.23,7.89,6.32,1.85,0.17,0.05,3.69,31.41,-20.0,-1.31,17.18,7.88,11.84,5.31,11.68,7.85,4.91,0.04,0.02,28.92,9.52,4.46,3.73,0.18,0.07,9.07,23.78,5.16,15.71,-7.78,3.89
9172,FORMOSA PROSONIC INDUSTRIES BERHAD,Consumer Products & Services,1.23,1.25,1.08,1.82,304.3M,13.5,7.0,16.88,13.72,11.0,8.94,2018-12-01,10,0,0,9.3,9.71,4.97,4.64,2.31,0.1,0.05,50.25,98.32,10.9,7.93,9.72,4.99,9.62,4.57,19.6,14.24,9.31,0.06,0.02,64.57,19.75,6.04,2.77,,,83.8,197.12,1.62,24.05,0.16,0.3
7757,UPA CORPORATION BHD,Consumer Products & Services,1.9,3.33,1.74,2.3,151.2M,4.18,14.0,13.91,7.32,8.0,4.21,2018-12-01,10,0,0,5.39,12.32,4.4,18.46,18.61,0.23,0.12,6.12,41.83,-5.75,-5.91,12.31,4.42,8.82,3.55,12.17,9.41,4.04,0.09,0.01,45.43,14.66,5.21,1.7,0.02,0.01,16.03,76.99,67.46,182.58,3.27,22.85
7668,HAI-O ENTERPRISE BERHAD,Consumer Products & Services,1.39,1.02,1.12,2.77,417.4M,10.67,13.0,10.88,7.83,13.0,9.35,2019-04-01,10,0,0,6.42,5.34,0.81,14.4,1.62,0.16,0.05,4.66,35.58,3.79,-2.48,5.32,0.86,19.26,7.36,19.71,19.31,3.13,0.11,0.04,67.38,20.76,3.86,1.25,0.04,0.02,20.3,90.05,1.38,25.71,5.11,-2.87
7252,TEO SENG CAPITAL BERHAD,Consumer Products & Services,1.02,1.04,0.65,1.43,306.0M,18.86,5.0,19.61,19.23,6.0,5.88,2018-12-01,10,0,0,7.75,8.67,3.54,7.53,3.13,0.08,0.04,109.74,280.02,5.35,6.44,8.56,3.46,18.44,8.32,52.04,20.22,25.76,0.02,0.01,29.73,17.91,1.72,0.94,0.12,0.07,122.4,329.59,13.49,10.0,8.19,11.01
7237,POWER ROOT BERHAD,Consumer Products & Services,1.9,0.66,1.255,2.431,780.1M,16.11,18.0,10.63,5.59,8.0,4.21,2019-03-01,10,0,0,5.46,4.83,1.39,8.6,3.14,0.07,0.04,10.13,85.01,-4.61,-4.45,4.83,1.45,11.52,5.88,43.55,25.27,16.1,0.06,0.03,125.1,36.08,4.54,1.46,0.01,0.0,51.36,116.44,10.04,13.5,3.18,5.93
7216,KAWAN FOOD BERHAD,Consumer Products & Services,1.1,0.9,0.815,1.7,395.5M,3.63,34.0,3.27,2.97,2.5,2.27,2018-12-01,10,0,0,4.6,4.4,1.26,14.68,2.3,0.08,0.02,2.76,17.83,-1.25,4.83,4.42,1.36,13.38,3.08,32.89,25.55,10.41,0.01,0.01,18.29,8.22,0.78,0.61,0.05,0.03,18.56,77.45,9.72,5.13,9.6,10.27
7205,COCOALAND HOLDINGS BERHAD,Consumer Products & Services,1.74,1.09,1.39,2.22,398.1M,14.89,11.0,16.23,9.33,10.0,5.75,2018-12-01,10,0,0,6.87,5.55,1.67,11.26,2.77,0.12,0.04,7.62,33.77,7.0,9.92,5.53,1.76,13.24,4.13,28.26,20.78,9.07,0.07,0.05,60.72,17.03,3.3,2.37,,,58.88,149.48,7.94,10.68,-0.05,7.03
7202,CLASSIC SCENIC BERHAD,Consumer Products & Services,0.6,0.77,0.57,1.09,72.3M,6.74,12.0,5.19,8.65,5.0,8.33,2018-12-01,10,0,0,5.86,8.01,2.44,19.14,3.16,0.09,0.02,2.82,28.76,-4.57,-0.8,8.21,2.38,11.2,2.06,12.6,13.08,3.22,0.09,0.02,111.78,26.29,8.18,2.94,,,13.23,50.66,6.12,15.22,3.73,2.87
7152,JAYCORP BERHAD,Consumer Products & Services,0.745,1.2,0.68,1.22,102.3M,11.51,5.0,13.81,18.54,10.0,13.42,2019-07-01,10,0,0,15.27,10.52,4.09,4.21,1.83,0.09,0.05,45.93,111.46,18.38,4.46,10.43,3.95,9.22,4.58,17.24,11.79,6.38,0.06,0.03,65.99,26.58,6.67,2.19,0.05,0.01,60.97,153.19,3.5,13.42,6.38,2.45
7149,ENG KAH CORPORATION BERHAD,Consumer Products & Services,0.85,1.0,0.72,1.12,60.1M,1.1,77.0,1.1,1.29,0.0,0.0,2018-12-01,10,0,0,10.01,4.93,2.39,9.57,3.99,0.11,0.06,33.64,133.22,-2.8,-4.96,5.02,2.33,9.6,5.01,28.3,24.43,10.8,0.13,0.07,125.0,76.31,5.95,2.09,0.01,0.0,-11.12,63.94,-2.04,13.6,-2.33,-2.24
7129,ASIA FILE CORPORATION BHD,Consumer Products & Services,1.7,3.152,1.3,2.6,331.1M,6.77,8.0,21.35,12.56,14.0,8.24,2019-03-01,10,0,0,9.65,7.51,1.89,16.93,2.78,0.29,0.05,0.22,25.45,-5.34,-5.12,7.49,1.92,12.96,3.13,15.67,14.24,3.68,0.15,0.03,54.16,10.29,4.0,1.2,0.02,0.02,9.94,54.98,2.71,9.3,-2.17,0.91
7119,DEGEM BERHAD,Consumer Products & Services,1.03,1.94,0.76,1.13,138.0M,1.7,31.0,3.29,3.19,0.0,0.0,2018-12-01,9,0,0,0.0,12.37,6.27,7.05,2.77,0.11,0.05,8.23,38.25,-4.17,0.01,12.21,6.33,8.84,3.08,9.65,8.36,3.22,0.02,0.01,19.9,7.49,1.78,1.25,0.15,0.01,30.51,77.56,-1.15,10.81,-7.12,-2.53
7107,ORIENTAL FOOD INDUSTRIES HOLDINGS BERHAD,Consumer Products & Services,0.6,0.81,0.45,0.9,144.0M,6.15,12.0,4.98,8.3,2.2,3.67,2019-03-01,10,0,0,7.58,5.4,1.49,7.1,2.0,0.09,0.02,-0.31,33.16,-15.15,-3.14,5.44,1.56,10.47,2.74,29.7,20.81,9.21,0.04,0.01,48.87,15.61,2.53,0.9,0.04,0.02,24.03,74.55,9.94,9.09,4.78,9.24
7103,SPRITZER BHD,Consumer Products & Services,1.92,1.9778,1.7,2.4,403.2M,7.52,13.0,14.88,7.75,3.5,1.82,2018-12-01,10,0,0,5.08,5.96,1.27,8.1,1.48,0.12,0.04,12.95,32.52,-3.15,3.52,5.96,1.32,9.07,2.5,21.53,17.88,5.08,0.04,0.01,37.3,2.6,1.84,0.41,0.13,0.11,16.55,53.62,13.57,5.42,10.21,12.62
7089,LII HEN INDUSTRIES BHD.,Consumer Products & Services,1.88,2.08,1.57,3.29,338.4M,20.93,4.0,43.54,23.16,14.5,7.71,2018-12-01,10,0,1,10.31,8.82,3.47,7.63,2.28,0.21,0.13,23.89,47.79,26.39,26.47,8.88,3.46,19.06,6.18,17.25,13.56,6.43,0.07,0.05,34.46,5.34,3.03,1.47,0.04,0.02,39.81,82.85,16.15,11.97,20.46,16.55
7088,POH HUAT RESOURCES HOLDINGS BERHAD,Consumer Products & Services,0.795,1.5986,0.69,1.589,194.3M,12.02,4.0,19.22,24.18,0.0,0.0,2019-10-01,10,0,1,14.37,12.69,3.03,6.08,2.51,0.15,0.08,34.26,77.29,-0.59,17.32,12.51,3.36,14.19,5.33,13.23,8.99,4.09,0.04,0.03,25.15,9.82,3.16,1.2,0.02,0.01,50.15,122.72,8.17,8.36,13.2,7.84
7087,MAGNI-TECH INDUSTRIES BERHAD,Consumer Products & Services,1.69,1.37,1.24,2.74,733.4M,19.31,6.0,26.46,15.66,8.62,5.1,2019-04-01,10,0,0,5.1,4.39,0.88,7.22,2.16,0.14,0.08,26.81,26.64,19.55,23.83,4.39,0.85,20.06,6.13,25.43,23.7,4.93,0.03,0.02,23.42,5.08,1.12,0.39,,,48.9,124.41,11.3,11.59,10.5,10.71
7085,LTKM BERHAD,Consumer Products & Services,1.12,1.98,0.975,1.36,145.7M,7.01,8.0,13.87,12.38,2.0,1.79,2019-03-01,10,0,1,13.69,6.23,3.31,9.7,6.4,0.13,0.09,111.45,220.8,-5.8,8.36,6.16,3.43,10.21,7.29,96.68,35.72,51.36,0.04,0.01,35.7,20.82,2.09,0.57,0.14,0.09,69.34,148.64,4.9,8.3,1.97,3.93
7084,QL RESOURCES BERHAD,Consumer Products & Services,7.9,1.27,6.5,8.65,"12,817.3M",11.63,53.0,14.77,1.87,4.5,0.57,2019-03-01,10,0,0,1.94,2.86,0.57,6.63,0.39,0.1,0.02,12.66,7.89,3.84,6.02,2.85,0.55,15.23,3.7,38.82,36.47,7.19,0.03,0.01,26.11,2.83,0.7,0.16,0.31,0.1,12.99,45.58,10.56,4.33,8.05,9.98
7060,NEW HOONG FATT HOLDINGS BERHAD,Consumer Products & Services,1.91,5.61,1.9,2.86,157.9M,3.21,11.0,17.99,9.42,3.0,1.57,2018-12-01,10,0,0,6.27,9.31,2.51,9.4,2.3,0.25,0.06,1.42,36.7,-7.02,-2.63,9.38,2.58,6.93,2.43,13.48,11.62,3.7,0.1,0.0,42.17,14.34,3.71,0.52,0.03,0.01,6.92,29.69,2.79,5.63,4.06,4.29
7035,CCK CONSOLIDATED HOLDINGS BERHAD,Consumer Products & Services,0.49,0.44,0.3,0.65,309.1M,12.11,9.0,5.33,10.88,1.25,2.55,2018-12-01,10,0,0,7.85,4.02,2.94,3.65,0.97,0.03,0.01,16.88,33.1,16.88,-0.84,4.1,3.29,10.18,2.87,54.95,37.74,24.15,0.01,0.0,52.94,35.04,1.38,0.68,0.02,0.01,10.34,33.84,7.43,3.37,8.03,7.96
7006,LATITUDE TREE HOLDINGS BERHAD,Consumer Products & Services,1.9,5.95,1.8,4.05,184.7M,0.53,61.0,3.13,1.65,6.0,3.16,2019-06-01,10,0,0,5.27,16.27,7.4,5.67,3.32,0.4,0.26,30.51,73.76,-18.78,3.34,16.28,7.5,11.47,6.66,16.22,9.18,7.68,0.06,0.04,19.52,9.05,2.88,1.7,0.06,0.05,-1.42,39.7,6.92,12.31,2.3,6.26
6599,AEON CO. (M) BHD,Consumer Products & Services,1.07,1.21,0.91,1.83,"1,502.3M",6.43,14.0,7.78,7.27,4.0,3.74,2018-12-01,10,0,1,5.27,3.33,1.79,4.51,1.79,0.11,0.04,0.67,23.86,-14.56,-1.37,3.29,1.7,11.14,4.66,59.53,44.96,30.18,0.04,0.01,40.4,13.58,1.46,0.93,0.12,0.06,11.49,27.17,2.18,9.03,4.38,2.4
6432,APOLLO FOOD HOLDINGS BERHAD,Consumer Products & Services,3.0,2.99,2.45,4.09,240.0M,5.93,17.0,17.74,5.91,20.0,6.67,2019-04-01,10,0,0,5.52,7.34,2.34,11.58,3.07,0.29,0.09,3.65,33.08,-12.22,-1.81,7.34,2.31,10.05,3.1,18.64,15.33,5.72,0.24,0.03,85.47,36.51,5.97,1.08,,,-0.19,25.69,1.02,7.67,-3.09,0.73
5886,MINTYE BERHAD,Consumer Products & Services,1.3,1.78,0.76,1.36,79.0M,0.04,1929.0,0.07,0.05,1.5,1.15,2019-01-01,10,0,0,4.1,5.26,2.35,7.86,3.02,0.07,0.03,-9.63,29.21,-16.64,-0.77,5.48,2.16,3.78,1.66,29.52,21.69,10.42,0.06,0.04,143.2,108.26,5.27,2.42,,,-1.99,77.9,-1.34,6.67,-1.27,-1.82
5681,PETRONAS DAGANGAN BHD,Consumer Products & Services,20.1,6.02,17.5,26.409,"19,968.4M",13.87,24.0,83.5,4.15,85.0,4.23,2019-12-01,10,0,0,3.62,3.92,1.08,3.31,1.09,0.88,0.25,8.39,36.75,10.58,1.0,3.91,1.07,17.09,4.11,27.23,27.31,6.51,0.62,0.11,77.39,12.53,2.78,0.51,0.02,0.01,9.55,102.75,3.2,14.74,-1.3,3.99
5584,YEE LEE CORPORATION BHD,Consumer Products & Services,1.75,3.3778,1.7,2.35,335.3M,3.66,14.0,12.35,7.06,4.0,2.29,2018-12-01,10,0,1,8.92,11.01,2.72,3.59,0.71,0.16,0.04,8.73,24.05,0.67,7.04,11.09,2.77,8.28,1.58,10.07,9.62,2.52,0.03,0.01,16.19,5.89,1.97,0.73,0.04,0.02,28.85,61.73,5.92,11.54,11.25,4.92
5517,SHANGRI-LA HOTELS (MALAYSIA) BERHAD,Consumer Products & Services,4.29,2.3999,4.23,5.9,"1,887.6M",6.0,30.0,14.39,3.35,15.0,3.5,2018-12-01,10,0,0,3.21,3.75,1.26,16.3,5.04,0.18,0.06,18.26,50.52,-11.55,3.66,3.72,1.27,8.6,2.77,30.13,29.51,8.13,0.11,0.03,59.42,12.55,2.39,0.63,0.06,0.04,1.59,11.19,4.74,5.42,1.5,2.86
5278,RHONE MA HOLDINGS BERHAD,Consumer Products & Services,0.62,0.59,0.59,0.845,121.3M,7.49,14.0,4.42,7.13,3.0,4.84,2018-12-01,6,0,0,8.26,7.87,0.94,11.95,4.17,0.08,0.01,-2.29,25.22,-5.4,0.0,8.75,0.89,14.85,5.19,6.9,7.71,5.55,0.02,0.02,65.5,7.6,3.08,3.23,0.08,0.03,3.28,36.69,10.26,6.49,10.07,0.0
5275,MYNEWS HOLDINGS BERHAD,Consumer Products & Services,0.705,0.45,0.575,1.49,480.9M,7.47,21.0,3.36,4.77,1.0,1.42,2019-10-01,5,0,0,3.09,2.28,0.61,6.5,0.69,0.04,0.0,8.43,6.72,0.0,0.0,2.29,0.6,14.93,5.38,30.25,37.4,21.61,0.01,0.0,57.6,45.03,0.61,0.13,0.09,0.08,223.65,324.39,24.27,4.87,0.0,0.0
5250,7-ELEVEN MALAYSIA HOLDINGS BERHAD,Consumer Products & Services,1.36,0.0893,1.21,1.56,"1,677.4M",49.05,31.0,4.38,3.22,2.4,1.76,2018-12-01,9,0,0,3.12,2.79,0.55,2.5,0.37,0.03,0.01,10.98,17.26,5.38,0.0,2.58,0.6,43.71,20.03,37.5,28.12,23.3,0.01,0.01,54.22,3.82,1.02,0.77,0.29,0.25,23.18,74.95,6.82,3.63,5.8,0.0
5248,BERMAZ AUTO BERHAD,Consumer Products & Services,1.16,0.4118,0.935,2.78,"1,349.7M",33.0,9.0,13.59,11.72,21.25,18.32,2019-04-01,10,0,0,9.43,6.3,1.75,7.66,2.23,0.11,0.07,52.35,67.3,13.46,0.0,6.27,1.82,43.5,13.35,11.22,10.31,9.06,0.05,0.05,55.78,28.71,3.64,1.75,0.12,0.07,133.5,285.48,31.29,33.48,11.67,0.0
5247,KAREX BERHAD,Consumer Products & Services,0.42,0.48,0.26,0.665,421.0M,-0.19,-465.0,-0.09,-0.21,0.5,1.19,2019-06-01,10,0,0,0.55,1.66,0.69,9.93,6.54,0.03,0.02,5.18,75.12,-45.18,0.0,1.58,0.87,16.2,11.07,41.0,31.59,30.48,0.01,0.01,56.52,32.81,0.9,0.6,0.06,0.04,190.69,340.05,10.95,12.69,11.47,0.0
5245,CARING PHARMACY GROUP BERHAD,Consumer Products & Services,2.58,0.67,1.86,2.6,561.7M,13.73,28.0,9.2,3.57,6.0,2.33,2019-05-01,7,0,0,5.02,4.21,1.45,3.79,1.45,0.07,0.03,5.88,43.76,4.97,0.0,4.23,1.56,15.2,8.45,29.16,24.53,16.7,0.02,0.02,45.96,11.29,1.28,0.76,0.08,0.04,58.06,144.85,12.18,3.16,12.11,0.0
5196,BERJAYA FOOD BERHAD,Consumer Products & Services,1.16,1.0423,1.0,1.81,443.3M,4.24,26.0,4.42,3.81,4.0,3.45,2018-04-01,9,0,0,0.16,6.23,8.84,13.83,13.09,0.11,0.16,60.36,232.39,-45.64,0.0,6.29,8.88,18.97,17.75,27.11,27.1,13.53,0.03,0.02,,,1.91,1.19,0.39,0.06,58.14,147.13,39.47,43.88,39.31,0.0
5160,HOMERITZ CORPORATION BERHAD,Consumer Products & Services,0.465,0.55,0.355,0.75,139.5M,15.2,6.0,8.36,17.98,3.0,6.45,2019-08-01,10,0,0,11.07,11.68,2.6,15.36,2.17,0.07,0.02,2.19,25.96,0.91,-1.68,11.45,2.61,23.02,7.56,8.62,9.12,1.73,0.03,0.01,47.37,16.96,4.82,1.02,0.04,0.02,33.14,113.4,3.72,10.67,3.04,3.14
5159,YOONG ONN CORPORATION BERHAD,Consumer Products & Services,0.565,1.44,0.43,1.21,90.4M,6.9,6.0,9.93,17.58,5.0,8.85,2019-06-01,10,0,0,13.31,13.82,3.19,11.2,1.16,0.13,0.02,3.19,9.66,1.49,2.46,13.92,3.36,14.09,2.97,7.32,7.58,1.65,0.03,0.02,25.54,8.92,3.25,1.2,0.03,0.01,116.7,215.72,7.34,8.68,5.25,6.99
5131,ZHULIAN CORPORATION BERHAD,Consumer Products & Services,1.0,1.3361,0.95,1.636,460.0M,8.06,9.0,10.77,10.77,12.0,12.0,2019-11-01,10,0,0,7.44,8.01,2.22,25.68,3.09,0.15,0.06,-3.4,24.57,1.01,-7.61,7.98,2.29,15.87,8.44,14.74,13.62,3.98,0.09,0.03,64.08,19.65,4.96,1.33,,,5.54,30.48,-4.31,17.04,-6.95,-5.99
5099,AIRASIA GROUP BERHAD,Consumer Products & Services,0.81,1.33,0.5,2.15,"2,707.0M",-7.24,-8.0,-9.63,-11.89,0.0,0.0,2018-12-01,10,0,0,34.62,14.43,10.46,19.34,11.88,0.31,0.18,102.55,199.58,35.28,0.0,12.14,8.6,21.36,11.82,22.96,13.49,10.95,0.06,0.07,16.33,12.77,2.56,2.69,1.64,0.73,58.56,208.05,14.57,16.7,17.1,14.03
5066,NTPM HOLDINGS BERHAD,Consumer Products & Services,0.385,0.4,0.295,0.575,432.4M,-0.58,-164.0,-0.23,-0.6,1.6,4.16,2019-04-01,10,0,0,1.76,6.31,2.24,8.86,3.77,0.04,0.01,-8.69,30.29,-30.18,-15.12,5.98,2.07,14.65,6.85,28.25,19.62,9.53,0.02,0.01,66.89,41.41,3.66,1.55,0.08,0.03,65.24,212.57,7.38,2.89,6.1,7.34
5024,HUP SENG INDUSTRIES BERHAD,Consumer Products & Services,0.895,0.19,0.745,1.0,716.0M,27.32,17.0,5.19,5.8,6.0,6.7,2018-12-01,10,0,0,5.97,3.76,2.18,13.85,3.01,0.05,0.01,18.36,34.41,3.18,10.33,3.81,2.27,23.47,5.82,88.16,53.26,51.7,0.03,0.02,75.87,24.29,2.94,2.29,,,4.84,13.15,4.19,3.2,4.1,3.39
4707,NESTLE (MALAYSIA) BERHAD,Consumer Products & Services,136.8,2.84,120.0,149.9,"32,079.6M",101.04,48.0,286.96,2.1,280.0,2.05,2019-12-01,10,0,0,1.95,3.11,0.65,11.49,0.98,2.41,0.39,6.85,5.55,4.08,6.7,3.09,0.65,83.01,14.01,39.2,34.26,9.25,2.33,0.5,93.76,7.29,2.97,0.67,0.24,0.16,5.07,28.07,4.08,5.18,2.79,3.95
4197,SIME DARBY BERHAD,Consumer Products & Services,1.82,2.14,1.56,2.38,"12,378.6M",6.42,13.0,13.73,7.54,10.0,5.49,2019-06-01,10,0,0,6.17,5.95,2.47,6.19,2.25,0.42,0.19,22.14,129.61,-24.21,-9.55,5.87,2.42,9.75,4.39,37.71,22.07,15.51,0.24,0.09,96.03,85.58,3.47,1.61,0.19,0.13,27.42,94.37,2.57,13.91,-3.81,1.55
4162,BRITISH AMERICAN TOBACCO (MALAYSIA) BERHAD,Consumer Products & Services,10.56,1.36,9.26,37.0,"3,015.2M",88.71,9.0,120.65,11.43,0.0,0.0,2019-12-01,10,0,0,8.02,5.28,1.04,17.71,1.66,2.42,0.64,-6.27,14.07,-17.45,-7.41,5.28,1.04,142.32,31.46,17.79,19.55,3.09,2.36,0.57,98.64,8.64,5.23,1.25,0.62,0.46,-6.8,23.05,-3.91,9.25,-12.16,-4.37
4006,ORIENTAL HOLDINGS BERHAD,Consumer Products & Services,4.97,10.7469,4.5,6.67,"3,083.4M",5.26,9.0,56.57,11.38,40.0,8.05,2018-12-01,10,0,0,12.56,7.78,2.59,7.54,1.28,0.48,0.14,9.51,32.58,22.42,3.08,7.19,2.51,5.96,1.25,17.26,15.71,5.58,0.13,0.05,27.33,10.63,1.9,0.9,0.01,0.0,52.48,139.45,7.61,14.91,18.24,1.75
3859,MAGNUM BERHAD,Consumer Products & Services,2.01,1.74,1.7,2.9,"2,889.9M",9.54,12.0,16.6,8.26,16.0,7.96,2018-12-01,10,0,0,2.87,8.92,3.69,8.65,2.3,0.21,0.09,-11.71,23.22,-17.01,-5.21,8.16,2.87,10.68,3.78,21.92,14.55,7.77,0.19,0.17,117.09,84.6,7.64,6.11,0.52,0.29,-5.16,22.46,-2.11,5.37,-2.0,-1.47
3719,PANASONIC MANUFACTURING MALAYSIA BERHAD,Consumer Products & Services,26.98,13.09,22.82,41.2,"1,638.9M",13.73,15.0,179.68,6.66,226.0,8.38,2019-03-01,10,0,0,4.61,6.22,1.01,10.43,1.41,1.61,0.45,7.71,21.64,5.52,7.81,6.24,1.01,13.51,2.72,16.96,16.45,2.72,0.75,0.39,45.61,17.04,2.77,0.78,,,7.8,31.02,5.78,6.67,4.64,6.5
3689,FRASER & NEAVE HOLDINGS BHD,Consumer Products & Services,31.0,7.24,24.12,36.3,"11,370.1M",15.66,27.0,113.36,3.66,60.0,1.94,2019-09-01,10,0,0,3.19,5.0,2.95,9.5,3.39,1.0,0.35,18.29,67.27,9.5,5.9,5.0,2.95,20.29,8.52,21.86,24.02,7.54,0.55,0.07,61.34,14.76,2.68,0.7,0.11,0.05,38.99,114.86,1.16,7.4,1.31,0.87
3514,MARCO HOLDINGS BERHAD,Consumer Products & Services,0.09,0.19,0.08,0.13,94.9M,7.74,6.0,1.47,16.33,0.3,3.33,2018-12-01,10,0,0,11.55,10.38,2.49,10.17,2.18,0.02,0.0,11.34,28.34,-4.54,8.31,11.07,3.03,11.33,3.27,12.0,9.93,3.33,0.01,0.0,47.0,25.04,7.0,2.93,,,95.73,208.8,6.35,13.03,4.86,4.88
3301,HONG LEONG INDUSTRIES BERHAD,Consumer Products & Services,7.78,5.48,6.04,11.6,"2,551.1M",17.35,8.0,95.07,12.22,50.0,6.43,2019-06-01,10,0,0,9.23,10.39,3.45,9.57,3.04,0.65,0.24,37.84,82.73,13.92,17.04,10.36,3.49,15.79,4.71,18.19,11.53,6.64,0.28,0.08,44.84,17.53,4.33,1.21,0.27,0.2,9.81,32.77,2.15,17.6,6.18,0.18
3255,HEINEKEN MALAYSIA BERHAD,Consumer Products & Services,21.46,1.3,17.3,31.74,"6,483.0M",79.69,21.0,103.6,4.83,94.0,4.38,2018-12-01,10,0,0,3.46,4.28,0.74,12.32,1.09,0.66,0.16,7.38,7.63,4.85,8.31,4.28,0.73,50.52,16.15,25.28,24.08,4.18,0.62,0.2,92.35,6.15,4.05,1.01,0.27,0.14,13.4,14.52,5.18,4.1,3.49,5.7
3182,GENTING BERHAD,Consumer Products & Services,3.9,9.18,2.91,6.924,"15,119.9M",5.61,8.0,51.48,13.2,21.5,5.51,2018-12-01,10,0,0,5.88,7.21,3.16,10.58,4.9,0.53,0.23,12.85,48.23,-6.17,8.79,6.06,2.04,8.0,5.63,24.72,18.76,7.79,0.07,0.04,17.7,18.2,0.89,0.73,0.57,0.2,18.24,47.58,11.93,23.2,4.03,8.67
3026,DUTCH LADY MILK INDUSTRIES BERHAD,Consumer Products & Services,43.5,2.26,34.0,64.5,"2,784.0M",71.18,27.0,160.87,3.7,100.0,2.3,2018-12-01,10,0,0,4.11,4.08,0.67,12.2,1.99,1.78,0.45,11.56,25.32,-1.3,11.68,4.08,0.67,69.37,27.29,26.27,25.17,4.1,0.77,0.36,44.17,11.14,1.61,0.57,,,28.81,76.58,4.88,5.69,1.31,3.95
2836,CARLSBERG BREWERY MALAYSIA BERHAD,Consumer Products & Services,24.4,0.51,17.38,39.26,"7,460.3M",186.65,26.0,95.19,3.9,100.0,4.1,2018-12-01,10,0,0,3.08,4.58,0.81,11.69,1.81,0.62,0.17,17.36,22.94,8.55,13.79,4.57,0.82,56.43,28.73,24.64,22.69,4.49,0.18,0.28,25.87,34.16,1.07,0.96,,,20.17,37.0,7.72,9.09,4.97,7.52
2658,AJINOMOTO (MALAYSIA) BERHAD,Consumer Products & Services,12.88,7.91,9.96,18.0,783.1M,11.61,14.0,91.83,7.13,47.0,3.65,2019-03-01,10,0,0,5.19,9.07,3.96,12.75,10.83,0.81,0.78,40.06,117.25,15.08,11.55,9.04,3.96,15.26,10.98,14.57,12.96,5.06,0.25,0.11,40.3,11.8,3.32,1.02,,,11.46,26.93,5.29,5.33,5.33,6.27
1562,BERJAYA SPORTS TOTO BERHAD,Consumer Products & Services,2.22,0.59,1.94,2.82,"2,999.3M",19.78,19.0,11.67,5.26,16.0,7.21,2018-04-01,10,0,1,6.19,7.8,1.47,8.28,2.84,0.25,0.04,-4.84,11.41,-9.8,-3.29,7.84,1.49,63.77,23.24,12.96,13.19,2.34,0.2,0.04,,,6.2,0.99,0.72,0.22,-3.82,14.29,5.23,9.12,9.3,5.62
0197,WEGMANS HOLDINGS BERHAD,Consumer Products & Services,0.13,0.16,0.1,0.37,65.0M,9.94,8.0,1.59,12.23,0.5,3.85,2018-12-01,5,0,0,9.22,13.4,4.18,18.37,8.73,0.04,0.02,90.84,149.96,0.0,0.0,11.61,0.5,60.48,29.33,4.5,3.45,4.23,0.0,0.0,10.5,0.0,1.85,1.85,0.3,0.17,59.76,97.78,27.04,25.8,0.0,0.0
0186,PERAK TRANSIT BERHAD,Consumer Products & Services,0.18,0.2324,0.125,0.27,256.1M,12.01,6.0,2.79,15.5,0.95,5.28,2018-12-01,6,0,0,11.52,10.38,1.83,22.78,6.71,0.02,0.01,41.31,24.75,39.34,0.0,10.23,2.46,14.3,2.5,7.0,6.93,5.34,0.0,0.0,30.15,12.95,2.13,2.13,0.73,0.23,34.52,56.12,12.48,10.08,12.01,0.0
0136,GREENYIELD BERHAD,Consumer Products & Services,0.085,0.162,0.07,0.165,28.4M,6.23,8.0,1.01,11.88,0.2,2.35,2018-07-01,8,0,0,0.0,5.38,3.48,10.36,6.13,0.01,0.01,-10.64,48.25,-50.97,-25.86,5.5,3.56,9.67,6.41,15.38,14.58,3.78,0.01,0.0,68.33,27.68,4.52,2.35,0.14,0.12,1.71,47.55,7.17,22.3,-2.3,2.37
0049,OCEANCASH PACIFIC BERHAD,Consumer Products & Services,0.415,0.4015,0.29,0.82,101.8M,7.22,14.0,2.9,6.99,1.0,2.41,2018-12-01,10,0,0,5.63,8.46,3.41,7.48,3.08,0.02,0.01,19.26,57.98,-1.34,29.24,8.36,3.01,9.66,3.65,14.38,13.68,5.02,0.0,0.0,19.36,4.5,1.04,1.07,0.07,0.04,15.8,51.26,5.19,5.57,4.43,5.56
9598,PINTARAS JAYA BHD,Construction,2.49,1.98,1.8,3.43,413.0M,15.43,8.0,30.55,12.27,20.0,8.03,2019-06-01,10,0,0,6.45,6.63,1.85,19.94,6.25,0.22,0.09,23.83,53.88,-14.22,8.18,6.81,2.22,12.69,5.24,22.1,17.1,7.8,0.15,0.05,90.73,75.8,4.68,1.9,0.06,0.0,16.05,62.13,25.56,75.19,9.36,9.26
8761,BREM HOLDING BERHAD,Construction,0.565,1.7,0.52,0.8,195.2M,6.01,6.0,10.22,18.09,4.0,7.08,2019-03-01,10,0,1,5.7,7.13,3.54,18.76,10.41,0.08,0.04,85.59,239.16,-16.14,-1.79,7.0,3.64,5.68,3.0,47.72,22.87,22.42,0.02,0.01,53.01,63.27,1.98,0.95,0.15,0.04,38.94,102.6,8.45,35.31,-3.32,0.58
5263,SUNWAY CONSTRUCTION GROUP BERHAD,Construction,1.62,0.48,1.25,2.2,"2,094.5M",20.83,16.0,10.0,6.17,7.0,4.32,2018-12-01,7,0,0,5.88,6.08,1.39,5.81,1.33,0.09,0.03,20.92,30.55,16.59,0.0,6.49,1.79,22.73,8.06,12.55,11.93,8.59,0.03,0.03,63.03,8.18,2.19,1.87,0.03,0.0,54.1,88.77,8.21,10.89,4.17,0.0
5253,ECONPILE HOLDINGS BERHAD,Construction,0.49,0.3,0.3,0.88,655.4M,15.57,11.0,4.67,9.53,0.5,1.02,2019-06-01,7,0,1,2.7,4.18,2.13,9.97,3.65,0.04,0.02,7.1,36.7,-7.46,0.0,4.03,2.6,24.73,7.78,36.0,29.83,21.56,0.01,0.01,29.9,16.68,0.8,0.92,0.05,0.04,31.5,78.32,10.13,12.29,9.64,0.0
4723,JAKS RESOURCES BERHAD,Construction,0.885,1.52,0.62,1.57,576.2M,10.97,5.0,16.68,18.85,0.0,0.0,2018-12-01,10,0,0,2.21,9.32,16.06,4.51,5.39,0.06,0.09,122.54,315.78,10.99,15.43,7.72,17.35,4.44,6.05,26.5,26.91,21.37,0.0,0.0,,,0.0,0.0,0.4,0.25,68.14,197.62,11.12,20.55,2.34,10.73
3336,IJM CORPORATION BERHAD,Construction,1.7,2.64,1.15,2.51,"6,186.8M",4.37,15.0,11.54,6.79,4.0,2.35,2019-03-01,10,0,0,5.2,3.43,1.48,9.78,2.79,0.14,0.03,18.91,69.65,-16.75,3.1,3.46,1.53,7.25,2.57,37.16,34.49,13.36,0.06,0.02,54.59,18.36,1.52,0.73,0.49,0.1,8.44,57.39,4.53,13.65,-1.38,1.9
0192,INTA BINA GROUP BERHAD,Construction,0.18,0.256,0.15,0.325,96.3M,16.37,4.0,4.19,23.28,1.0,5.56,2018-12-01,5,0,0,14.54,12.97,1.78,4.89,0.55,0.03,0.01,15.6,28.66,0.0,0.0,12.44,2.99,24.56,6.56,6.08,5.18,4.65,0.0,0.0,,,0.0,0.0,0.18,0.1,54.56,130.02,12.53,13.55,0.0,0.0
5108,ICAPITAL.BIZ BERHAD,Closed-End Fund,2.04,3.18,1.85,2.47,285.6M,0.85,76.0,2.69,1.32,0.0,0.0,2019-12-01,10,0,0,16700.04,12064.59,4193.06,6.6,1.83,298.56,101.68,15.96,23.73,1.07,77.13,12064.37,4193.14,12.22,1.89,0.02,0.01,0.0,78.21,56.69,26.33,13.19,3196.84,2333.95,0.18,0.08,12.64,55.46,3.39,7.63,-0.82,3.1
