name,category,Annual,nMerge,nSplit,NTA,current_price,52w low,52w high,market cap,code,nYear,price,ROI,ROI avg,ROI std,ROE avg,ROE std,EPS GR avg,EPS GR std,EPS,EPS avg,EPS std,NPM avg,NPM std,P/E,P/E mid,P/E avg,P/E std,DPS,DPS avg,DPS std,DPayout avg,DPayout std,DY avg,DY std
JCBNEXT BERHAD,Industrial Products & Services,2018-12-31,1,1,2.42,1.45,1.37,1.6,199.8M,0058,10,1.48,4.91,66.66,183.14,88.13,218.31,1467.41,4442.55,7.23,154.04,431.25,97.53,101.72,20.35,18.26,18.15,9.18,0.0,30.45,80.57,31.11,27.25,59.32,173.14
DIGI.COM BERHAD,Telecommunications & Media,2018-12-31,0,1,0.09,4.51,4.3,5.1,"35,065.3M",6947,10,4.5,4.4,15.24,22.42,240.18,128.96,-4.06,32.55,19.82,44.19,48.31,23.3,2.75,22.71,17.86,20.46,9.94,19.6,51.34,59.73,111.73,22.52,18.16,27.91
PARAMOUNT CORPORATION BERHAD,Property,2018-12-31,0,1,1.81,1.18,1.18,2.5,715.9M,1724,10,2.04,10.87,22.55,22.0,10.67,4.8,8.95,57.49,22.2,33.72,32.9,15.98,6.56,9.2,5.88,7.18,3.07,8.5,17.77,20.01,49.24,5.06,11.92,13.15
STAR MEDIA GROUP BERHAD,Telecommunications & Media,2018-12-31,0,0,1.11,0.475,0.41,0.83,350.8M,6084,10,0.685,1.04,7.07,2.38,11.99,5.03,-12.31,32.74,0.71,17.84,7.49,14.35,4.96,96.04,52.6,21.54,24.91,3.0,24.31,18.3,171.33,122.91,10.12,6.88
MITRAJAYA HOLDINGS BERHAD,Construction,2018-12-31,0,0,0.88,0.28,0.25,0.45,250.9M,9571,10,0.28,17.85,32.72,38.55,14.55,8.37,-6.02,44.49,4.98,12.7,8.0,10.67,3.81,5.6,5.1,5.95,2.82,1.5,4.55,3.78,33.57,26.03,9.31,11.89
RCE CAPITAL BERHAD,Financial Services,2019-03-31,1,0,1.8,1.66,1.44,1.81,614.0M,9296,10,1.63,17.15,17.56,12.72,12.99,7.84,133.0,290.68,28.02,12.14,10.18,28.97,11.88,5.83,53.08,18.66,29.58,9.0,4.22,4.13,136.76,191.75,9.05,13.4
CLASSIC SCENIC BERHAD,Consumer Products & Services,2018-12-31,0,0,0.76,1.0,0.99,1.15,120.5M,7202,10,1.09,5.51,9.0,3.24,11.11,2.04,2.54,27.3,6.0,8.82,1.68,19.14,3.16,18.16,12.38,12.46,3.85,6.0,8.75,1.97,99.66,13.49,8.85,3.16
PERUSAHAAN SADUR TIMAH MALAYSIA (PERSTIMA) BHD,Industrial Products & Services,2019-03-31,0,0,3.92,4.18,4.18,5.2,415.1M,5436,10,4.91,8.41,10.25,3.65,13.53,5.68,2.15,40.29,41.31,46.16,16.25,5.84,1.96,11.89,10.29,10.7,2.8,10.0,35.35,9.02,85.51,35.91,8.22,2.9
UCHI TECHNOLOGIES BERHAD,Industrial Products & Services,2018-12-31,0,0,0.39,2.83,2.36,2.95,"1,276.1M",7100,10,2.54,6.07,8.01,2.3,25.71,7.62,10.86,29.96,15.41,12.6,2.44,45.47,5.57,16.47,14.4,13.54,3.82,14.0,12.5,4.65,97.21,20.1,7.6,1.95
HEKTAR REAL ESTATE INVESTMENT TRUST,Real Estate Investment Trusts,2018-12-31,0,0,1.3787,0.995,0.97,1.17,459.7M,5121,10,1.11,6.46,8.95,4.84,8.44,4.37,74.0,248.76,7.17,12.23,6.49,41.26,21.83,15.48,66.3,23.22,35.02,9.01,10.22,0.48,165.6,240.2,7.52,0.71
AMANAHRAYA REAL ESTATE INVESTMENT TRUST,Real Estate Investment Trusts,2018-12-31,0,0,1.3402,0.73,0.725,0.865,418.4M,5127,10,0.82,17.29,11.65,5.23,9.04,3.38,34.7,110.83,14.17,10.36,4.08,92.0,41.49,5.79,14.04,10.64,5.27,6.1,6.67,0.66,77.6,38.48,7.45,0.7
SAPURA INDUSTRIAL BERHAD,Industrial Products & Services,2019-01-31,0,0,1.44,0.7,0.69,0.815,50.9M,7811,10,0.7,8.32,13.81,6.33,10.88,6.88,10.19,57.64,5.82,13.08,7.66,3.67,1.8,12.03,12.5,9.19,4.85,2.0,7.48,7.32,53.57,27.9,7.33,6.53
P.I.E. INDUSTRIAL BERHAD,Industrial Products & Services,2018-12-31,0,1,0.114,1.44,1.07,1.68,553.0M,7095,10,1.49,7.54,9.05,2.69,18.72,20.47,-5.07,31.16,11.23,34.91,19.71,8.45,1.66,13.26,12.32,11.97,3.23,6.0,26.7,11.84,103.53,96.35,7.29,5.22
QUILL CAPITA TRUST,Real Estate Investment Trusts,2018-12-31,0,0,1.2408,0.99,0.985,1.13,"1,061.1M",5123,10,1.06,6.44,7.32,0.86,6.47,0.57,-0.44,3.24,7.91,8.59,0.34,53.13,10.37,15.54,15.51,13.88,1.98,8.08,8.25,0.23,96.08,3.12,7.24,0.36
AMFIRST REAL ESTATE INVESTMENT TRUST,Real Estate Investment Trusts,2019-03-31,0,0,1.2284,0.495,0.47,0.55,339.8M,5120,10,0.535,6.07,7.93,3.17,5.77,2.66,-0.44,50.35,3.25,7.69,3.76,41.6,18.39,16.47,21.94,15.65,8.46,4.0,6.59,2.24,105.75,53.95,7.11,1.1
HUP SENG INDUSTRIES BERHAD,Consumer Products & Services,2018-12-31,0,2,0.19,0.905,0.89,1.06,724.0M,5024,10,0.95,5.65,7.77,3.6,23.24,5.73,-0.97,39.47,5.37,14.38,9.45,13.85,3.02,17.69,13.48,15.02,4.94,6.0,13.12,9.01,95.49,30.47,7.07,3.12
UOA REAL ESTATE INVESTMENT TRUST,Real Estate Investment Trusts,2018-12-31,0,0,1.7171,1.22,1.2,1.48,515.9M,5110,10,1.31,10.39,9.99,3.81,9.29,3.31,8.03,54.75,13.61,14.49,5.25,72.94,25.79,9.63,12.04,11.38,3.77,9.13,10.26,0.86,77.51,19.59,7.04,0.96
TEO GUAN LEE CORPORATION BERHAD,Consumer Products & Services,2019-06-30,0,0,2.22,1.2,0.94,1.48,48.9M,9369,10,1.0,15.44,12.62,3.37,9.25,3.49,-1.58,19.96,15.44,16.51,4.34,6.45,1.49,6.48,8.86,8.53,2.37,8.5,9.1,3.36,54.47,10.11,6.97,2.68
LII HEN INDUSTRIES BHD.,Consumer Products & Services,2018-12-31,0,1,2.01,3.08,2.57,3.29,554.4M,7089,10,2.6,12.35,18.67,6.39,17.96,5.7,8.03,39.14,32.1,33.14,7.63,7.64,2.27,8.1,6.31,6.04,2.03,11.5,13.03,4.53,38.8,7.34,6.94,1.74
JAYCORP BERHAD,Consumer Products & Services,2019-07-31,0,0,1.23,1.08,0.8,1.22,148.2M,7152,10,0.97,15.12,10.48,4.21,8.98,4.36,44.98,111.82,14.67,9.13,5.08,5.27,1.83,6.61,18.18,12.06,7.01,10.0,6.0,3.15,70.47,16.95,6.93,2.36
UEM EDGENTA BERHAD,Industrial Products & Services,2018-12-31,0,0,1.77,3.03,2.6,3.52,"2,519.8M",1368,10,2.72,6.56,11.9,6.19,17.72,7.18,32.47,134.1,17.83,24.09,10.13,10.38,5.03,15.26,20.35,12.02,8.73,14.0,15.2,9.02,62.22,22.97,6.85,5.42
DELEUM BERHAD,Energy,2018-12-31,0,0,0.85,0.975,0.8,1.28,391.5M,5132,10,0.985,6.89,14.04,7.78,15.05,4.66,-8.3,26.2,6.78,16.84,8.84,8.38,2.37,14.51,9.36,9.34,4.21,3.5,9.28,4.82,58.32,26.47,6.81,3.48
HOMERITZ CORPORATION BERHAD,Consumer Products & Services,2019-08-31,0,0,0.52,0.655,0.585,0.75,196.5M,5160,10,0.635,11.61,15.35,6.16,21.95,7.44,-0.29,27.43,7.37,8.45,1.88,16.3,2.24,8.61,7.72,7.51,2.58,3.0,3.79,1.02,44.6,5.65,6.76,2.55
UOA DEVELOPMENT BHD,Property,2018-12-31,0,0,2.52,2.04,1.87,2.45,"4,013.0M",5200,7,2.12,9.69,13.19,2.45,13.31,2.9,-10.05,40.76,21.26,28.19,6.67,35.44,22.3,10.32,8.0,7.85,1.46,14.0,13.86,1.12,51.0,8.82,6.61,0.36
ADVANCED PACKAGING TECHNOLOGY (M) BHD,Industrial Products & Services,2018-12-31,1,0,1.53,2.2,1.74,2.4,45.1M,9148,10,1.94,2.82,5.63,2.79,6.38,2.84,52.86,147.73,5.47,10.05,4.62,8.29,3.28,35.48,78.18,32.0,38.91,8.0,11.35,2.85,148.25,88.32,6.48,2.38
HAP SENG CONSOLIDATED BERHAD,Industrial Products & Services,2018-12-31,0,0,2.86,9.99,9.45,10.26,"24,871.9M",3034,10,9.85,4.67,10.72,6.72,15.35,4.81,10.76,14.02,46.01,31.46,11.47,17.18,5.12,21.41,13.08,12.95,6.53,35.0,23.35,10.14,74.68,26.94,6.39,3.49
FIMA CORPORATION BERHAD,Industrial Products & Services,2019-03-31,0,1,2.37,1.81,1.7,1.97,443.9M,3107,10,1.93,12.38,12.26,3.48,13.35,4.92,-5.06,32.61,23.9,53.19,32.01,20.03,5.91,8.08,10.14,8.95,2.87,12.5,22.75,8.17,59.3,33.21,6.33,2.4
GLOBETRONICS TECHNOLOGY BERHAD,Technology,2018-12-31,0,0,0.45,2.27,1.39,2.32,"1,519.6M",7022,10,1.75,6.0,6.66,3.09,16.35,5.84,17.37,48.42,10.5,14.76,6.07,14.77,4.48,16.67,23.24,19.33,10.23,6.0,14.4,6.51,103.67,52.51,6.31,3.06
POWER ROOT BERHAD,Consumer Products & Services,2019-03-31,0,0,0.6,2.4,1.26,2.45,981.2M,7237,9,1.27,5.58,6.06,3.02,12.38,5.78,25.72,63.54,7.1,8.22,5.24,8.03,4.14,17.93,24.16,16.13,12.39,8.0,7.72,3.4,125.93,86.07,6.31,3.57
YTL HOSPITALITY REIT,Real Estate Investment Trusts,2019-06-30,0,0,1.5836,1.35,1.18,1.39,"2,300.9M",5109,6,1.34,4.58,5.69,3.85,4.95,3.05,298.19,700.02,6.14,6.07,4.4,28.52,32.57,21.82,-69.63,-13.52,68.42,7.87,6.81,1.59,96.48,22.86,6.26,1.32
FORMOSA PROSONIC INDUSTRIES BERHAD,Consumer Products & Services,2018-12-31,0,0,1.22,1.61,1.48,2.07,398.2M,9172,10,1.68,8.81,10.38,4.37,9.65,4.09,28.75,92.36,14.8,9.73,4.33,5.6,2.31,11.35,12.66,10.83,6.5,10.0,5.9,2.07,69.4,24.89,6.25,1.52
LUXCHEM CORPORATION BERHAD,Industrial Products & Services,2018-12-31,0,0,0.33,0.48,0.47,0.575,430.0M,5143,10,0.52,8.53,11.7,3.12,20.58,12.41,-3.23,37.19,4.44,11.07,5.1,4.94,0.89,11.72,10.54,9.24,2.71,2.25,6.62,1.99,68.29,27.95,6.18,1.51
MALAYAN BANKING BERHAD,Financial Services,2018-12-31,0,0,7.0544,8.61,8.37,9.71,"96,788.1M",1155,10,9.5,7.73,7.36,1.36,12.0,2.36,8.55,38.35,74.2,65.8,13.32,19.06,2.0,12.94,20.13,14.46,4.77,57.0,54.45,10.08,84.07,11.5,6.16,1.2
PINTARAS JAYA BHD,Construction,2019-06-30,0,0,1.95,3.0,2.05,3.43,497.6M,9598,10,2.43,6.48,10.19,5.85,12.54,5.11,10.85,54.54,15.7,31.17,17.69,20.38,6.41,15.44,18.27,14.34,8.99,12.0,18.4,3.44,84.91,61.06,6.11,1.71
CARLSBERG BREWERY MALAYSIA BERHAD,Consumer Products & Services,2018-12-31,0,0,0.46,29.3,19.22,29.38,"8,958.4M",2836,10,19.68,4.61,5.48,0.74,60.49,36.76,15.63,22.38,90.65,61.55,16.9,11.93,1.95,21.71,18.1,18.57,2.4,100.0,67.95,19.09,110.33,13.36,6.09,1.44
AXIS REAL ESTATE INVESTMENT TRUST,Real Estate Investment Trusts,2018-12-31,0,0,1.3394,1.78,1.55,1.99,"2,554.7M",5106,10,1.56,8.03,8.14,2.18,10.18,2.17,-0.55,26.72,12.57,18.78,6.9,78.56,13.24,12.45,13.23,13.07,3.01,8.74,13.95,4.66,76.12,10.46,6.06,0.89
BP PLASTICS HOLDING BHD,Industrial Products & Services,2018-12-31,0,0,1.0,1.01,0.95,1.17,189.6M,5100,10,0.99,11.35,10.12,3.68,9.74,2.53,9.67,43.85,11.23,8.26,2.23,5.93,1.8,8.81,11.14,11.14,3.57,6.0,5.2,1.66,65.98,22.28,6.06,1.25
VSTECS BERHAD,Technology,2018-12-31,0,0,1.68,1.55,0.945,1.67,279.0M,5162,9,0.96,14.25,16.84,6.93,13.8,3.62,-5.84,12.45,13.7,17.97,4.16,1.72,0.66,7.02,5.98,6.71,1.91,5.0,6.67,1.87,37.49,8.59,6.04,1.93
AMANAH HARTA TANAH PNB,Real Estate Investment Trusts,2018-12-31,0,0,1.2783,0.765,0.72,0.83,168.3M,4952,10,0.78,7.18,7.62,3.31,4.98,2.1,90.92,266.05,5.6,7.46,3.3,48.6,21.63,13.93,62.8,24.09,31.67,5.63,5.88,1.48,131.7,143.63,5.98,1.43
TOWER REAL ESTATE INVESTMENT TRUST,Real Estate Investment Trusts,2019-06-30,0,0,1.8934,0.82,0.815,0.925,230.0M,5111,9,0.88,5.6,8.08,4.7,6.36,3.26,6.14,52.48,4.93,10.47,6.96,64.31,34.4,17.85,8.93,11.3,5.56,6.9,7.43,3.29,83.54,29.45,5.92,2.39
WELLCALL HOLDINGS BERHAD,Industrial Products & Services,2019-09-30,0,2,0.23399999999999999,1.12,1.11,1.34,557.7M,7231,10,1.15,6.43,6.65,1.72,31.75,8.46,1.98,31.93,7.39,10.76,4.23,19.26,4.26,15.56,15.23,15.94,3.55,5.65,9.79,4.21,90.21,9.28,5.92,2.21
MAGNUM BERHAD,Consumer Products & Services,2018-12-31,0,0,1.72,2.57,1.92,2.9,"3,695.0M",3859,10,1.95,3.78,8.7,3.97,10.54,3.37,-10.65,22.03,7.36,20.71,8.52,9.72,3.13,26.49,16.25,13.87,5.71,15.0,14.4,3.75,86.44,48.82,5.91,1.1
HEINEKEN MALAYSIA BERHAD,Consumer Products & Services,2018-12-31,0,0,1.0,27.44,19.74,27.5,"8,289.6M",3255,10,20.46,4.57,5.7,1.44,58.6,22.5,11.2,32.86,93.52,75.91,25.91,12.79,1.22,21.88,19.02,18.58,4.23,94.0,79.8,32.28,104.56,26.36,5.89,1.79
TAMBUN INDAH LAND BERHAD,Property,2018-12-31,0,0,1.45,0.715,0.71,0.835,309.9M,5191,9,0.755,16.92,17.18,2.03,34.44,43.15,-4.94,38.2,12.78,27.88,25.33,26.79,15.74,5.91,3.82,5.25,2.0,6.7,5.78,3.18,33.36,19.91,5.89,3.85
FOCUS LUMBER BERHAD,Industrial Products & Services,2018-12-31,0,0,1.71,1.05,1.0,1.87,112.2M,5197,9,1.51,18.1,14.13,3.46,12.65,3.84,21.38,54.44,27.48,17.26,6.75,9.75,4.32,5.52,5.2,6.67,2.9,16.0,7.31,6.04,37.57,30.45,5.85,5.74
ZHULIAN CORPORATION BERHAD,Consumer Products & Services,2018-11-30,0,0,1.345,1.44,1.23,1.68,662.4M,5131,10,1.3,8.76,9.15,3.19,17.4,7.71,-2.86,24.58,11.38,16.89,6.5,25.34,2.85,11.42,13.62,12.41,4.5,10.0,10.9,3.47,67.12,13.56,5.74,1.8
BERJAYA SPORTS TOTO BERHAD,Consumer Products & Services,2019-06-30,0,0,0.58,2.63,2.11,2.82,"3,553.2M",1562,9,2.76,6.32,6.35,2.35,52.57,19.32,-3.92,11.49,17.45,20.74,8.74,6.59,3.54,15.82,7.91,12.58,4.64,16.0,18.67,8.24,89.75,8.9,5.68,2.12
MATRIX CONCEPTS HOLDINGS BERHAD,Property,2019-03-31,0,0,1.86,1.91,1.86,2.02,"1,571.6M",5236,6,1.89,15.29,16.39,2.39,25.46,8.09,-10.35,18.67,28.91,42.33,13.52,15.65,13.01,6.54,6.33,6.17,1.04,12.75,13.13,6.29,35.33,15.9,5.65,2.58
ATLAN HOLDINGS BHD,Consumer Products & Services,2019-02-28,0,0,2.04,4.13,3.92,4.8,"1,047.6M",7048,10,4.4,3.57,6.34,4.48,16.68,11.77,32.8,102.12,15.73,27.8,20.07,11.51,7.43,27.97,16.9,20.98,7.72,20.0,25.15,14.33,106.23,40.4,5.62,2.86
UPA CORPORATION BHD,Consumer Products & Services,2018-12-31,0,0,3.29,2.22,2.05,2.3,176.7M,7757,10,2.26,5.25,12.82,4.33,8.68,3.43,5.69,39.74,12.67,22.79,11.89,12.34,6.11,19.04,12.02,8.97,3.89,8.0,9.5,2.94,47.43,13.85,5.61,1.31
MALAYAN FLOUR MILLS BERHAD,Consumer Products & Services,2018-12-31,0,1,1.09,0.64,0.47,0.855,642.6M,3662,10,0.48,6.73,14.03,11.77,9.56,5.08,17.01,104.57,3.23,27.76,28.82,3.52,1.74,14.86,18.66,12.99,9.11,3.0,8.75,7.84,55.88,31.18,5.59,3.79
SEG INTERNATIONAL BHD,Consumer Products & Services,2018-12-31,0,0,0.0926,0.635,0.61,0.655,803.0M,9792,10,0.645,5.28,10.11,13.93,23.27,12.42,18.08,99.21,3.4,6.85,4.91,14.84,5.88,18.94,21.24,21.99,12.47,2.75,5.32,2.91,117.37,84.63,5.57,3.57
CRESCENDO CORPORATION BERHAD,Property,2019-01-31,0,0,3.22,1.24,1.15,1.44,347.8M,6718,10,1.25,10.7,14.75,5.61,8.4,4.84,31.83,84.9,13.38,26.86,16.36,23.01,11.55,9.34,13.02,8.45,4.91,6.0,9.5,3.98,41.82,13.97,5.56,1.82
AL-AQAR HEALTHCARE REIT,Real Estate Investment Trusts,2018-12-31,0,0,1.2930000000000001,1.34,1.25,1.65,986.2M,5116,10,1.31,9.48,8.17,1.72,8.87,1.32,4.29,26.41,12.54,10.52,1.57,74.13,14.33,10.55,13.33,12.78,2.59,9.58,7.14,2.22,68.12,19.69,5.54,1.7
KIM LOONG RESOURCES BERHAD,Plantation,2019-01-31,0,0,0.77,1.62,1.08,1.64,"1,515.4M",5027,10,1.25,4.47,7.93,1.91,12.64,3.07,2.76,39.52,5.58,21.21,7.29,11.52,2.3,22.39,15.16,13.36,3.46,6.0,14.9,5.5,73.17,17.72,5.54,0.85
CAPITALAND MALAYSIA MALL TRUST,Real Estate Investment Trusts,2018-12-31,0,0,1.2424,1.01,1.0,1.14,"2,072.3M",5180,9,1.01,6.57,7.44,1.62,8.88,2.37,-0.11,21.26,6.64,10.6,2.66,62.35,30.14,15.22,16.87,14.26,3.87,7.9,7.85,1.61,77.6,23.41,5.53,1.28
APEX EQUITY HOLDINGS BERHAD,Financial Services,2018-12-31,0,0,1.48,0.8,0.78,1.08,170.9M,5088,10,0.94,4.3,8.16,3.18,6.34,2.35,-0.98,29.44,4.04,8.84,3.23,36.23,8.81,23.24,18.23,14.93,7.02,0.0,6.3,5.83,61.86,42.53,5.52,5.07
SUNWAY REAL ESTATE INVESTMENT TRUST,Real Estate Investment Trusts,2019-06-30,0,0,1.4901,1.85,1.67,1.98,"5,448.4M",5176,9,1.87,7.02,10.1,3.46,12.06,3.42,-2.48,21.9,12.98,15.09,2.72,87.03,41.07,14.25,10.24,10.83,2.88,9.59,8.56,0.95,59.17,14.47,5.5,0.25
AMWAY (MALAYSIA) HOLDINGS BERHAD,Consumer Products & Services,2018-12-31,0,0,1.33,5.68,5.59,6.3,933.7M,6351,10,6.0,5.53,5.26,0.67,35.43,8.57,-1.6,14.37,33.16,47.15,12.2,9.35,3.17,18.09,20.4,19.36,2.68,27.5,49.0,15.1,103.06,16.92,5.45,1.29
DOMINANT ENTERPRISE BERHAD,Industrial Products & Services,2019-03-31,0,0,1.69,1.24,1.2,1.3,204.9M,7169,10,1.26,12.56,13.45,3.74,9.73,1.7,10.67,39.41,15.82,13.36,3.13,3.98,0.73,7.96,10.26,8.15,2.82,7.0,5.2,1.25,40.09,8.68,5.36,1.98
DUOPHARMA BIOTECH BERHAD,Health Care,2018-12-31,0,0,0.75,1.4,0.94,1.48,958.1M,7148,10,0.95,7.58,8.26,1.55,14.62,4.62,-5.07,30.82,7.26,18.02,5.49,17.65,6.09,13.2,15.1,12.68,3.13,5.5,11.62,6.15,64.9,24.39,5.33,2.54
OSK HOLDINGS BERHAD,Property,2018-12-31,0,0,2.37,1.04,0.835,1.05,"2,179.1M",5053,10,0.87,19.15,19.16,17.98,11.33,9.83,156.46,503.3,16.66,27.96,25.96,96.24,120.52,5.22,16.23,9.77,8.04,5.0,7.85,4.75,32.77,15.94,5.26,2.92
CJ CENTURY LOGISTICS HOLDINGS BERHAD,Transportation & Logistics,2018-12-31,0,1,0.81,0.38,0.33,0.54,149.8M,7117,10,0.39,6.43,11.98,5.83,10.34,4.48,-15.26,31.75,2.49,16.17,13.39,8.4,2.96,15.56,15.26,11.02,6.33,0.75,6.52,3.6,56.16,40.18,5.17,3.08
CB INDUSTRIAL PRODUCT HOLDING BERHAD,Industrial Products & Services,2018-12-31,0,0,1.45,1.01,0.795,1.25,543.6M,7076,10,1.0,9.05,16.94,10.56,19.12,11.78,2.03,55.79,9.05,31.96,23.02,20.77,10.97,11.05,10.74,8.56,4.77,4.0,11.4,14.84,36.26,19.65,5.15,5.18
APOLLO FOOD HOLDINGS BERHAD,Consumer Products & Services,2019-04-30,0,0,3.14,3.7,3.6,4.09,296.0M,6432,10,3.85,5.71,7.35,2.31,9.94,2.88,2.02,33.04,22.0,28.93,8.59,11.59,3.07,17.5,18.82,15.33,5.76,20.0,21.0,7.68,80.24,37.55,5.14,1.97
CREST BUILDER HOLDINGS BERHAD,Construction,2018-12-31,0,0,2.95,0.905,0.855,1.21,160.1M,8591,10,0.87,47.61,21.44,14.4,7.6,4.08,38.61,72.9,41.4,17.84,11.0,7.86,6.19,2.1,9.62,7.08,4.51,4.5,4.1,0.57,31.22,15.92,5.14,2.13
SCICOM (MSC) BERHAD,Industrial Products & Services,2019-06-30,0,0,0.29,1.25,0.75,1.38,444.3M,0099,10,0.82,6.93,7.55,2.84,29.45,10.24,9.81,27.33,5.69,7.42,3.16,14.63,5.26,14.42,14.86,14.99,4.84,5.5,5.65,2.87,73.61,18.63,5.13,1.05
ATRIUM REAL ESTATE INVESTMENT TRUST,Real Estate Investment Trusts,2018-12-31,0,0,1.3037,1.05,1.02,1.27,214.9M,5130,10,1.11,8.59,10.81,3.54,9.66,3.82,7.1,31.21,8.13,11.71,4.82,97.8,35.96,11.64,17.41,11.04,6.13,8.1,5.88,3.21,50.97,26.88,5.12,2.66
APM AUTOMOTIVE HOLDINGS BERHAD,Industrial Products & Services,2018-12-31,0,0,6.38,2.15,1.95,3.2,433.4M,5015,10,2.68,7.33,10.09,2.76,9.24,4.84,-2.63,28.6,19.65,43.11,17.7,8.37,2.99,13.64,12.58,10.8,3.36,12.0,21.3,8.84,52.08,11.73,5.06,1.29
IGB REAL ESTATE INVESTMENT TRUST,Real Estate Investment Trusts,2018-12-31,0,0,1.0662,1.9,1.72,2.1,"6,742.8M",5227,7,1.73,5.47,5.64,1.3,7.78,1.57,15.91,37.42,9.47,8.21,1.71,50.86,39.56,18.27,21.26,18.83,4.95,9.19,7.43,2.4,87.77,22.4,5.03,1.53
MARCO HOLDINGS BERHAD,Consumer Products & Services,2018-12-31,0,0,0.19,0.12,0.11,0.135,126.5M,3514,10,0.12,11.15,10.83,2.13,10.92,2.91,8.58,26.3,1.34,1.58,0.38,10.18,2.14,8.97,11.32,9.68,2.37,0.3,0.75,0.74,41.27,38.09,4.98,4.84
FAVELLE FAVCO BERHAD,Industrial Products & Services,2018-12-31,0,0,3.09,2.82,2.28,3.02,631.3M,7229,10,2.3,12.57,15.55,3.86,15.68,3.79,8.31,23.66,28.91,29.97,8.44,9.98,2.38,7.96,7.27,6.86,1.76,13.5,10.2,3.99,33.57,8.98,4.95,0.81
MAGNI-TECH INDUSTRIES BERHAD,Consumer Products & Services,2019-04-30,0,0,1.32,2.54,2.34,7.11,"1,102.2M",7087,10,4.65,13.56,14.97,3.07,19.64,6.13,18.34,29.42,63.06,40.83,18.46,7.22,2.16,7.37,6.49,6.92,1.18,23.0,13.95,6.34,34.73,6.27,4.94,1.18
POH HUAT RESOURCES HOLDINGS BERHAD,Consumer Products & Services,2018-10-31,0,1,1.5622,1.52,1.38,1.64,369.8M,7088,10,1.46,14.7,17.9,6.59,12.83,4.97,20.13,59.54,21.47,16.32,6.59,5.62,2.61,6.8,5.62,6.17,1.68,6.0,5.1,2.7,30.49,8.67,4.93,0.91
COCOALAND HOLDINGS BERHAD,Consumer Products & Services,2018-12-31,0,0,1.14,1.97,1.8,2.22,450.7M,7205,10,1.94,6.96,6.94,2.52,12.93,3.75,2.49,27.62,13.51,13.46,2.95,11.26,2.77,14.36,20.49,16.5,6.52,6.0,9.72,6.58,71.07,43.18,4.91,3.28
PANTECH GROUP HOLDINGS BERHAD,Industrial Products & Services,2019-02-28,0,0,0.8,0.5,0.425,0.62,375.3M,5125,10,0.54,11.91,12.14,2.86,10.99,4.58,-0.55,32.52,6.43,7.65,2.44,8.43,1.68,8.4,8.7,8.66,1.83,2.01,3.22,0.99,42.39,5.86,4.9,1.06
HAI-O ENTERPRISE BERHAD,Consumer Products & Services,2019-04-30,0,0,1.03,2.05,1.97,3.08,615.6M,7668,10,2.57,6.35,7.2,1.51,18.55,6.45,-0.45,35.88,16.31,20.12,6.48,14.67,1.67,15.75,14.43,14.49,2.91,13.0,14.6,5.94,74.24,23.29,4.9,1.17
HONG LEONG INDUSTRIES BERHAD,Consumer Products & Services,2019-06-30,0,0,5.39,10.44,8.42,11.6,"3,423.3M",3301,10,11.28,9.23,10.78,3.88,15.63,4.33,18.84,73.01,104.2,67.16,23.76,12.47,4.1,10.83,18.06,11.29,6.69,50.0,32.45,11.61,53.65,28.88,4.88,0.9
GEORGE KENT (MALAYSIA) BERHAD,Construction,2019-01-31,0,1,0.9178,0.925,0.805,1.38,521.0M,3204,10,1.08,14.15,10.13,2.53,17.97,8.21,8.89,25.39,15.3,12.98,4.14,13.4,4.58,7.07,12.18,10.56,2.89,7.0,6.68,1.86,52.25,6.41,4.85,1.39
ASIA FILE CORPORATION BHD,Consumer Products & Services,2019-03-31,0,0,3.08,2.2,2.12,2.7,428.5M,7129,10,2.55,9.62,9.38,1.48,13.32,4.09,-5.08,20.84,24.53,35.66,7.99,16.96,2.76,10.4,11.92,10.97,1.96,14.0,19.13,4.37,54.09,6.93,4.84,0.96
PHARMANIAGA BERHAD,Health Care,2018-12-31,0,1,1.98,2.09,2.0,2.93,546.0M,7081,10,2.78,5.87,6.57,2.88,11.66,3.29,-2.41,41.56,16.33,32.61,13.71,3.14,0.97,17.03,18.62,17.58,6.03,16.0,23.7,8.89,76.07,17.73,4.84,1.92
MAXIS BERHAD,Telecommunications & Media,2018-12-31,0,0,0.91,5.45,5.07,5.81,"42,621.7M",6012,10,5.35,4.26,4.41,0.97,31.27,6.46,-0.86,12.98,22.8,26.41,3.51,22.44,3.04,23.49,23.6,23.75,5.02,20.0,29.5,10.59,112.97,42.28,4.83,1.73
MUAR BAN LEE GROUP BERHAD,Industrial Products & Services,2018-12-31,0,0,1.33,1.38,0.96,1.42,148.0M,5152,10,1.01,12.9,14.28,8.47,13.94,8.98,9.24,51.63,13.03,11.55,5.19,14.58,8.38,7.75,10.31,9.32,4.56,3.0,4.15,2.41,42.93,29.4,4.83,2.48
UNITED PLANTATIONS BERHAD,Plantation,2014-12-31,0,0,12.28,26.38,24.5,27.8,"5,490.6M",2089,10,24.4,5.48,8.06,2.52,15.48,2.67,10.44,25.73,133.8,122.72,36.18,27.37,2.95,18.24,14.32,13.57,3.95,165.0,82.82,43.05,65.07,24.51,4.82,1.08
TURBO-MECH BERHAD,Industrial Products & Services,2018-12-31,0,0,0.99,0.695,0.56,0.84,75.1M,5167,10,0.74,8.19,10.31,4.28,11.35,5.37,5.33,52.29,6.06,7.87,2.93,18.9,6.81,12.21,15.4,11.31,8.15,2.0,3.45,2.57,38.98,28.45,4.82,4.06
YTL POWER INTERNATIONAL BHD,Utilities,2019-06-30,0,0,1.59,0.77,0.67,0.945,"6,281.8M",6742,10,0.82,7.3,8.76,1.66,10.1,4.79,-9.27,17.53,5.98,13.77,4.56,7.87,1.65,13.7,12.36,11.83,2.23,5.0,7.31,3.51,55.84,22.14,4.8,1.97
LINGKARAN TRANS KOTA HOLDINGS BERHAD,Transportation & Logistics,2019-03-31,0,0,1.9354,4.59,4.08,5.0,"2,438.5M",6645,10,4.21,10.62,6.68,1.64,26.35,3.19,11.41,18.6,44.72,29.5,10.3,36.1,6.96,9.41,17.06,15.86,3.82,25.0,20.5,3.77,74.46,16.22,4.76,0.64
ELK-DESA RESOURCES BERHAD,Financial Services,2019-03-31,0,0,1.41,1.69,1.2,1.77,502.2M,5228,8,1.39,8.0,9.39,1.11,7.86,1.3,-3.53,12.22,11.22,12.71,1.95,24.69,13.24,12.51,6.56,9.47,3.8,7.0,6.09,2.33,50.44,20.05,4.74,1.81
BERMAZ AUTO BERHAD,Consumer Products & Services,2019-04-30,0,0,0.4164,2.1,2.02,2.78,"2,443.1M",5248,7,2.4,9.53,7.09,1.65,39.48,11.54,30.34,59.87,22.86,15.13,5.07,6.27,4.49,10.5,10.36,12.79,6.21,21.25,11.44,6.62,70.94,37.57,4.68,2.79
BRITISH AMERICAN TOBACCO (MALAYSIA) BERHAD,Consumer Products & Services,2018-12-31,0,0,1.32,15.3,14.54,38.58,"4,368.6M",4162,10,36.08,4.55,5.09,0.64,150.59,22.03,-3.65,12.46,164.1,256.12,49.59,18.23,1.06,21.99,20.09,19.96,2.46,155.0,229.8,69.42,91.37,23.03,4.67,1.33
OKA CORPORATION BHD,Industrial Products & Services,2019-03-31,0,1,0.74,0.74,0.555,0.76,181.6M,7140,10,0.67,6.66,12.61,3.18,10.04,4.43,4.56,36.52,4.46,9.82,3.53,9.15,4.88,15.01,10.39,8.55,2.59,3.7,3.92,0.99,43.09,14.53,4.66,1.2
GLOMAC BERHAD,Property,2019-04-30,0,1,1.41,0.365,0.345,0.4,292.0M,5020,10,0.38,4.6,15.05,5.54,8.91,3.92,-11.71,31.14,1.73,11.2,4.46,15.07,4.57,21.75,13.04,8.28,5.02,0.8,3.87,2.58,32.84,17.26,4.65,3.28
WILLOWGLEN MSC BERHAD,Technology,2018-12-31,0,0,0.33,0.52,0.325,0.55,257.9M,0008,10,0.505,4.52,10.72,3.69,15.9,4.49,0.03,36.12,2.28,5.87,1.95,15.48,3.38,22.12,13.75,10.69,4.47,1.0,2.05,0.91,40.8,23.02,4.63,3.12
WESTPORTS HOLDINGS BERHAD,Transportation & Logistics,2018-12-31,0,0,0.7140000000000001,4.15,3.45,4.54,"14,151.5M",5246,7,3.62,4.32,4.47,0.53,26.8,2.57,4.64,12.93,15.64,15.59,2.35,20.8,13.88,23.14,13.92,19.47,8.36,11.73,15.65,10.4,103.14,77.4,4.63,4.79
MINTYE BERHAD,Consumer Products & Services,2019-01-31,0,0,1.78,1.34,0.76,1.35,81.5M,5886,10,0.8,3.44,5.45,2.12,3.75,1.64,-8.66,27.89,2.75,6.55,2.76,7.86,3.12,29.06,25.86,21.3,8.65,3.0,5.8,4.16,97.19,51.15,4.63,2.79
KUMPULAN FIMA BERHAD,Industrial Products & Services,2019-03-31,0,0,2.84,1.66,1.51,1.8,468.5M,6491,10,1.66,12.8,12.67,4.5,9.92,4.22,4.46,33.84,21.25,21.6,6.28,17.77,5.2,7.81,11.24,9.12,3.76,9.0,8.05,1.19,42.9,20.96,4.63,0.68
PAVILION REAL ESTATE INV TRUST,Real Estate Investment Trusts,2018-12-31,0,0,1.2637,1.74,1.61,1.92,"5,291.5M",5212,8,1.64,5.8,7.25,4.19,8.93,5.11,623.48,1661.85,9.51,10.83,5.7,68.99,51.73,17.25,136.24,45.57,83.37,8.78,7.02,2.55,76.84,24.39,4.58,1.63
MALAKOFF CORPORATION BERHAD,Utilities,2018-12-31,0,0,1.13,0.875,0.785,0.99,"4,375.0M",5264,5,0.8,6.97,6.04,0.68,4.97,2.31,-9.17,11.61,5.64,7.69,1.75,3.31,3.52,14.34,9.64,13.42,6.91,5.6,6.35,0.56,86.11,16.28,4.56,2.46
FREIGHT MANAGEMENT HOLDINGS BERHAD,Transportation & Logistics,2019-06-30,0,0,1.05,0.61,0.53,0.7,170.3M,7210,10,0.6,8.12,11.37,4.14,12.04,4.49,-7.19,19.05,4.87,12.07,2.86,5.34,1.36,12.32,8.9,9.75,2.71,3.5,4.7,0.51,41.57,11.51,4.51,1.34
NEW HOONG FATT HOLDINGS BERHAD,Consumer Products & Services,2018-12-31,0,0,5.59,2.56,2.45,2.86,211.6M,7060,10,2.7,6.28,10.45,2.99,6.67,2.33,0.65,35.44,16.94,27.44,7.02,9.44,2.33,15.93,11.18,10.47,3.25,10.0,11.8,1.25,45.06,8.59,4.5,0.82
FIAMMA HOLDINGS BERHAD,Consumer Products & Services,2019-09-30,0,1,0.99,0.52,0.455,0.53,265.2M,6939,10,0.485,11.6,16.0,5.94,9.74,3.46,4.13,36.51,5.63,18.17,12.09,11.69,2.87,8.62,8.34,7.27,2.91,2.0,4.55,2.3,29.33,7.24,4.49,1.62
LPI CAPITAL BHD,Financial Services,2018-12-31,0,1,4.8013,15.1,14.6,16.92,"6,015.6M",8621,10,15.74,5.01,5.85,1.02,15.42,3.48,5.43,22.34,78.83,89.0,23.77,21.06,4.53,19.97,16.54,17.55,2.68,68.0,69.75,6.43,82.44,17.07,4.48,0.47
BURSA MALAYSIA BERHAD,Financial Services,2018-12-31,0,0,0.91,6.16,5.9,7.44,"4,980.4M",1818,10,6.84,4.06,4.08,0.5,21.61,4.24,0.35,19.87,27.8,32.32,5.75,39.05,3.28,24.65,29.2,24.97,4.05,33.6,35.37,12.72,108.21,28.79,4.43,1.34
PANASONIC MANUFACTURING MALAYSIA BERHAD,Consumer Products & Services,2019-03-31,0,0,12.62,37.0,36.9,41.2,"2,247.6M",3719,10,37.7,4.62,6.24,1.01,13.26,2.48,6.94,20.66,174.0,161.4,45.24,10.19,1.52,21.66,16.96,16.45,2.71,226.0,112.6,87.63,71.39,54.56,4.39,3.25
PADINI HOLDINGS BERHAD,Consumer Products & Services,2019-06-30,0,1,1.13,3.16,3.0,4.11,"2,079.0M",7052,10,3.62,6.73,12.96,16.09,35.59,31.2,12.33,23.66,24.35,17.04,6.04,10.84,1.49,14.87,11.84,12.63,4.91,11.5,9.0,2.96,54.47,15.69,4.38,1.58
AL-SALAM REAL ESTATE INVESTMENT TRUST,Real Estate Investment Trusts,2018-12-31,0,0,1.0681,0.85,0.78,0.94,493.0M,5269,4,0.805,8.63,6.47,2.23,5.8,1.95,50.48,95.52,6.95,6.14,2.12,23.26,29.05,11.59,24.06,18.92,10.21,6.15,4.05,2.54,56.24,36.66,4.36,2.92
ENG KAH CORPORATION BERHAD,Consumer Products & Services,2018-12-31,0,0,1.01,0.985,0.82,1.12,69.7M,7149,10,0.935,9.87,5.03,2.67,9.68,5.0,27.34,121.85,9.43,10.55,5.97,9.57,3.98,10.14,40.26,28.63,18.74,0.06,10.86,9.06,108.27,62.79,4.3,3.13
KHIND HOLDINGS BERHAD,Consumer Products & Services,2018-12-31,0,0,3.29,1.56,1.38,1.75,62.5M,7062,10,1.69,2.33,12.15,6.3,8.49,4.46,-1.59,41.83,3.94,20.59,10.6,2.99,1.53,42.9,27.69,15.45,16.0,0.0,7.0,3.55,31.99,13.82,4.29,2.82
AMCORP PROPERTIES BERHAD,Property,2019-03-31,0,0,1.5,0.485,0.45,0.58,355.6M,1007,10,0.535,7.72,19.53,12.22,9.34,5.59,101.93,288.19,4.13,12.88,8.49,48.21,31.67,12.96,20.01,9.8,10.05,3.0,2.8,2.14,37.02,39.85,4.27,3.78
ELSOFT RESEARCH BERHAD,Technology,2018-12-31,0,1,0.16,0.845,0.765,1.25,565.7M,0090,10,1.09,5.52,6.42,2.38,21.97,13.15,30.11,50.24,6.02,6.45,3.84,42.38,7.48,18.11,39.3,20.78,16.48,4.58,4.66,3.16,71.64,18.03,4.16,1.5
TELEKOM MALAYSIA BERHAD,Telecommunications & Media,2018-12-31,0,0,1.9671,3.91,2.57,4.68,"14,723.8M",4863,10,2.66,1.53,4.83,2.22,11.88,4.52,-2.11,39.78,4.08,24.02,8.95,7.99,4.72,65.27,37.81,26.47,14.99,2.0,20.61,6.5,87.05,23.83,4.15,1.92
MAH SING GROUP BERHAD,Property,2018-12-31,0,0,1.43,0.705,0.67,1.03,"1,711.5M",8583,10,0.915,12.23,10.2,1.64,13.13,3.15,-3.56,23.68,7.83,16.64,5.24,12.44,0.89,8.18,10.23,10.06,1.61,4.5,7.12,1.58,45.04,9.19,4.14,0.69
EXCEL FORCE MSC BERHAD,Technology,2018-12-31,0,1,0.19,0.505,0.37,0.745,310.8M,0065,10,0.465,3.44,6.94,4.15,16.95,3.69,-8.19,22.53,1.6,3.16,1.07,34.06,7.55,29.06,55.6,26.73,28.11,1.5,2.15,0.98,78.83,40.56,4.09,2.41
HAP SENG PLANTATIONS HOLDINGS BERHAD,Plantation,2018-12-31,0,0,2.03,2.03,1.4,2.05,"1,624.0M",5138,10,1.64,2.22,6.04,2.19,6.73,2.93,0.92,43.33,3.64,15.91,6.85,25.43,7.94,45.05,26.89,19.3,9.2,2.5,10.65,4.12,68.12,5.7,4.06,1.33
MALAYSIA BUILDING SOCIETY BERHAD,Financial Services,2018-12-31,0,0,1.2909,0.84,0.82,1.08,"5,639.3M",1171,10,0.92,11.22,11.68,4.77,18.88,12.99,19.74,59.67,10.32,20.6,13.54,18.99,9.35,8.91,15.86,10.85,6.12,0.0,7.38,9.29,37.21,28.6,4.03,3.93
KLCC REAL ESTATE INVESTMENT TRUST,Real Estate Investment Trusts,2018-12-31,0,0,7.27,7.99,7.6,8.48,"14,424.6M",5235SS,7,7.66,5.24,6.87,1.34,8.86,4.22,-12.44,25.45,40.15,65.98,37.56,64.83,50.82,19.08,9.54,12.96,5.94,37.0,31.79,6.7,60.67,23.64,4.03,1.67
APEX HEALTHCARE BERHAD,Health Care,2018-12-31,0,0,0.87,2.24,1.97,9.83,"1,057.1M",7090,10,7.8,6.4,9.21,3.03,13.63,1.82,6.52,15.42,49.94,32.7,6.61,7.86,1.69,15.62,10.98,11.83,3.04,13.5,13.28,3.1,41.73,11.67,4.03,2.52
YOONG ONN CORPORATION BERHAD,Consumer Products & Services,2019-06-30,0,0,1.44,0.96,0.94,1.24,153.6M,5159,10,1.08,13.24,15.01,4.61,13.5,2.93,-0.01,12.37,14.28,13.19,1.6,11.3,0.94,7.55,6.98,7.26,2.0,4.5,3.9,1.77,28.67,11.43,3.98,1.98
THONG GUAN INDUSTRIES BERHAD,Industrial Products & Services,2018-12-31,0,0,3.11,3.42,2.18,3.67,631.7M,7034,10,2.2,15.13,14.88,4.63,9.64,2.26,15.83,43.08,33.29,28.5,10.65,4.77,1.33,6.61,8.3,7.47,2.51,8.0,7.4,2.11,27.13,5.45,3.96,1.15
GROMUTUAL BERHAD,Property,2018-12-31,0,0,0.95,0.28,0.24,0.35,105.2M,9962,10,0.265,6.01,15.66,5.38,6.44,2.25,3.3,40.43,1.59,4.9,1.76,21.3,5.98,16.64,10.25,7.42,3.43,0.5,1.25,0.56,25.55,5.81,3.88,1.3
TASCO BERHAD,Transportation & Logistics,2019-03-31,0,1,2.16,1.19,1.0,1.73,238.0M,5140,10,1.66,3.93,11.79,4.96,10.01,2.69,-8.04,26.15,6.53,23.01,8.83,5.5,1.48,25.42,15.05,10.53,5.69,0.0,7.46,3.77,29.52,10.65,3.86,2.26
KEN HOLDINGS BERHAD,Property,2018-12-31,0,1,1.78,0.585,0.53,0.78,112.2M,7323,10,0.63,21.3,18.94,4.86,12.23,3.03,11.18,44.32,13.42,18.39,5.29,34.08,5.13,4.7,5.8,5.62,1.36,1.5,3.8,1.47,21.61,8.54,3.85,1.26
FRASER & NEAVE HOLDINGS BHD,Consumer Products & Services,2019-09-30,0,0,6.9,34.58,32.22,36.96,"12,683.2M",3689,10,34.9,3.21,5.03,2.97,19.48,7.01,-2.6,22.34,111.9,100.72,34.94,9.52,3.38,31.18,21.65,23.86,7.5,60.0,72.45,32.85,71.63,13.0,3.8,2.77
PETRONAS DAGANGAN BHD,Consumer Products & Services,2018-12-31,0,0,6.05,23.12,21.2,28.48,"22,968.7M",5681,10,26.5,3.23,4.36,1.76,15.12,6.34,7.26,34.96,85.5,86.07,25.84,3.35,1.09,30.99,25.21,26.05,8.02,70.0,73.7,13.76,89.6,19.71,3.79,1.44
TROPICANA CORPORATION BERHAD,Property,2018-12-31,0,0,2.42,0.935,0.805,0.94,"1,374.8M",5401,10,0.89,13.16,17.44,7.54,8.26,3.55,6.69,50.68,11.65,18.51,8.76,18.32,6.49,7.6,7.93,6.9,2.93,1.6,3.9,1.73,24.1,13.43,3.72,1.69
INARI AMERTRON BERHAD,Technology,2019-06-30,0,0,0.3587,1.68,1.22,2.09,"5,382.0M",0166,9,1.6,3.74,8.24,5.1,31.55,12.75,5.8,52.75,6.06,11.39,4.98,14.13,5.35,26.75,14.4,14.71,9.08,5.2,6.09,3.06,60.61,34.53,3.7,2.12
ASTRO MALAYSIA HOLDINGS BERHAD,Telecommunications & Media,2019-01-31,0,0,0.1595,1.29,1.24,1.7,"6,726.7M",6399,7,1.68,5.28,4.84,1.55,109.57,49.76,-6.01,29.83,8.88,12.61,4.38,8.98,5.01,18.92,23.38,22.68,6.74,9.0,9.43,4.09,86.59,36.11,3.7,1.66
RIVERVIEW RUBBER ESTATES BERHAD,Plantation,2018-12-31,0,0,4.09,2.95,2.72,3.13,191.3M,2542,10,3.1,2.46,5.92,2.8,5.5,2.95,-1.0,41.23,7.64,19.1,7.33,45.8,20.01,40.59,25.36,21.69,10.74,0.06,11.91,9.03,51.84,39.13,3.69,2.88
SLP RESOURCES BERHAD,Industrial Products & Services,2018-12-31,0,1,0.59,1.17,1.1,1.42,370.8M,7248,10,1.16,6.87,7.42,2.53,13.35,5.16,11.42,47.73,7.97,6.12,2.7,9.02,4.13,14.56,25.98,16.28,9.38,4.5,3.0,1.22,51.68,14.36,3.68,1.1
ALLIANCE BANK MALAYSIA BERHAD,Financial Services,2019-03-31,0,0,3.8,2.61,2.57,4.35,"4,040.6M",2488,10,4.09,8.49,7.97,0.57,11.51,1.7,6.53,12.73,34.7,32.1,4.9,35.31,4.41,11.78,13.2,12.62,0.97,16.7,15.07,5.98,45.58,13.2,3.65,1.18
PAOS HOLDINGS BERHAD,Consumer Products & Services,2019-05-31,0,0,0.53,0.345,0.3,0.46,62.5M,5022,10,0.35,1.17,3.12,1.89,2.5,1.43,20.26,89.79,0.41,1.97,1.28,1.66,1.35,85.34,55.25,47.65,28.78,1.6,2.19,0.55,164.78,98.81,3.63,0.68
UMS-NEIKEN GROUP BERHAD,Industrial Products & Services,2018-12-31,0,0,1.25,0.765,0.765,1.1,61.2M,7227,10,1.06,9.66,12.59,5.02,8.7,2.88,19.94,38.66,10.23,8.12,3.55,9.79,4.49,10.36,8.88,9.05,2.86,3.0,2.26,0.77,30.22,6.41,3.63,1.19
NTPM HOLDINGS BERHAD,Consumer Products & Services,2019-04-30,0,0,0.4,0.5,0.385,0.575,561.6M,5066,10,0.455,1.75,6.29,2.26,14.03,6.56,-11.76,27.21,0.8,3.98,1.28,8.81,3.76,57.02,33.91,19.85,12.92,1.6,2.18,0.74,67.78,48.15,3.61,1.52
CHIN TECK PLANTATIONS BERHAD,Plantation,2019-08-31,0,0,7.36,6.51,6.03,7.1,594.8M,1929,10,6.3,5.58,5.82,2.52,6.83,3.0,11.7,59.85,35.14,47.01,20.01,34.07,11.38,17.93,24.66,20.73,9.1,20.0,29.7,11.38,67.49,21.68,3.6,1.22
KARYON INDUSTRIES BERHAD,Industrial Products & Services,2019-03-31,0,0,0.21,0.175,0.115,0.19,83.3M,0054,10,0.13,7.12,11.25,6.14,9.73,3.52,3.85,42.23,0.93,1.86,0.69,5.33,1.66,14.05,17.48,12.47,7.65,0.3,0.61,0.42,34.97,21.24,3.54,2.29
V.S. INDUSTRY BERHAD,Industrial Products & Services,2019-07-31,0,1,0.9,1.37,0.7,1.41,"2,551.0M",6963,10,1.2,7.24,9.65,4.84,15.19,12.74,8.2,47.86,8.84,13.4,5.27,3.64,1.25,13.81,27.21,15.01,12.14,4.4,5.74,3.82,44.78,17.66,3.53,2.64
SCIENTEX BERHAD,Industrial Products & Services,2019-07-31,0,0,4.48,9.49,8.11,9.87,"4,895.7M",4731,10,8.42,7.69,10.93,3.78,17.18,2.02,12.68,25.1,66.66,57.85,21.01,10.04,0.84,13.0,10.9,10.23,3.28,20.0,17.9,5.39,31.95,7.18,3.5,1.31
CHIN WELL HOLDINGS BERHAD,Industrial Products & Services,2019-06-30,0,0,1.97,1.38,1.36,1.93,413.4M,5007,10,1.8,10.89,10.04,2.65,9.9,2.59,24.92,53.38,19.6,14.78,4.86,8.97,2.59,9.18,13.7,10.87,3.69,7.85,5.19,2.42,34.57,8.69,3.48,1.37
AMMB HOLDINGS BERHAD,Financial Services,2019-03-31,0,0,6.02,3.96,3.78,4.64,"11,936.2M",1015,10,4.56,10.97,8.78,1.28,11.01,2.55,5.4,17.95,50.03,48.13,8.68,18.31,2.41,9.12,11.82,11.64,1.75,20.0,19.01,4.58,39.07,3.36,3.45,0.65
LBI CAPITAL BERHAD,Property,2018-12-31,0,0,1.41,0.57,0.555,1.05,57.9M,8494,10,0.72,5.83,13.4,6.9,9.52,4.82,15.38,63.6,4.2,13.65,7.8,25.23,19.1,17.14,10.48,9.39,4.24,7.0,3.7,2.64,37.33,46.37,3.44,2.87
S P SETIA BERHAD,Property,2018-12-31,0,0,2.99,1.56,1.18,2.62,"6,306.3M",8664,9,2.33,7.32,6.5,2.93,9.65,1.95,-5.82,23.53,14.82,21.06,9.62,15.02,6.09,13.66,9.99,11.94,6.87,8.55,14.01,6.58,66.29,7.32,3.43,2.06
AJINOMOTO (MALAYSIA) BERHAD,Consumer Products & Services,2019-03-31,0,0,7.66,14.6,14.5,19.4,887.7M,2658,10,18.0,5.17,9.08,3.97,14.14,8.56,36.07,111.91,93.06,81.2,78.44,12.75,10.83,19.34,14.63,12.92,5.1,47.0,24.38,13.55,43.49,15.66,3.41,1.46
DUTCH LADY MILK INDUSTRIES BERHAD,Consumer Products & Services,2018-12-31,0,0,2.34,49.2,45.62,64.78,"3,148.8M",3026,10,62.0,3.26,4.88,1.57,72.31,30.09,10.36,24.28,202.3,178.29,45.08,12.2,1.99,30.65,23.01,22.42,6.37,0.0,117.06,104.78,66.84,51.34,3.38,2.33
MEGA FIRST CORPORATION BERHAD,Utilities,2018-12-31,0,0,3.55,5.0,3.06,5.01,"2,187.1M",3069,10,3.1,10.59,14.99,3.22,11.21,1.8,2.42,12.98,33.03,31.67,3.02,17.9,1.63,9.44,7.68,7.02,1.66,4.0,6.71,1.66,21.59,6.09,3.37,1.38
SURIA CAPITAL HOLDINGS BERHAD,Transportation & Logistics,2018-12-31,0,0,3.2122,1.29,1.21,1.85,446.1M,6521,10,1.65,9.28,11.28,3.24,7.21,2.3,5.31,48.87,15.31,21.54,8.02,20.51,4.06,10.77,9.12,9.5,2.33,9.5,6.24,1.46,31.43,11.8,3.35,1.0
DATASONIC GROUP BERHAD,Technology,2019-03-31,0,0,0.2032,1.38,0.355,1.39,"1,863.0M",5216,7,0.515,5.25,6.55,4.85,27.35,8.91,-23.39,31.37,2.71,10.06,11.29,16.08,11.44,19.03,16.66,20.16,7.25,2.5,4.29,2.33,65.75,25.72,3.35,1.14
AFFIN BANK BERHAD,Financial Services,2018-12-31,0,0,4.69,1.91,1.86,2.34,"3,793.3M",5185,10,2.23,11.61,10.42,1.06,7.69,1.97,3.68,24.72,25.89,30.81,7.56,26.67,7.58,8.61,10.24,9.7,1.07,5.0,9.82,4.15,31.19,9.69,3.35,1.08
PUBLIC BANK BERHAD,Financial Services,2018-12-31,0,0,10.9746,19.88,18.8,25.18,"77,176.9M",1295,10,24.76,5.82,6.67,0.54,18.68,3.71,7.2,6.6,144.37,116.67,22.17,27.02,0.97,17.19,14.96,15.09,1.2,69.0,56.1,5.68,49.8,10.76,3.33,0.71
TALIWORKS CORPORATION BERHAD,Utilities,2018-12-31,0,1,53.37,0.87,0.78,1.03,"1,753.8M",8524,10,0.79,6.23,9.4,8.99,15.6,24.4,29.16,112.53,4.92,9.51,6.49,29.44,21.65,16.05,24.29,17.01,10.71,4.8,4.13,3.0,73.36,93.62,3.33,2.42
RUBBEREX CORPORATION (M) BERHAD,Industrial Products & Services,2018-12-31,0,1,0.8,0.545,0.42,0.6,137.5M,7803,10,0.45,4.87,8.28,4.94,6.4,3.9,235.08,717.37,2.19,6.59,5.33,3.76,2.19,20.53,216.71,54.92,124.42,1.75,2.55,1.23,124.59,237.02,3.32,0.82
JOHORE TIN BERHAD,Consumer Products & Services,2018-12-31,0,1,1.09,1.76,0.95,1.89,546.4M,7167,10,0.96,12.93,13.11,4.29,10.69,3.9,13.64,43.8,12.41,15.43,6.71,6.62,1.94,7.73,9.28,8.43,2.66,5.0,3.82,1.66,27.46,14.72,3.32,1.32
AEON CREDIT SERVICE (M) BERHAD,Financial Services,2019-02-28,0,0,6.04,14.34,14.0,17.36,"3,636.9M",5139,10,16.54,8.07,10.6,1.74,27.92,4.31,6.12,13.1,133.55,133.89,25.33,25.32,1.68,12.38,6.19,8.81,3.37,44.6,46.38,12.28,34.7,6.0,3.3,1.46
CHOO BEE METAL INDUSTRIES BHD,Industrial Products & Services,2018-12-31,0,0,3.84,1.23,1.15,1.71,162.0M,5797,10,1.48,16.73,11.15,4.29,4.76,2.03,35.48,110.66,24.76,18.7,8.92,4.7,2.26,5.98,16.6,11.16,6.26,6.0,5.4,2.15,31.16,18.09,3.28,1.23
PRESTAR RESOURCES BERHAD,Industrial Products & Services,2018-12-31,0,0,1.44,0.41,0.395,0.785,84.0M,9873,10,0.52,12.39,13.41,4.47,6.26,3.68,23.62,51.22,6.42,7.77,5.68,3.12,1.52,8.07,14.16,9.05,5.3,1.5,1.86,1.15,27.57,12.96,3.28,1.0
ORIENTAL FOOD INDUSTRIES HOLDINGS BERHAD,Consumer Products & Services,2019-03-31,0,1,0.8,0.665,0.625,0.9,159.6M,7107,10,0.77,7.92,9.12,3.46,10.16,2.54,-2.89,36.52,6.1,17.01,9.57,7.15,2.01,12.63,14.27,12.95,5.47,2.2,6.17,3.74,40.44,16.41,3.28,1.46
LYSAGHT GALVANIZED STEEL BERHAD,Industrial Products & Services,2018-12-31,0,0,3.67,2.41,2.38,2.85,100.2M,9199,10,2.5,8.95,11.27,2.07,10.92,2.21,4.5,29.75,22.37,29.43,8.13,17.61,3.91,11.18,9.14,9.16,1.57,7.0,8.01,4.67,27.97,17.45,3.26,2.25
PETRONAS GAS BERHAD,Utilities,2018-12-31,0,0,6.7146,17.24,14.0,19.26,"34,113.3M",6033,10,19.2,4.76,4.55,0.77,15.46,2.44,9.41,24.69,91.49,81.46,18.26,39.89,6.0,20.99,21.78,22.57,3.47,72.0,56.0,8.8,71.07,13.63,3.25,0.9
BATU KAWAN BERHAD,Plantation,2019-09-30,0,0,14.43,17.4,15.1,17.6,"7,585.5M",1899,10,15.68,5.85,8.29,2.23,12.15,4.7,0.1,30.36,91.66,138.45,32.12,76.64,107.9,17.11,12.56,12.85,2.99,15.0,53.5,22.48,37.83,13.18,3.24,1.58
CIMB GROUP HOLDINGS BERHAD,Financial Services,2018-12-31,0,0,5.765,5.3,4.82,5.89,"52,591.7M",1023,10,5.71,10.28,7.56,1.24,13.28,5.8,5.97,17.87,59.67,48.25,9.29,28.02,4.92,9.73,13.59,13.57,2.12,25.0,21.28,4.05,44.31,4.81,3.21,0.82
SIME DARBY BERHAD,Consumer Products & Services,2019-06-30,0,0,2.09,2.31,2.04,2.47,"15,711.3M",4197,10,2.26,6.17,5.85,2.44,10.22,4.08,28.7,126.35,13.9,41.63,18.92,6.96,2.4,16.21,37.42,22.11,15.35,10.0,23.8,10.29,59.87,14.23,3.19,0.81
SIGNATURE INTERNATIONAL BERHAD,Consumer Products & Services,2019-06-30,0,1,0.75,0.45,0.315,0.565,108.1M,7246,10,0.44,2.25,8.96,4.75,15.05,13.72,6.85,108.01,1.0,8.92,6.11,9.25,6.48,44.51,24.72,15.43,10.64,0.0,3.45,3.95,36.67,25.97,3.19,3.37
SUNWAY BERHAD,Industrial Products & Services,2018-12-31,0,0,1.7,1.81,1.45,1.84,"8,930.4M",5211,10,1.47,9.24,14.26,7.2,15.01,6.28,13.95,73.58,13.53,32.55,23.1,15.74,8.28,10.83,6.12,7.51,3.47,7.12,8.46,10.15,29.44,26.33,3.18,3.38
CAHYA MATA SARAWAK BERHAD,Industrial Products & Services,2018-12-31,0,1,2.46,2.36,2.26,3.92,"2,535.5M",2852,10,2.69,9.23,8.15,3.94,8.8,2.76,14.74,38.16,24.79,23.24,8.58,13.97,3.06,10.83,15.57,14.91,6.07,7.4,9.87,4.53,43.89,19.28,3.13,1.76
EITA RESOURCES BERHAD,Industrial Products & Services,2019-09-30,0,0,1.33,1.49,1.28,1.6,193.7M,5208,10,1.36,11.78,11.26,2.91,14.2,4.3,3.49,23.33,16.02,12.83,2.58,7.67,1.13,8.49,7.56,7.64,4.51,6.0,5.62,3.89,42.57,24.59,3.12,1.8
MUDA HOLDINGS BERHAD,Industrial Products & Services,2018-12-31,0,0,3.45,1.42,1.4,2.21,433.2M,3883,10,1.79,14.2,11.49,5.38,5.3,2.31,32.21,86.23,25.42,12.82,6.11,3.82,1.47,7.04,15.05,11.95,7.29,4.5,3.02,4.95,17.74,28.59,3.07,5.6
DKSH HOLDINGS (MALAYSIA) BERHAD,Consumer Products & Services,2018-12-31,0,0,3.8246,2.62,2.21,2.87,413.1M,5908,10,2.3,12.3,13.33,5.58,15.94,9.52,21.19,53.51,28.3,37.4,26.3,1.23,0.81,8.13,10.84,9.26,4.37,10.0,9.04,5.3,27.6,13.93,3.07,0.87
AYS VENTURES BERHAD,Industrial Products & Services,2019-03-31,1,0,0.71,0.295,0.255,0.375,112.2M,5021,10,0.33,12.54,67.86,168.24,9.42,6.83,75.56,226.32,4.14,23.18,51.73,5.5,8.29,7.97,7.02,7.82,4.69,1.0,1.0,0.87,26.7,19.15,3.02,2.3
KPJ HEALTHCARE BERHAD,Health Care,2018-12-31,0,2,0.38,0.94,0.87,1.1,"4,172.8M",5878,10,1.04,3.96,6.26,6.16,15.34,8.12,-13.64,34.06,4.17,17.5,14.4,6.25,1.19,25.24,18.55,22.58,7.66,2.0,9.65,5.77,61.41,23.92,3.02,2.23
METROD HOLDINGS BERHAD,Industrial Products & Services,2018-12-31,0,0,3.4946,1.4,1.4,1.8,168.0M,6149,10,1.54,4.92,9.4,6.05,5.27,3.63,51.0,182.67,7.58,21.01,15.9,1.19,1.07,20.31,19.72,15.72,9.57,6.0,6.0,2.68,47.36,33.39,3.02,1.04
KIMLUN CORPORATION BERHAD,Construction,2018-12-31,0,0,2.0709999999999997,1.27,1.08,1.49,431.6M,5171,9,1.08,17.06,13.05,2.87,14.95,4.14,2.78,22.57,18.81,19.83,3.63,5.48,2.32,5.86,9.09,8.09,1.99,3.7,4.56,1.22,22.77,3.42,3.0,0.82
MKH BERHAD,Property,2019-09-30,0,0,2.79,1.73,1.11,1.74,"1,014.7M",6114,10,1.18,11.95,11.37,2.48,9.22,4.54,11.32,47.29,14.1,21.23,8.47,11.94,3.07,8.37,10.4,9.26,2.27,3.5,5.55,2.57,29.22,13.28,2.99,1.26
GAS MALAYSIA BERHAD,Utilities,2018-12-31,0,0,0.7674,2.77,2.57,2.96,"3,556.7M",5209,8,2.83,4.96,4.47,0.74,16.97,3.03,0.44,26.62,14.05,13.41,2.51,4.61,3.4,20.14,14.52,20.17,8.55,9.0,10.55,2.87,79.76,18.51,2.98,1.29
IOI PROPERTIES GROUP BERHAD,Property,2019-06-30,0,0,3.4,1.21,1.03,1.69,"6,662.4M",5249,6,1.38,8.7,10.22,2.22,5.9,1.77,-12.39,12.16,12.01,20.9,6.34,22.95,21.51,11.49,10.52,10.25,2.2,3.0,6.0,1.73,29.04,4.11,2.97,0.41
PMB TECHNOLOGY BERHAD,Industrial Products & Services,2018-12-31,0,1,2.51,3.15,3.05,3.74,660.5M,7172,10,3.57,1.67,13.73,11.16,6.78,2.79,7.92,45.96,5.95,11.05,3.94,2.78,0.91,59.98,31.16,15.4,16.68,2.0,2.78,0.98,26.88,8.92,2.95,1.44
A-RANK BERHAD,Industrial Products & Services,2019-07-31,0,0,0.81,0.495,0.47,0.785,84.2M,7214,10,0.51,12.91,15.83,3.0,11.64,1.91,1.96,26.43,6.58,9.32,2.46,2.28,0.61,7.75,6.42,6.53,1.17,2.5,1.88,1.27,20.48,13.98,2.95,2.01
ROHAS TECNIC BERHAD,Industrial Products & Services,2018-12-31,0,0,0.7,0.63,0.5,0.79,297.8M,9741,10,0.68,5.01,25.96,47.26,57.86,133.13,52.51,147.75,3.26,50.23,66.38,5.64,3.79,19.95,125.48,33.4,72.52,1.5,7.35,8.91,32.97,32.94,2.92,3.22
IOI CORPORATION BERHAD,Plantation,2019-06-30,0,0,1.51,4.72,4.1,4.82,"29,663.5M",1961,10,4.25,2.37,5.25,3.26,18.2,15.04,133.86,345.06,10.05,26.09,16.55,14.91,11.51,42.28,253.72,70.74,142.99,8.0,14.0,4.67,162.36,312.1,2.88,0.84
SHANGRI-LA HOTELS (MALAYSIA) BERHAD,Consumer Products & Services,2018-12-31,0,0,2.3798,5.05,4.77,5.95,"2,222.0M",5517,10,5.62,2.85,4.07,1.08,8.35,2.62,16.63,48.55,16.04,17.95,6.42,17.78,5.16,35.05,29.19,26.47,7.41,15.0,12.4,3.14,73.0,16.33,2.88,0.73
CHEETAH HOLDINGS BERHAD,Consumer Products & Services,2019-06-30,0,0,1.09,0.285,0.26,0.37,36.4M,7209,10,0.285,0.96,9.95,7.32,5.23,4.46,-26.42,22.82,0.27,4.87,3.75,4.8,3.8,103.92,54.44,25.32,28.97,0.0,1.41,1.16,26.1,14.26,2.88,2.31
SKP RESOURCES BHD,Industrial Products & Services,2019-03-31,0,0,0.5,1.36,1.0,1.44,"1,700.3M",7155,10,1.34,5.83,11.65,6.47,20.67,6.19,18.63,36.61,7.81,5.76,2.52,7.47,1.57,17.16,11.06,11.39,5.31,0.0,0.79,0.75,19.74,17.15,2.87,3.28
RHB BANK BERHAD,Financial Services,2018-12-31,0,0,6.44,5.84,5.21,6.07,"23,418.7M",1066,10,5.29,10.87,9.92,1.04,12.9,4.67,7.95,34.49,57.49,60.48,17.2,19.87,2.77,9.2,11.04,10.21,1.21,20.5,18.25,6.02,33.24,14.55,2.87,0.91
TA ANN HOLDINGS BERHAD,Plantation,2018-12-31,0,0,3.21,3.49,2.0,3.49,"1,552.5M",5012,10,2.7,6.51,8.01,2.01,10.27,3.35,5.45,44.07,17.59,29.11,9.9,11.92,3.42,15.35,15.61,13.35,3.81,10.0,11.1,6.25,37.34,14.46,2.85,1.37
MISC BERHAD,Transportation & Logistics,2018-12-31,0,0,7.95,8.44,6.2,9.41,"37,674.4M",3816,10,6.7,4.39,5.56,1.76,6.19,1.97,19.6,80.43,29.4,40.27,13.87,18.81,7.72,22.8,29.02,20.66,9.35,30.0,22.0,12.49,63.3,55.45,2.84,1.58
SELANGOR DREDGING BERHAD,Property,2019-03-31,0,0,1.9965,0.625,0.59,0.755,266.3M,2224,10,0.66,8.68,13.41,4.61,6.55,2.12,13.33,39.69,5.73,11.3,4.54,17.46,8.9,11.52,8.58,8.33,2.72,2.0,2.34,0.45,23.29,6.91,2.84,0.26
BINTULU PORT HOLDINGS BERHAD,Transportation & Logistics,2018-12-31,0,0,2.7959,4.39,3.55,5.06,"2,019.4M",5032,10,4.5,6.86,5.21,0.83,16.02,5.02,0.29,12.07,30.88,33.82,3.88,26.85,4.01,14.57,20.23,19.67,3.09,8.0,18.75,4.57,55.24,11.71,2.83,0.52
IMASPRO CORPORATION BERHAD,Industrial Products & Services,2019-06-30,0,0,1.62,2.2,1.85,2.33,176.0M,7222,10,2.22,0.32,7.27,3.6,6.32,2.56,-9.6,35.88,0.72,8.68,3.31,8.12,2.96,307.8,158.0,44.05,88.14,3.5,3.5,0.0,83.32,134.55,2.83,1.03
K.SENG SENG CORPORATION BERHAD,Industrial Products & Services,2018-12-31,0,0,0.83,0.415,0.285,0.595,39.8M,5192,9,0.3,3.31,11.21,9.59,6.77,5.17,42.75,184.22,0.99,4.97,3.82,4.56,3.89,30.19,15.1,12.45,8.65,0.0,1.49,1.32,29.0,23.13,2.83,3.17
HONG LEONG BANK BERHAD,Financial Services,2019-06-30,0,0,12.74,17.6,15.82,21.66,"38,151.8M",5819,10,19.0,6.85,7.63,1.01,12.91,2.37,7.4,14.02,130.23,106.83,19.58,49.48,4.3,14.59,13.84,13.34,1.81,50.0,39.7,8.56,37.03,3.99,2.82,0.39
YEE LEE CORPORATION BHD,Consumer Products & Services,2018-12-31,0,1,3.3412,2.13,1.8,2.35,408.1M,5584,10,1.83,10.69,15.38,10.66,7.83,1.45,0.06,29.4,19.56,18.51,5.88,3.59,0.71,9.36,7.12,8.11,2.65,4.0,3.5,0.89,19.31,2.2,2.82,1.53
WCT HOLDINGS BERHAD,Construction,2018-12-31,0,0,2.3,0.865,0.665,1.22,"1,226.7M",9679,10,0.675,11.99,8.8,3.52,8.9,4.91,9.47,61.9,8.01,16.73,8.59,9.57,5.58,8.34,18.81,13.65,6.71,1.71,5.84,3.35,33.96,18.26,2.81,1.14
TENAGA NASIONAL BHD,Utilities,2018-12-31,0,0,10.0904,13.26,11.24,14.28,"75,408.1M",5347,10,13.6,4.82,8.36,3.28,10.61,4.07,30.73,113.15,65.62,84.33,34.51,12.52,4.19,20.73,19.52,15.11,8.43,53.27,30.13,15.4,37.22,17.38,2.79,1.14
GAMUDA BERHAD,Construction,2019-07-31,0,0,3.35,3.88,2.27,4.04,"9,606.1M",5398,10,3.71,7.71,5.9,1.0,10.35,2.13,7.52,18.49,28.6,24.9,4.33,21.77,7.14,12.98,17.19,17.4,2.71,12.0,11.62,0.9,47.71,6.15,2.78,0.37
BREM HOLDING BERHAD,Construction,2019-03-31,0,1,1.65,0.785,0.725,0.8,271.2M,8761,10,0.765,5.42,11.11,6.22,5.58,2.87,69.8,238.05,4.1,12.53,7.66,28.14,15.01,18.46,32.51,15.33,15.91,0.02,3.4,2.79,22.42,20.56,2.75,2.34
SHL CONSOLIDATED BHD,Property,2019-03-31,0,0,3.33,2.31,2.18,2.81,559.3M,6017,10,2.4,10.88,10.38,2.2,8.3,3.42,15.89,42.9,26.12,23.43,11.4,29.98,11.74,9.19,12.14,10.21,2.78,8.0,7.3,6.48,23.4,20.82,2.74,2.41
JKG LAND BERHAD,Property,2019-01-31,0,0,0.21,0.08,0.07,0.09,182.0M,6769,10,0.08,1.14,11.23,8.23,7.34,5.47,2.97,94.2,0.09,2.26,1.77,30.21,14.8,87.37,45.15,17.73,23.43,0.1,0.5,0.42,34.79,32.33,2.72,2.27
PETRONAS CHEMICALS GROUP BERHAD,Industrial Products & Services,2018-12-31,0,0,3.73,7.36,6.75,9.49,"58,880.0M",5183,10,9.29,6.7,5.82,0.73,13.83,2.28,9.57,20.92,62.0,40.3,9.53,23.16,1.95,14.93,10.46,15.64,5.57,32.0,18.9,7.89,45.52,15.24,2.66,0.96
LTKM BERHAD,Consumer Products & Services,2019-03-31,0,1,1.94,1.26,0.955,1.4,163.9M,7085,10,1.18,13.65,12.94,7.83,9.49,6.37,97.87,211.86,16.11,31.2,31.21,9.7,6.4,7.33,24.16,14.99,14.23,0.0,6.73,7.2,16.98,15.12,2.66,2.65
DAIBOCHI BERHAD,Industrial Products & Services,2019-07-31,0,1,0.66,2.25,1.55,2.4,737.8M,8125,9,1.8,2.94,3.82,2.31,13.0,4.66,-2.72,24.05,5.28,10.14,7.43,6.02,2.72,34.06,28.01,25.31,15.05,3.35,8.19,5.66,83.6,32.11,2.65,1.64
MANULIFE HOLDINGS BERHAD,Financial Services,2018-12-31,0,0,4.18,2.48,2.31,2.85,501.9M,1058,10,2.5,5.19,6.95,1.73,6.6,3.03,-4.34,24.55,12.97,21.91,6.25,5.49,2.74,19.27,16.8,15.36,3.99,7.0,8.05,6.67,40.93,27.98,2.6,2.06
KUMPULAN H & L HIGH-TECH BERHAD,Industrial Products & Services,2018-10-31,0,0,2.5716,1.22,0.95,1.32,49.5M,7033,10,1.51,6.45,10.34,5.73,5.21,2.73,193.15,506.01,9.75,10.52,6.04,18.08,11.49,15.49,202.54,49.45,116.92,3.5,2.65,1.42,63.25,113.02,2.56,1.32
BIMB HOLDINGS BERHAD,Financial Services,2018-12-31,0,0,3.41,4.45,3.46,4.75,"7,851.1M",5258,10,3.56,11.34,9.61,2.45,14.05,2.22,14.4,23.79,40.36,28.81,8.86,18.59,1.74,8.82,8.78,10.11,4.3,15.5,9.69,6.98,29.24,18.32,2.56,1.69
CEPATWAWASAN GROUP BERHAD,Plantation,2018-12-31,0,0,1.11,0.695,0.48,0.705,221.3M,8982,10,0.565,2.98,8.9,3.33,4.84,1.75,1.77,52.98,1.68,7.65,3.44,9.73,3.59,33.58,20.36,13.87,7.83,1.5,2.1,0.58,34.26,19.91,2.55,0.63
LB ALUMINIUM BERHAD,Industrial Products & Services,2019-04-30,0,0,1.2,0.49,0.455,0.6,121.8M,9326,10,0.53,9.24,10.31,3.67,5.3,1.72,11.94,50.19,4.91,5.41,1.85,3.19,1.12,10.82,14.66,11.16,4.75,1.5,1.62,0.65,33.09,13.5,2.53,1.39
YTL CORPORATION BERHAD,Utilities,2019-06-30,0,1,1.23,0.9,0.82,1.25,"9,916.4M",4677,10,1.12,2.16,8.7,8.78,10.75,11.52,-9.29,23.23,2.45,9.27,3.74,9.49,2.55,46.2,24.56,18.93,11.6,0.04,4.06,4.41,39.08,41.51,2.52,2.76
TOP GLOVE CORPORATION BHD,Health Care,2019-08-31,0,0,1.01,4.76,4.21,5.76,"12,189.4M",7113,10,4.75,3.05,5.12,1.34,17.94,6.49,-1.76,38.42,14.47,27.85,7.26,9.51,2.01,32.82,23.78,21.23,6.67,7.5,14.0,2.88,51.17,4.88,2.45,0.68
TEO SENG CAPITAL BERHAD,Consumer Products & Services,2018-12-31,0,0,1.02,1.29,0.95,1.43,387.0M,7252,10,0.965,10.5,11.81,7.33,14.78,8.92,347.28,862.13,10.13,9.69,6.38,6.86,3.83,9.53,66.25,27.74,42.38,3.0,2.51,2.67,19.07,11.57,2.41,2.0
TUNE PROTECT GROUP BERHAD,Financial Services,2018-12-31,0,0,0.73,0.565,0.54,0.765,424.7M,5230,8,0.56,11.71,7.08,2.27,22.54,26.07,-17.46,30.16,6.56,16.94,19.45,16.88,16.35,8.54,10.69,11.52,7.51,3.0,2.64,2.14,32.73,28.5,2.4,2.07
IJM CORPORATION BERHAD,Construction,2019-03-31,0,0,2.65,2.14,1.55,2.51,"7,788.1M",3336,10,2.22,5.2,5.42,1.62,7.0,2.34,-0.44,39.85,11.56,26.14,13.17,12.23,3.37,19.21,19.36,19.85,5.02,4.0,11.45,5.5,44.65,6.83,2.37,0.64
HONG LEONG FINANCIAL GROUP BERHAD,Financial Services,2019-06-30,0,0,17.13,17.16,15.92,20.14,"19,691.4M",1082,10,18.54,9.05,9.62,1.17,13.34,3.94,11.09,31.86,167.8,141.26,25.91,51.05,4.41,11.05,10.48,10.55,1.26,42.0,34.6,6.34,24.8,3.65,2.36,0.21
Y.S.P.SOUTHEAST ASIA HOLDING BERHAD,Health Care,2018-12-31,0,0,2.34,2.37,2.24,2.98,330.8M,7178,10,2.75,7.98,9.85,2.14,8.2,1.54,8.08,30.13,22.05,15.44,4.11,9.61,1.71,12.53,12.73,10.74,2.84,7.0,4.25,3.54,25.14,21.9,2.34,2.13
PRESS METAL ALUMINIUM HOLDINGS BERHAD,Industrial Products & Services,2018-12-31,0,1,0.79,4.7,4.01,4.95,"18,979.1M",8869,10,4.83,3.3,9.11,6.44,16.37,13.22,77.33,185.02,16.18,16.98,9.66,5.91,2.99,30.27,41.86,21.8,21.3,6.5,5.52,4.26,40.86,26.53,2.34,1.88
BERJAYA FOOD BERHAD,Consumer Products & Services,2019-06-30,0,0,1.0324,1.36,1.28,1.81,519.7M,5196,9,1.66,4.45,5.31,5.41,15.27,14.6,35.75,180.18,7.22,10.58,15.81,10.76,12.95,22.47,284.02,81.49,172.75,4.0,3.75,1.47,217.52,422.66,2.32,1.09
PWF CORPORATION BERHAD,Consumer Products & Services,2018-12-31,0,1,1.81,0.71,0.68,0.92,123.5M,7134,10,0.745,11.18,8.1,5.41,3.09,2.21,539.32,1081.84,8.34,7.01,5.01,2.26,1.71,8.94,139.24,65.88,92.24,4.5,2.4,2.81,23.3,26.21,2.31,2.51
KUALA LUMPUR KEPONG BERHAD,Plantation,2019-09-30,0,0,9.73,24.8,20.9,25.78,"26,474.1M",2445,10,23.08,2.51,4.51,1.38,12.65,4.96,0.69,36.84,58.0,99.0,28.53,9.17,3.82,39.8,27.05,24.42,7.8,15.0,49.0,20.1,48.35,14.56,2.28,1.04
PPB GROUP BERHAD,Consumer Products & Services,2018-12-31,0,0,14.98,19.76,17.08,19.96,"28,110.6M",4065,10,17.58,4.3,6.06,1.5,7.14,2.96,-3.17,20.28,75.57,96.33,27.35,39.08,21.57,23.26,17.06,17.37,3.58,28.0,36.0,22.65,34.79,10.16,2.24,1.31
AYER HOLDINGS BERHAD,Property,2018-12-31,0,0,6.91,4.44,3.8,4.7,332.3M,2305,9,4.6,5.85,4.31,2.79,4.47,2.8,31.52,73.48,26.92,26.62,19.84,30.26,14.63,17.09,23.82,23.61,14.45,5.0,13.56,11.88,50.78,24.86,2.2,1.74
ORIENTAL HOLDINGS BERHAD,Consumer Products & Services,2018-12-31,0,0,10.6738,6.56,6.13,6.88,"4,069.8M",4006,10,6.17,13.09,8.01,3.13,6.35,2.15,9.96,29.85,80.74,47.43,14.3,8.65,2.28,7.64,18.02,14.95,6.9,40.0,14.3,9.99,28.05,11.33,2.18,1.63
UNITED U-LI CORPORATION BERHAD,Industrial Products & Services,2018-12-31,0,0,1.3147,0.52,0.385,0.8,113.3M,7133,10,0.6,2.18,11.97,8.1,9.57,3.58,-9.19,33.26,1.31,13.97,5.06,11.71,3.92,45.84,24.68,15.68,13.28,0.0,3.8,4.33,21.99,22.17,2.16,1.76
KECK SENG (MALAYSIA) BERHAD,Industrial Products & Services,2018-12-31,0,0,6.15,4.6,4.07,5.0,"1,662.8M",3476,10,4.08,2.75,8.86,8.2,6.38,4.52,11.25,62.1,11.23,34.5,22.6,11.8,8.15,36.32,38.06,21.66,19.03,4.0,9.55,1.88,43.18,39.68,2.15,0.69
AWC BERHAD,Industrial Products & Services,2019-06-30,0,0,0.698,0.61,0.58,0.81,181.6M,7579,10,0.735,9.31,10.9,3.94,11.19,3.75,10.25,39.12,7.08,4.95,2.35,8.43,2.23,10.74,9.79,10.13,2.84,1.5,1.0,0.95,23.13,28.11,2.14,2.59
SYARIKAT TAKAFUL MALAYSIA KELUARGA BERHAD,Financial Services,2018-12-31,0,1,1.58,5.73,3.73,7.18,"4,737.5M",6139,10,3.8,9.42,12.5,8.02,21.56,5.14,14.59,35.14,35.79,44.53,24.16,7.42,2.34,10.62,10.2,10.65,6.39,0.15,12.14,16.16,17.05,19.59,2.13,2.15
DKLS INDUSTRIES BHD,Construction,2018-12-31,0,0,4.41,1.72,1.6,1.9,159.4M,7528,10,1.79,3.29,15.01,9.16,6.17,3.21,11.29,56.18,5.9,21.26,13.47,8.52,4.96,30.35,16.54,11.18,9.62,3.0,2.92,0.22,21.22,15.69,2.06,0.41
HARTALEGA HOLDINGS BERHAD,Health Care,2019-03-31,0,0,0.7,5.5,4.52,6.2,"18,552.0M",5168,10,4.63,2.96,5.45,2.97,31.35,18.58,-2.85,34.62,13.72,24.74,13.41,20.18,3.44,33.76,27.1,24.06,11.43,8.5,11.55,5.48,48.47,5.81,2.05,1.11
VITROX CORPORATION BERHAD,Technology,2018-12-31,0,0,0.9711,7.94,5.7,8.4,"3,739.8M",0097,10,6.29,3.57,9.15,6.45,27.54,15.86,109.51,297.73,22.43,13.82,6.17,25.72,6.15,28.05,19.52,16.35,9.68,4.75,3.21,1.39,29.32,20.5,2.05,1.3
SAMCHEM HOLDINGS BERHAD,Industrial Products & Services,2018-12-31,0,0,0.57,0.67,0.55,0.765,182.2M,5147,10,0.67,11.72,10.68,4.15,12.57,5.51,16.06,89.07,7.85,8.4,3.12,2.47,1.05,8.53,17.34,11.47,6.47,3.0,1.89,2.12,18.69,20.01,2.03,2.07
SUCCESS TRANSFORMER CORPORATION BERHAD,Industrial Products & Services,2019-06-30,0,0,1.35,0.945,0.52,1.12,235.8M,7207,8,0.955,6.77,9.41,7.87,11.35,4.92,2.59,52.19,6.45,14.9,13.74,7.11,4.84,14.77,13.72,8.64,8.44,1.0,2.38,1.65,31.96,45.32,2.03,1.53
MELATI EHSAN HOLDINGS BERHAD,Construction,2019-08-31,0,0,1.78,0.435,0.36,0.55,52.2M,5129,10,0.435,4.84,9.51,8.31,5.35,4.18,29.68,97.1,2.1,8.0,7.08,6.49,7.8,20.68,21.94,16.86,10.68,1.0,1.62,0.57,30.9,13.52,2.03,0.38
MHC PLANTATIONS BHD,Plantation,2018-12-31,0,0,1.26,0.72,0.545,0.735,141.5M,5026,10,0.66,3.39,14.82,14.3,5.24,3.57,-0.91,64.57,2.24,11.03,8.83,37.82,38.97,29.47,23.43,15.47,12.59,2.0,1.58,1.35,19.28,26.12,2.01,1.89
HOCK SENG LEE BERHAD,Construction,2018-12-31,0,0,1.4801,1.32,1.31,1.61,769.1M,6238,10,1.35,7.25,8.44,1.9,14.26,5.61,0.83,16.17,9.78,12.76,2.69,12.93,2.44,13.8,12.52,12.43,2.6,2.4,3.03,0.75,24.0,4.25,2.01,0.52
TIME DOTCOM BERHAD,Telecommunications & Media,2018-12-31,1,0,4.58,9.2,7.75,9.5,"5,386.9M",5031,10,8.1,6.11,7.89,8.59,12.63,8.5,120.0,208.01,49.56,41.95,34.78,44.54,28.65,16.38,74.86,41.58,45.68,20.56,15.42,23.96,25.89,31.96,2.0,3.13
CAN-ONE BERHAD,Industrial Products & Services,2018-12-31,0,0,6.1122,2.89,1.97,3.99,555.3M,5105,10,1.98,12.24,18.11,10.68,14.95,9.92,34.23,134.61,24.24,40.07,26.53,8.61,5.06,8.17,6.72,6.81,2.53,4.0,3.9,0.7,12.52,5.02,1.98,0.73
CARING PHARMACY GROUP BERHAD,Consumer Products & Services,2019-05-31,0,0,0.71,2.53,1.59,2.57,550.8M,5245,6,1.92,4.96,4.15,1.42,11.1,2.64,11.48,40.36,9.52,6.8,2.01,2.3,2.0,20.17,34.6,28.0,12.11,5.0,3.25,1.35,46.61,8.13,1.96,0.78
ANALABS RESOURCES BERHAD,Industrial Products & Services,2019-04-30,0,0,2.49,1.09,0.92,1.24,130.9M,7083,10,1.12,3.2,10.88,4.48,6.25,3.38,-7.5,41.75,3.56,19.02,7.2,8.17,3.36,31.28,18.24,11.61,7.1,2.0,3.06,2.06,20.09,15.95,1.93,1.31
SPRITZER BHD,Consumer Products & Services,2018-12-31,0,0,1.9365,2.18,2.0,2.4,457.8M,7103,9,2.1,5.49,6.64,3.21,8.6,2.73,14.5,43.23,11.54,12.0,5.63,7.06,2.76,18.2,9.1,10.12,6.06,3.5,3.78,1.58,32.98,6.94,1.93,1.15
UNIMECH GROUP BERHAD,Industrial Products & Services,2018-12-31,0,0,1.7530000000000001,1.23,0.935,1.45,195.3M,7091,10,0.95,13.17,11.72,3.69,8.12,2.99,5.62,24.93,14.12,12.72,3.46,8.87,2.67,7.59,10.24,9.51,3.19,3.8,2.38,2.1,21.11,17.67,1.92,1.61
POH KONG HOLDINGS BERHAD,Consumer Products & Services,2019-07-31,0,0,1.36,0.5,0.45,0.555,205.2M,5080,10,0.505,12.49,14.41,6.72,6.68,3.74,9.99,58.87,6.31,6.75,2.98,3.46,1.77,8.01,11.2,8.96,4.74,1.2,0.89,0.6,11.19,7.39,1.92,1.33
ECONPILE HOLDINGS BERHAD,Construction,2019-06-30,0,1,0.3,0.775,0.375,0.88,"1,036.6M",5253,6,0.72,2.65,7.55,2.52,21.6,7.04,-6.34,42.86,1.91,8.64,4.29,6.26,5.88,37.76,23.94,16.36,9.8,0.5,2.25,1.57,25.13,11.9,1.82,1.16
BOILERMECH HOLDINGS BERHAD,Industrial Products & Services,2019-03-31,0,0,0.4,0.605,0.51,0.79,312.2M,0168,9,0.555,9.28,6.82,2.09,23.33,8.55,1.01,24.23,5.15,6.9,2.38,10.92,3.91,10.78,12.27,14.3,6.77,2.0,1.61,0.99,24.99,14.98,1.79,1.26
AEON CO. (M) BHD,Consumer Products & Services,2018-12-31,0,1,1.17,1.43,1.38,1.83,"2,007.7M",6599,10,1.47,5.09,5.22,1.76,10.56,4.18,-7.1,30.2,7.49,31.33,23.29,4.66,1.72,19.63,26.32,21.59,7.82,4.0,9.6,6.48,36.75,10.73,1.79,0.45
GENTING PLANTATIONS BERHAD,Plantation,2018-12-31,0,0,5.4,10.58,9.17,11.14,"9,494.0M",2291,10,9.86,2.08,4.15,1.37,8.46,2.79,5.32,43.53,20.5,38.45,11.07,22.46,8.25,48.06,31.41,27.46,10.64,13.0,17.35,11.59,49.1,39.56,1.77,0.99
EKOVEST BERHAD,Construction,2019-06-30,0,2,0.95,0.795,0.435,1.04,"2,110.6M",8877,10,0.85,6.23,7.2,3.91,9.65,8.01,30.96,101.15,5.29,11.11,10.67,15.33,11.11,16.06,26.66,18.45,10.82,1.0,2.7,1.62,36.14,25.62,1.77,0.76
SAM ENGINEERING & EQUIPMENT (M) BERHAD,Industrial Products & Services,2019-03-31,0,0,4.04,7.95,7.25,8.68,"1,074.6M",9822,10,7.79,7.46,11.27,3.35,11.47,3.07,10.36,33.16,58.09,41.09,14.5,7.61,2.31,13.41,11.33,9.83,3.38,23.36,11.31,14.92,23.18,34.4,1.73,2.33
EASTERN & ORIENTAL BERHAD,Property,2019-03-31,0,0,1.36,0.62,0.555,1.16,903.3M,3417,10,0.905,5.08,5.17,1.9,6.08,2.82,25.61,97.23,4.7,7.76,3.35,18.43,8.16,19.69,34.14,23.7,12.83,3.0,2.26,1.67,35.9,26.45,1.72,1.38
PUBLIC PACKAGES HOLDINGS BHD,Industrial Products & Services,2018-12-31,0,0,1.29,1.08,0.475,1.17,203.7M,8273,10,0.5,20.15,20.18,7.43,8.11,1.06,6.82,31.87,10.08,10.27,2.53,8.0,1.66,4.96,5.54,5.54,1.65,0.0,0.5,1.0,6.36,12.73,1.7,3.51
SUPERMAX CORPORATION BERHAD,Health Care,2019-06-30,0,0,0.85,1.41,1.31,3.57,"1,918.0M",7106,10,1.67,5.65,10.93,6.35,15.42,6.29,-8.3,35.73,9.44,23.36,13.09,10.9,2.97,17.69,12.84,11.57,7.54,1.5,4.47,2.89,22.21,14.89,1.65,1.29
GENTING BERHAD,Consumer Products & Services,2018-12-31,0,0,9.04,6.11,5.59,7.62,"23,687.8M",3182,10,6.1,5.81,5.94,2.2,8.79,5.12,11.32,45.48,35.58,53.07,22.86,21.09,6.54,17.2,17.25,18.57,4.99,21.5,14.4,13.33,31.62,29.79,1.65,1.41
7-ELEVEN MALAYSIA HOLDINGS BERHAD,Consumer Products & Services,2018-12-31,0,0,0.0792,1.43,1.27,1.56,"1,763.7M",5250,6,1.5,3.03,3.16,0.26,54.63,45.54,2.32,13.71,4.57,4.63,0.39,1.58,1.32,33.0,17.07,26.57,12.09,0.0,2.42,2.42,50.25,50.36,1.63,1.63
HEVEABOARD BERHAD,Industrial Products & Services,2018-12-31,0,1,0.76,0.55,0.49,0.73,310.0M,5095,10,0.61,4.88,18.7,11.6,14.74,11.1,29.31,126.02,2.98,15.49,8.26,7.64,4.47,20.5,11.65,8.21,5.45,3.6,1.71,1.87,21.01,35.62,1.58,1.97
LAND & GENERAL BERHAD,Property,2019-03-31,0,0,0.3719,0.14,0.13,0.17,416.2M,3174,10,0.15,8.7,15.38,7.06,10.72,5.35,8.44,75.26,1.31,5.94,3.8,50.69,36.0,11.5,15.42,8.95,6.5,0.01,0.36,0.71,11.78,23.3,1.49,2.98
MASTER-PACK GROUP BERHAD,Industrial Products & Services,2018-12-31,0,0,1.88,2.6,0.575,2.72,142.0M,7029,10,0.575,18.32,13.88,5.42,6.07,2.28,23.4,89.76,10.54,7.04,2.52,4.6,1.83,5.46,11.15,8.63,3.98,1.5,0.8,0.71,10.68,9.66,1.48,1.33
PELANGI PUBLISHING GROUP BHD.,Telecommunications & Media,2019-09-30,0,0,1.0062,0.34,0.3,0.44,34.0M,7190,10,0.34,5.05,7.25,3.46,3.71,1.87,17.14,85.13,1.72,3.39,1.63,5.43,2.64,19.82,42.71,20.9,19.57,0.0,0.6,0.92,14.46,22.22,1.48,2.28
Y&G CORPORATION BHD,Property,2018-12-31,0,0,1.47,0.75,0.65,0.995,163.9M,7003,10,0.93,5.96,7.41,4.68,5.68,3.6,157.4,446.44,5.54,6.05,4.2,9.66,6.25,16.78,23.24,19.11,10.59,0.0,1.5,2.29,13.99,21.9,1.42,2.19
UMS HOLDINGS BERHAD,Industrial Products & Services,2019-09-30,0,0,3.99,1.88,1.75,2.6,76.5M,7137,10,1.99,3.75,10.76,5.01,6.93,3.02,-4.51,28.15,8.23,23.05,9.02,11.7,4.82,26.66,16.2,12.08,6.53,0.1,2.07,3.97,8.72,16.56,1.41,2.77
IVORY PROPERTIES GROUP BERHAD,Property,2019-03-31,0,0,0.83,0.185,0.175,0.235,90.7M,5175,9,0.2,0.48,9.78,6.55,6.63,6.48,-27.8,37.92,0.1,6.52,6.8,7.87,7.51,209.44,107.02,34.72,62.23,2.5,0.28,0.79,277.78,785.67,1.39,3.93
LEON FUAT BERHAD,Industrial Products & Services,2018-12-31,0,0,1.15,0.44,0.41,0.57,136.4M,5232,6,0.485,17.36,18.94,4.65,12.53,5.52,23.06,82.89,8.42,11.19,6.68,3.88,4.13,5.76,5.53,5.56,1.18,0.0,0.67,1.11,7.42,12.26,1.39,2.34
QL RESOURCES BERHAD,Consumer Products & Services,2019-03-31,0,0,1.22,7.93,6.45,8.35,"12,865.9M",7084,10,6.88,1.94,5.06,3.72,16.86,9.1,0.8,13.72,13.36,14.29,1.43,6.97,0.46,51.5,28.92,26.36,11.71,4.5,4.47,1.95,31.79,13.84,1.38,1.08
DIALOG GROUP BERHAD,Energy,2019-06-30,0,0,0.6970000000000001,3.46,2.73,3.57,"19,520.1M",7277,10,3.26,2.92,3.36,0.88,16.06,4.79,6.59,18.54,9.5,7.51,1.36,12.77,4.13,34.3,30.0,31.33,6.35,3.8,2.98,0.47,39.98,4.34,1.38,0.55
BONIA CORPORATION BERHAD,Consumer Products & Services,2019-06-30,1,1,0.4775,1.0,0.215,1.06,201.6M,9288,10,0.32,7.01,7.62,3.67,11.24,4.82,-10.03,32.98,2.24,8.56,6.88,7.14,1.63,14.26,42.28,19.91,19.8,0.5,2.05,2.06,22.79,27.04,1.36,1.41
PANSAR BERHAD,Industrial Products & Services,2019-03-31,0,0,0.38,0.64,0.43,0.885,295.7M,8419,10,0.8,3.3,18.04,26.63,11.99,10.58,5.52,49.07,2.63,4.48,1.92,3.07,1.12,30.31,20.25,14.85,11.75,1.5,0.68,0.88,28.45,39.79,1.28,1.96
KESM INDUSTRIES BERHAD,Technology,2019-07-31,0,0,8.4451,9.15,6.66,10.0,393.6M,9334,10,7.68,1.9,7.9,3.43,6.27,3.95,17.28,62.81,14.59,42.1,32.25,7.13,3.46,52.64,30.0,17.07,12.56,9.0,6.85,4.98,21.24,15.25,1.26,0.26
SIG GASES BERHAD,Industrial Products & Services,2018-12-31,0,0,0.69,0.98,0.795,0.995,183.8M,5181,9,0.81,3.29,5.0,2.97,4.98,2.26,17.21,94.85,2.67,3.22,1.57,6.87,3.92,30.43,28.26,26.9,12.95,0.8,0.72,0.34,28.65,15.84,1.19,0.71
AIRASIA GROUP BERHAD,Consumer Products & Services,2018-12-31,0,0,1.38,1.71,1.64,3.29,"5,714.8M",5099,10,2.97,19.95,12.8,6.9,18.44,9.32,70.2,176.36,59.2,30.96,18.45,14.43,7.11,5.01,47.3,17.17,24.95,12.0,3.5,6.09,10.87,19.68,1.19,2.17
PESTECH INTERNATIONAL BERHAD,Industrial Products & Services,2019-06-30,0,1,0.7499,1.36,0.975,1.53,"1,039.4M",5219,8,1.11,9.46,9.05,4.44,24.48,10.23,-1.34,38.14,10.5,22.3,11.21,11.04,7.01,10.57,9.77,9.74,6.9,0.0,3.5,4.82,13.18,18.53,1.18,2.07
PLENITUDE BERHAD,Property,2019-06-30,0,0,4.12,1.28,1.28,1.55,488.4M,5075,10,1.42,7.8,15.95,10.59,7.79,4.29,0.11,38.4,11.1,26.46,14.31,30.15,12.72,12.82,7.71,8.42,3.64,0.0,1.8,4.49,5.71,14.38,1.14,2.98
INSAS BERHAD,Financial Services,2019-06-30,0,0,2.65,0.81,0.645,0.92,561.6M,3379,10,0.755,16.35,18.18,6.33,7.28,3.46,57.93,137.5,12.35,13.67,7.04,31.05,15.94,6.12,12.8,7.0,5.18,2.0,0.83,0.62,6.14,5.46,1.09,0.93
WANG-ZHENG BERHAD,Consumer Products & Services,2018-12-31,0,0,1.21,0.94,0.88,1.27,150.4M,7203,10,1.0,6.56,12.08,5.09,7.61,2.82,1.57,40.61,6.56,7.8,2.52,4.47,1.24,15.26,16.51,10.61,6.66,4.0,1.1,1.7,14.19,22.4,1.08,1.84
BINA PURI HOLDINGS BHD,Construction,2019-06-30,0,0,0.6649,0.085,0.08,0.295,64.9M,5932,10,0.175,0.75,3.67,2.13,2.08,1.65,-11.0,65.41,0.16,2.16,1.83,1.75,1.28,133.71,74.06,51.69,46.7,0.0,0.75,0.93,17.79,22.2,1.05,1.35
MY E.G. SERVICES BERHAD,Technology,2018-09-30,0,0,0.1847,1.14,0.925,1.75,"4,111.2M",0138,9,1.75,2.08,3.26,2.11,35.09,14.05,8.78,26.05,3.6,3.82,1.63,38.98,15.39,48.18,24.38,29.27,15.39,1.9,1.57,0.66,43.27,14.32,1.04,0.62
ORNAPAPER BERHAD,Industrial Products & Services,2018-12-31,0,0,2.29,1.06,0.88,1.19,79.8M,5065,10,0.89,14.24,14.01,2.23,6.16,1.57,12.82,35.94,12.67,10.71,4.14,3.14,0.67,7.02,8.31,7.36,1.4,2.5,1.05,1.29,8.65,11.37,1.03,1.3
ENGTEX GROUP BERHAD,Industrial Products & Services,2018-12-31,0,0,1.58,0.715,0.56,0.91,317.0M,5056,10,0.825,3.33,14.01,4.84,10.66,4.73,-3.19,35.15,2.74,14.67,4.57,4.17,1.28,30.04,17.52,9.26,7.1,0.75,1.1,0.56,9.12,6.84,1.02,0.56
YINSON HOLDINGS BERHAD,Energy,2019-01-31,0,1,1.58,6.49,4.03,7.31,"7,102.7M",7293,10,4.1,5.23,14.5,10.28,15.0,5.27,12.14,51.56,21.43,22.41,6.63,14.65,12.89,19.11,10.89,10.4,5.56,6.0,3.61,5.72,17.03,28.9,1.02,1.69
MK LAND HOLDINGS BERHAD,Property,2019-06-30,0,0,1.0,0.165,0.16,0.21,199.2M,8893,10,0.18,2.94,7.04,3.01,2.53,1.53,4.31,46.05,0.53,2.37,1.46,8.19,3.37,34.02,21.25,17.28,7.77,0.0,0.4,0.8,9.69,20.02,1.0,2.02
CYPARK RESOURCES BERHAD,Industrial Products & Services,2018-10-31,0,0,1.51,1.38,1.25,1.77,645.1M,5184,9,2.54,10.14,10.02,1.48,15.57,3.74,7.58,11.43,25.75,19.72,3.82,14.55,5.63,9.86,9.85,10.18,1.41,0.0,1.84,2.17,10.34,11.74,1.0,1.12
GD EXPRESS CARRIER BERHAD,Transportation & Logistics,2019-06-30,0,1,0.09,0.265,0.255,0.395,"1,495.0M",0078,10,0.265,2.26,2.3,1.2,13.83,5.81,-1.39,39.82,0.58,2.25,1.38,11.01,3.3,44.34,57.59,55.17,25.28,0.25,0.96,0.59,42.94,4.69,0.96,0.52
KSL HOLDINGS BERHAD,Property,2018-12-31,0,0,2.91,0.765,0.69,0.96,793.7M,5038,10,0.71,31.03,24.46,7.84,14.45,8.8,2.78,29.65,22.2,30.53,8.49,39.7,11.86,3.22,4.36,4.44,1.16,0.0,1.5,2.29,4.63,7.28,0.96,1.52
SASBADI HOLDINGS BERHAD,Telecommunications & Media,2019-08-31,0,0,0.37,0.18,0.16,0.285,75.4M,5252,6,0.17,4.64,4.67,2.24,11.78,9.96,-23.7,45.58,0.79,4.11,3.76,6.64,7.43,21.55,38.44,29.38,18.45,0.0,1.38,1.81,31.56,33.06,0.94,0.99
JERASIA CAPITAL BERHAD,Consumer Products & Services,2019-06-30,0,0,1.9,0.32,0.31,0.42,26.3M,8931,10,0.355,7.77,13.16,6.4,4.01,2.33,171.69,451.13,2.76,6.57,3.64,1.47,0.89,12.88,62.07,18.84,35.31,0.5,0.4,0.89,5.27,9.64,0.94,2.03
ALLIANZ MALAYSIA BERHAD,Financial Services,2018-12-31,0,0,21.44,15.8,12.92,15.8,"2,794.8M",1163,10,13.0,12.92,16.73,3.18,12.11,4.0,8.65,11.28,167.9,142.58,38.54,6.31,0.65,7.74,6.32,6.22,1.26,40.0,9.22,10.65,6.07,6.1,0.94,0.76
HONG LEONG CAPITAL BERHAD,Financial Services,2019-06-30,0,0,3.4,9.38,9.38,9.6,"2,518.3M",5274,10,9.6,2.92,5.69,3.95,11.34,4.42,29.37,65.1,28.06,27.49,11.75,26.45,8.41,34.21,23.14,24.61,11.0,22.0,9.55,8.57,30.43,28.62,0.92,0.86
MUI PROPERTIES BERHAD,Property,2019-06-30,0,0,0.3698,0.185,0.16,0.255,141.4M,3913,9,0.205,11.25,2.47,3.45,1.69,1.92,167.19,285.71,2.31,0.55,0.75,17.4,13.8,8.89,248.7,151.44,161.21,0.0,0.11,0.31,208.33,551.2,0.85,2.42
TITIJAYA LAND BERHAD,Property,2019-06-30,0,1,0.92,0.295,0.285,0.34,397.6M,5239,6,0.3,8.67,11.5,1.91,11.75,6.03,-22.71,28.46,2.66,15.38,8.39,11.58,10.04,11.53,9.32,8.96,1.58,0.15,1.48,1.96,7.94,7.76,0.84,0.84
YNH PROPERTY BERHAD,Property,2018-12-31,0,0,2.26,2.77,1.1,2.8,"1,465.3M",3158,10,1.3,2.27,5.39,1.95,4.87,1.84,-8.04,32.71,2.95,9.21,3.49,13.63,5.83,44.06,27.64,22.01,10.43,0.0,1.5,1.91,13.02,16.42,0.84,1.08
INNOPRISE PLANTATIONS BERHAD,Plantation,2018-12-31,1,1,0.64,0.945,0.58,0.96,452.5M,6262,10,0.61,3.49,4.26,2.46,4.63,2.72,15.24,78.39,2.13,4.94,2.91,20.13,7.23,28.68,50.3,36.15,25.0,3.0,0.7,1.42,18.54,42.88,0.83,1.7
XIDELANG HOLDINGS LTD,Consumer Products & Services,2018-12-31,1,0,0.79,0.115,0.07,0.125,207.6M,5156,10,0.12,9.6,36.66,32.0,16.18,16.1,14.51,123.41,1.31,7.13,6.94,10.53,6.94,10.41,19.01,9.63,11.27,0.0,0.25,0.75,1.28,3.85,0.83,2.5
RESINTECH BERHAD,Industrial Products & Services,2019-03-31,0,0,1.0265,0.3,0.26,0.35,41.2M,7232,10,0.31,8.31,9.63,3.87,3.77,1.46,17.1,52.65,2.57,2.98,1.39,4.81,2.52,12.04,14.24,12.27,5.07,2.5,0.25,0.75,9.73,29.18,0.81,2.42
SARAWAK OIL PALMS BERHAD,Plantation,2018-12-31,0,0,3.77,4.02,2.0,4.02,"2,294.9M",5126,10,2.1,5.11,7.88,4.18,10.6,4.83,-0.86,40.52,10.74,27.94,9.0,10.08,8.11,19.56,17.33,15.78,6.74,6.0,2.4,2.94,11.61,17.48,0.79,1.16
KOSSAN RUBBER INDUSTRIES BERHAD,Health Care,2018-12-31,0,1,0.0109,4.25,3.44,4.4,"5,435.5M",7153,10,4.34,3.62,6.16,2.69,13.61,9.18,3.26,35.01,15.7,24.67,6.17,9.97,1.39,27.64,19.13,19.35,7.45,0.0,3.26,3.69,13.9,14.88,0.77,1.04
UEM SUNRISE BERHAD,Property,2018-12-31,0,0,1.58,0.725,0.655,1.02,"3,289.6M",5148,10,0.665,9.29,5.01,2.08,6.19,2.42,13.14,44.93,6.0,7.23,3.04,19.92,9.43,10.76,25.72,23.68,9.51,0.0,1.26,1.47,13.19,13.68,0.76,0.81
HOCK HENG STONE INDUSTRIES BHD,Industrial Products & Services,2018-12-31,0,0,0.696,0.695,0.42,0.81,61.2M,5165,9,0.475,0.36,4.21,2.93,2.28,1.53,-14.79,40.2,0.17,1.46,0.93,2.44,1.75,279.28,144.31,55.24,79.87,0.0,0.22,0.42,7.3,13.74,0.68,1.33
SYMPHONY LIFE BERHAD,Property,2019-03-31,0,0,1.62,0.405,0.33,0.45,243.2M,1538,10,0.42,34.82,18.72,9.99,7.62,4.12,42.06,108.34,20.75,14.83,7.95,16.56,9.11,2.87,13.7,8.1,6.47,0.0,0.51,1.02,7.5,15.11,0.66,1.42
LATITUDE TREE HOLDINGS BERHAD,Consumer Products & Services,2019-06-30,0,0,5.97,2.83,2.7,4.08,275.1M,7006,10,3.72,5.34,17.57,9.81,10.91,5.65,18.9,71.76,19.88,40.57,26.6,6.39,3.24,18.72,15.04,8.96,7.5,6.0,1.5,2.42,8.52,15.94,0.61,0.97
FIBON BERHAD,Industrial Products & Services,2019-05-31,0,0,0.5,0.335,0.31,0.515,32.8M,0149,10,0.405,7.14,8.53,2.91,12.25,4.36,-1.9,17.56,2.89,4.14,0.71,26.31,4.21,14.01,13.0,12.94,3.75,0.0,0.34,0.52,8.0,12.25,0.61,1.28
THREE-A RESOURCES BERHAD,Consumer Products & Services,2018-12-31,0,0,0.7074,0.745,0.7,0.985,366.5M,0012,10,0.705,8.4,5.16,2.08,8.34,3.99,7.22,41.7,5.92,5.56,2.18,6.96,2.22,11.91,23.81,22.49,8.08,2.0,0.56,0.86,7.15,11.59,0.6,0.98
SOUTHERN ACIDS (M) BERHAD,Industrial Products & Services,2019-03-31,0,0,4.44,3.7,3.55,3.98,506.7M,5134,9,3.81,4.04,6.73,1.95,6.22,1.7,5.33,48.14,15.39,22.62,6.36,5.78,2.48,24.75,17.27,16.17,4.68,5.0,2.22,2.48,10.56,12.68,0.57,0.63
MALAYSIA AIRPORTS HOLDINGS BERHAD,Transportation & Logistics,2018-12-31,0,0,5.6105,7.69,6.6,8.88,"12,759.2M",5014,10,8.38,4.82,4.42,2.68,6.99,3.93,146.17,318.66,40.37,26.39,16.11,11.36,6.92,20.76,114.85,55.14,66.32,0.0,2.26,6.76,7.28,20.59,0.57,1.7
MMC CORPORATION BERHAD,Transportation & Logistics,2018-12-31,0,0,2.99,1.01,0.81,1.25,"3,075.5M",2194,10,0.83,8.71,7.89,7.27,6.48,4.99,37.27,102.02,7.2,16.79,14.47,11.56,8.82,11.48,21.4,21.0,11.6,0.0,1.5,1.87,13.43,17.88,0.56,0.7
MPHB Capital Berhad,Financial Services,2018-12-31,0,0,1.9,1.06,0.985,1.19,757.9M,5237,6,1.1,1.58,7.14,4.83,5.98,5.79,45.15,166.11,1.74,11.67,10.49,15.21,19.17,63.22,34.58,23.28,18.77,0.0,0.83,1.86,12.25,27.4,0.5,1.11
ASTINO BERHAD,Industrial Products & Services,2019-07-31,0,0,1.42,0.7,0.59,0.715,191.9M,7162,10,0.66,13.18,17.25,8.34,10.82,3.28,0.45,35.83,8.71,14.55,6.09,5.91,1.2,7.58,9.54,7.36,3.72,0.0,0.4,0.65,4.44,8.27,0.48,0.85
IGB BERHAD,Property,2018-12-31,0,0,5.2265,3.61,2.2,4.06,"2,491.4M",5606,10,2.48,14.21,10.06,5.71,6.94,4.95,112.02,336.79,35.24,22.06,13.07,58.94,74.24,7.04,19.58,13.37,8.1,2.0,0.92,0.95,6.23,9.53,0.41,0.41
FAR EAST HOLDINGS BERHAD,Plantation,2018-12-31,0,0,1.87,2.64,2.44,2.9,"1,567.7M",5029,10,2.8,10.93,8.95,1.71,9.8,2.93,1.89,39.58,19.39,61.93,20.27,24.52,5.51,9.15,11.66,11.57,2.12,0.26,2.97,8.18,5.71,15.66,0.41,1.1
SOLID AUTOMOTIVE BERHAD,Consumer Products & Services,2019-04-30,0,1,0.36,0.28,0.2,0.375,110.1M,5242,6,0.29,1.28,3.15,1.71,4.94,3.36,-27.73,31.45,0.37,3.22,2.22,2.5,2.64,78.4,47.02,41.45,20.28,0.0,0.44,0.59,17.1,17.91,0.41,0.45
ICAPITAL.BIZ BERHAD,Closed-End Fund,2019-05-31,0,0,3.19,2.39,2.3,2.5,334.6M,5108,10,2.42,1.18,5.97,5.1,5.44,5.0,52.94,167.38,2.87,14.31,11.75,54.16,23.6,84.4,117.66,48.43,64.14,0.0,0.95,2.85,3.98,11.93,0.38,1.13
PROLEXUS BERHAD,Consumer Products & Services,2019-07-31,0,1,1.32,0.86,0.41,1.1,155.7M,8966,10,0.455,7.59,19.02,12.95,16.76,12.21,-2.54,40.45,3.45,14.64,6.82,5.44,2.23,13.17,8.36,7.91,4.44,0.5,0.48,0.64,4.36,5.57,0.37,0.47
KIP REAL ESTATE INVESTMENT TRUST,Real Estate Investment Trusts,2019-06-30,0,0,1.0291,0.865,0.75,0.905,437.1M,5280,3,0.84,8.02,6.82,2.65,5.67,1.98,49.05,76.11,6.74,5.69,2.0,16.95,25.93,12.47,21.23,18.31,9.5,0.0,0.33,0.47,11.49,16.26,0.36,0.51
KAREX BERHAD,Consumer Products & Services,2019-06-30,0,0,0.49,0.575,0.375,0.665,576.4M,5247,6,0.545,0.46,2.34,1.43,10.52,8.92,-41.44,31.64,0.25,5.26,4.81,6.64,8.08,215.67,118.14,74.52,66.22,0.5,0.25,0.38,49.83,76.27,0.36,0.51
IHH HEALTHCARE BERHAD,Health Care,2018-12-31,0,0,2.54,5.76,5.13,5.95,"50,538.2M",5225,8,5.39,1.38,1.95,0.66,3.96,0.81,3.05,33.67,6.54,9.17,1.85,7.73,4.73,72.37,42.68,49.56,24.34,3.0,1.88,1.45,21.48,17.65,0.33,0.26
EWEIN BERHAD,Property,2018-12-31,0,0,0.87,0.55,0.52,0.74,165.9M,7249,10,0.53,26.35,9.25,6.53,8.78,4.68,41.25,124.05,13.96,5.86,3.55,11.97,7.06,3.8,32.2,17.8,15.36,0.0,0.25,0.75,2.88,8.64,0.31,0.94
HARBOUR-LINK GROUP BERHAD,Transportation & Logistics,2019-06-30,0,1,1.02,0.6,0.56,0.76,240.2M,2062,10,0.66,8.73,10.78,3.82,10.28,5.08,47.37,176.41,5.76,10.23,4.56,6.42,3.02,11.46,19.04,11.47,7.24,0.0,0.2,0.6,2.75,8.25,0.21,0.62
KAWAN FOOD BERHAD,Consumer Products & Services,2018-12-31,0,0,0.89,1.4,1.18,1.96,503.3M,7216,10,1.91,3.41,8.26,4.06,13.23,3.42,-2.81,21.87,6.52,11.14,2.62,14.71,2.26,29.31,21.96,17.0,10.41,2.5,0.34,0.74,4.8,11.37,0.16,0.39
MINHO (M) BERHAD,Industrial Products & Services,2018-12-31,0,1,1.11,0.32,0.24,0.34,109.0M,5576,10,0.275,12.65,28.79,47.65,5.89,7.71,86.45,299.7,3.48,7.21,5.38,8.5,9.75,7.91,12.61,9.12,6.37,0.0,0.08,0.23,1.52,4.29,0.16,0.47
AMVERTON BERHAD,Property,2018-12-31,0,0,1.97,1.2,0.87,1.28,438.1M,5959,10,0.92,22.47,10.48,5.57,4.92,2.22,33.47,74.97,20.67,7.88,4.68,22.81,14.54,4.45,12.73,12.25,5.5,0.0,0.15,0.45,1.71,5.12,0.15,0.46
MYNEWS HOLDINGS BERHAD,Consumer Products & Services,2019-10-31,0,0,0.44,1.09,1.06,1.5,743.5M,5275,5,1.33,2.96,3.09,0.43,13.25,5.85,-3.87,23.89,3.93,5.6,1.5,3.17,3.24,33.83,18.66,26.33,13.67,1.0,0.24,0.39,5.84,9.91,0.15,0.3
KHEE SAN BERHAD,Consumer Products & Services,2018-12-31,0,0,0.97,0.44,0.165,0.675,50.3M,6203,9,0.59,9.89,9.61,5.03,4.23,0.95,-6.17,13.97,5.84,5.23,2.09,3.44,1.56,10.11,10.46,9.65,5.57,0.0,0.11,0.31,3.32,8.77,0.14,0.4
ASIAN PAC HOLDINGS BERHAD,Property,2019-03-31,0,0,1.023,0.13,0.11,0.17,134.8M,4057,10,0.125,28.33,35.38,44.64,9.64,13.03,122.27,277.36,5.09,6.67,10.72,37.4,43.74,3.53,10.99,6.22,5.49,0.0,0.03,0.09,0.08,0.24,0.13,0.39
I-BERHAD,Property,2018-12-31,0,1,0.97,0.235,0.21,0.45,256.3M,4251,10,0.38,14.58,9.33,5.31,6.71,5.47,137.82,351.43,5.54,8.94,10.62,19.4,8.1,6.86,60.67,26.2,33.15,0.0,0.02,0.02,0.54,1.09,0.01,0.01
CHIN HIN GROUP BERHAD,Industrial Products & Services,2018-12-31,0,0,0.78,0.74,0.67,0.92,411.7M,5273,5,0.725,5.99,6.9,2.28,12.84,7.2,-16.62,25.35,4.34,7.77,3.22,1.41,1.47,16.7,10.7,9.61,8.65,0.02,0.01,0.01,0.21,0.19,0.01,0.01
OCEANCASH PACIFIC BERHAD,Consumer Products & Services,2018-12-31,0,0,0.4065,0.435,0.395,0.555,106.7M,0049,10,0.555,4.92,11.21,4.83,9.29,3.35,17.23,54.81,2.73,2.51,1.35,7.56,3.04,20.33,12.56,10.64,4.48,0.01,0.0,0.0,0.13,0.17,0.01,0.01
MERCURY INDUSTRIES BERHAD,Construction,2018-12-31,0,0,1.9134,0.76,0.66,0.94,30.5M,8192,10,0.9,4.1,15.0,5.73,12.17,4.58,4.83,47.48,3.69,16.31,7.32,12.3,4.64,24.39,14.4,8.48,5.62,0.0,0.02,0.04,0.08,0.22,0.01,0.03
TA GLOBAL BERHAD,Property,2018-12-31,0,0,0.59,0.25,0.225,0.28,"1,330.4M",5158,9,0.25,11.68,7.17,4.87,4.27,1.59,57.66,136.92,2.92,2.03,1.17,15.9,9.12,8.56,16.47,14.4,9.32,0.0,0.0,0.0,0.0,0.0,0.0,0.0
CCK CONSOLIDATED HOLDINGS BERHAD,Consumer Products & Services,2018-12-31,0,1,0.42,0.535,0.385,0.69,337.4M,7035,10,0.395,11.23,9.93,3.81,9.22,3.45,2.05,41.69,4.43,7.99,2.81,3.73,1.07,8.91,12.58,11.72,4.48,0.0,0.0,0.0,0.0,0.0,0.0,0.0
PIMPINAN EHSAN BERHAD,Construction,2018-12-31,0,0,1.04,0.81,0.74,0.9,56.0M,5622,9,0.74,269.46,73.03,105.39,32.08,56.49,323.39,843.16,199.4,41.62,58.22,14.98,13.3,0.37,196.38,48.23,121.74,0.0,0.0,0.0,0.0,0.0,0.0,0.0
SUNSURIA BERHAD,Property,2019-09-30,0,0,1.09,0.61,0.58,0.92,546.5M,3743,9,0.665,21.29,7.19,6.38,6.7,4.2,10.03,36.66,14.16,5.86,5.22,15.38,9.19,4.7,32.9,20.74,19.52,0.0,0.0,0.0,0.0,0.0,0.0,0.0
EG INDUSTRIES BERHAD,Industrial Products & Services,2019-06-30,0,0,1.32,0.395,0.355,0.505,108.6M,8907,10,0.395,12.3,14.71,13.9,5.88,5.78,111.63,368.3,4.86,8.37,9.54,1.32,1.27,8.13,17.17,12.04,9.01,0.0,0.0,0.0,0.0,0.0,0.0,0.0
BCB BERHAD,Property,2019-06-30,0,1,1.15,0.335,0.22,0.395,138.2M,6602,10,0.235,41.54,14.18,10.63,5.79,4.59,52.59,90.07,9.76,6.64,4.02,8.53,3.78,2.41,17.89,11.82,8.79,0.0,0.0,0.01,0.02,0.06,0.0,0.01
CAM RESOURCES BERHAD,Consumer Products & Services,2018-12-31,0,0,0.58,0.22,0.2,0.295,43.3M,7128,10,0.26,5.0,8.03,3.81,4.03,2.05,26.08,100.4,1.3,2.18,1.03,2.52,2.09,20.01,33.81,18.46,15.16,0.0,0.0,0.0,0.0,0.0,0.0,0.0
FEDERAL INTERNATIONAL HOLDINGS BERHAD,Consumer Products & Services,2019-06-30,0,0,0.9528,0.315,0.28,0.53,34.3M,8605,9,0.375,20.64,13.34,7.79,8.84,4.38,78.19,135.32,7.74,4.5,2.47,4.08,2.12,4.84,6.78,7.17,4.05,0.0,0.0,0.0,0.0,0.0,0.0,0.0
OCK GROUP BERHAD,Telecommunications & Media,2018-12-31,0,0,0.53,0.585,0.4,0.665,560.8M,0172,7,0.425,6.5,6.26,2.31,11.95,6.4,-8.55,9.65,2.76,4.08,1.02,5.88,4.01,15.39,20.51,18.25,6.84,0.0,0.0,0.0,0.05,0.12,0.0,0.0
MALTON BERHAD,Property,2019-06-30,0,0,1.75,0.48,0.43,0.695,253.5M,6181,10,0.56,8.91,17.01,8.79,7.24,3.09,15.82,79.64,4.99,11.06,4.39,9.24,4.44,11.23,6.96,7.2,2.75,0.0,0.0,0.0,0.0,0.0,0.0,0.0
POLY GLASS FIBRE (M) BERHAD,Industrial Products & Services,2019-02-28,0,0,1.0381,0.38,0.305,0.48,60.8M,8117,10,0.44,8.46,17.33,19.65,7.81,6.68,92.51,222.57,3.72,6.06,6.02,23.52,22.58,11.82,22.53,12.73,11.06,0.0,0.0,0.0,0.0,0.0,0.0,0.0
ABM FUJIYA BERHAD,Industrial Products & Services,2018-12-31,0,0,0.8829,0.49,0.44,0.71,88.2M,5198,7,0.5,4.79,5.41,1.2,3.62,1.28,-1.44,38.34,2.39,2.94,0.97,3.12,2.26,20.89,12.46,16.59,7.72,0.0,0.0,0.0,0.0,0.0,0.0,0.0
PRINSIPTEK CORPORATION BERHAD,Construction,2019-06-30,0,0,0.51,0.1,0.09,0.17,50.2M,7145,9,0.14,6.13,9.46,4.66,2.37,0.71,8.02,56.2,0.86,1.85,1.19,1.73,1.01,16.32,11.87,9.87,6.28,0.0,0.0,0.0,0.0,0.0,0.0,0.0
AJIYA BERHAD,Industrial Products & Services,2018-11-30,0,1,1.17,0.42,0.395,0.575,127.9M,7609,10,0.57,14.44,13.09,3.94,7.44,2.25,-1.95,43.77,8.23,21.41,9.63,6.4,1.57,6.93,9.88,8.58,3.24,0.0,0.0,0.0,0.0,0.0,0.0,0.0
TA ENTERPRISE BERHAD,Financial Services,2018-12-31,0,0,1.47,0.59,0.56,0.69,"1,010.0M",4898,10,0.63,6.93,9.52,5.33,4.8,2.36,537.25,1634.52,4.36,5.92,2.99,17.17,7.48,14.44,8.41,9.85,4.75,0.0,0.0,0.0,0.0,0.0,0.0,0.0
TRC SYNERGY BERHAD,Construction,2018-12-31,0,1,0.88,0.455,0.4,0.765,218.6M,5054,10,0.54,8.03,10.4,7.05,5.47,2.53,55.77,241.25,4.34,4.83,3.66,3.06,1.42,12.45,28.02,17.17,14.06,0.0,0.0,0.0,0.0,0.0,0.0,0.0
