code,nYear,Revenue start,Revenue end,EPS start,EPS end,OCF start,OCF end,ROE,ROE2,D/E,D/E2,P/E mid,EPS,EPS GR min,EY level,DY level,neg Revenue count,neg EPS count,neg OCF count,Revenue Growth,EPS Growth,OCF Growth,ROE Health,D/E Health,3G2H,PE Value,EPS GR Value
4731,10,804,3517,0.06,0.25,111,715,5.03,16.3,0.14,0.14,52.42,0.26,11.22,3,5,0,0,0,1.0,1.0,1.0,0.5,1.0,4.5,13.63,2.92
5168,10,735,2924,0.07,0.13,185,656,45.0,18.08,0.06,0.08,78.46,0.55,10.05,2,0,0,4,0,1.0,0.0,1.0,1.0,1.0,4.0,43.15,5.53
0208,5,21,216,0.02,0.06,8,104,15.18,39.4,0.07,0.1,20.0,0.06,32.52,0,0,2,2,0,0.5,0.5,1.0,1.0,1.0,4.0,1.2,1.95
4707,10,4026,5518,1.67,2.87,509,726,93.05,102.01,0.32,0.27,39.2,2.35,1.84,0,3,3,2,0,0.5,0.5,1.0,1.0,1.0,4.0,92.12,4.32
6645,10,319,504,0.2,0.49,253,361,19.79,26.14,0.34,0.54,16.5,0.42,5.48,4,5,3,1,0,0.5,0.5,1.0,1.0,1.0,4.0,6.93,2.3
0099,10,141,181,0.04,0.06,19,26,21.0,21.85,0.02,0.02,15.56,0.06,10.08,3,5,3,2,0,0.5,0.5,1.0,1.0,1.0,4.0,0.93,0.6
5292,5,76,219,0.04,0.1,32,55,28.86,28.9,0.02,0.02,22.75,0.12,56.52,0,0,1,2,0,0.5,0.5,1.0,1.0,1.0,4.0,2.73,6.78
7087,10,444,1206,0.04,0.28,9,98,16.97,21.41,0.0,0.0,19.98,0.25,0.39,4,5,2,1,0,0.5,0.5,1.0,1.0,1.0,4.0,5.0,0.1
5246,10,1084,1975,0.1,0.19,491,1025,23.13,24.29,0.48,0.48,13.74,0.19,0.14,2,4,2,2,0,0.5,0.5,1.0,1.0,1.0,4.0,2.61,0.03
2836,10,1368,2257,0.44,0.95,223,379,137.39,183.26,0.03,0.04,22.66,0.63,6.58,1,5,2,3,0,0.5,0.0,1.0,1.0,1.0,3.5,14.28,4.15
0040,10,27,103,0.0,0.02,10,13,18.47,18.29,0.17,0.21,23.0,0.03,13.04,3,2,2,2,1,0.5,0.5,0.5,1.0,1.0,3.5,0.69,0.39
7113,10,2054,7237,0.02,0.07,172,3456,73.0,40.28,0.02,0.04,230.22,0.5,8.22,3,5,3,5,0,0.5,0.0,1.0,1.0,1.0,3.5,115.11,4.11
7277,10,1208,2303,0.03,0.11,168,847,14.31,15.91,0.36,0.36,60.21,0.11,15.14,2,0,4,0,0,0.0,1.0,1.0,0.5,1.0,3.5,6.62,1.67
5277,7,30,51,0.02,0.03,9,23,15.22,18.23,0.0,0.0,21.38,0.03,1.31,1,0,3,3,0,0.5,0.0,1.0,1.0,1.0,3.5,0.64,0.04
0163,8,55,365,0.01,-0.01,-2,48,42.56,-5.79,0.04,0.19,7.5,0.15,0.0,3,0,0,5,2,1.0,0.0,0.5,1.0,1.0,3.5,1.12,0.0
5024,10,219,310,0.03,0.05,31,51,26.67,26.79,0.0,0.0,72.25,0.05,1.7,3,5,2,6,0,0.5,0.0,1.0,1.0,1.0,3.5,3.61,0.08
7106,10,977,2132,0.06,0.2,62,1304,67.67,39.57,0.02,0.07,68.71,0.85,12.28,4,0,3,5,0,0.5,0.0,1.0,1.0,1.0,3.5,58.4,10.44
7100,10,101,157,0.13,0.17,49,84,40.26,48.53,0.0,0.0,14.89,0.16,7.82,3,5,2,5,0,0.5,0.0,1.0,1.0,1.0,3.5,2.38,1.25
0106,10,15,25,0.02,0.05,6,9,22.96,24.38,0.0,0.0,14.98,0.05,3.9,2,5,3,6,0,0.5,0.0,1.0,1.0,1.0,3.5,0.75,0.2
1818,10,331,480,0.14,0.23,154,187,42.06,22.72,0.01,0.01,34.8,0.47,0.26,3,5,3,4,0,0.5,0.0,1.0,1.0,1.0,3.5,16.36,0.12
8621,10,663,1220,0.39,0.85,-12,257,16.29,16.64,0.02,0.02,24.78,0.85,0.96,3,5,2,1,2,0.5,0.5,0.5,1.0,1.0,3.5,21.06,0.82
5105,10,449,2284,0.13,3.72,31,191,36.08,55.86,0.43,0.43,5.56,3.3,33.65,5,3,3,6,0,0.5,0.0,1.0,1.0,1.0,3.5,18.35,111.04
7089,10,261,837,0.1,0.44,6,132,19.41,22.48,0.02,0.03,12.24,0.44,2.48,4,5,2,5,0,0.5,0.0,1.0,1.0,1.0,3.5,5.39,1.09
0213,5,127,166,0.02,0.05,18,45,18.07,21.6,0.0,0.0,5.1,0.05,14.62,3,5,2,3,0,0.5,0.0,1.0,1.0,1.0,3.5,0.26,0.73
7153,10,1047,2217,0.04,0.09,138,275,15.71,16.4,0.07,0.12,81.24,0.24,9.07,3,0,2,3,0,0.5,0.0,1.0,1.0,1.0,3.5,19.5,2.18
0216,5,36,61,0.02,0.04,4,12,8.65,16.13,0.08,0.09,3.25,0.01,34.24,0,0,1,2,0,0.5,0.5,1.0,0.5,1.0,3.5,0.03,0.34
0200,6,14,78,0.01,0.02,1,22,8.89,12.7,0.08,0.09,29.5,0.02,9.12,0,0,1,2,0,0.5,0.5,1.0,0.0,1.0,3.0,0.59,0.18
0128,10,147,340,0.01,0.07,21,115,18.25,19.71,0.03,0.03,19.86,0.07,20.52,0,0,4,5,0,0.0,0.0,1.0,1.0,1.0,3.0,1.39,1.44
0186,7,64,124,0.02,0.08,10,63,20.13,12.97,0.57,0.86,2.34,0.06,20.27,3,5,2,1,0,0.5,0.5,1.0,1.0,0.0,3.0,0.14,1.22
7231,10,137,135,0.03,0.05,11,38,24.28,24.75,0.0,0.0,36.52,0.06,7.18,3,5,4,3,0,0.0,0.0,1.0,1.0,1.0,3.0,2.19,0.43
7084,10,1777,4156,0.06,0.1,131,528,7.37,12.11,0.37,0.39,61.36,0.1,5.39,0,0,0,4,0,1.0,0.0,1.0,0.0,1.0,3.0,6.14,0.54
0215,5,35,253,0.01,0.06,-6,9,13.55,21.3,0.07,0.08,6.08,0.03,55.7,0,0,1,1,1,0.5,0.5,0.5,0.5,1.0,3.0,0.18,1.67
9172,10,510,766,0.15,0.17,49,71,15.15,13.85,0.01,0.01,15.6,0.2,1.08,3,5,5,6,0,0.0,0.0,1.0,1.0,1.0,3.0,3.12,0.22
0187,7,35,104,0.0,0.01,3,8,5.0,10.56,0.08,0.09,8.0,0.01,0.0,2,0,0,2,1,1.0,0.5,0.5,0.0,1.0,3.0,0.08,0.0
3255,10,1285,2320,0.47,1.04,0,411,64.58,81.8,0.02,0.01,22.0,0.63,5.75,1,5,3,3,1,0.5,0.0,0.5,1.0,1.0,3.0,13.86,3.62
0097,10,88,340,0.05,0.17,21,86,16.78,17.78,0.07,0.09,31.4,0.19,6.92,0,0,4,4,0,0.0,0.0,1.0,1.0,1.0,3.0,5.97,1.31
7022,10,279,215,0.05,0.07,63,111,16.45,14.96,0.0,0.0,55.9,0.07,9.93,0,3,5,4,0,0.0,0.0,1.0,1.0,1.0,3.0,3.91,0.7
6139,10,214,2839,0.05,0.44,0,-113,22.25,33.07,0.0,0.0,38.46,0.4,20.67,3,4,3,2,2,0.5,0.5,0.0,1.0,1.0,3.0,15.38,8.27
0138,10,49,371,0.0,0.06,13,85,28.82,42.26,0.14,0.21,161.16,0.07,37.1,2,1,4,3,0,0.0,0.0,1.0,1.0,1.0,3.0,11.28,2.6
6633,5,4701,6043,0.03,0.04,301,671,5.38,10.23,0.47,0.6,11.0,0.02,0.0,1,0,1,2,0,0.5,0.5,1.0,0.0,1.0,3.0,0.22,0.0
0201,6,23,34,0.04,0.04,12,10,15.03,15.92,0.0,0.0,8.0,0.04,1.14,2,2,1,2,0,0.5,0.5,0.0,1.0,1.0,3.0,0.32,0.05
0090,10,11,34,0.01,0.03,2,14,7.25,15.49,0.0,0.0,42.84,0.01,26.08,0,5,2,3,0,0.5,0.0,1.0,0.5,1.0,3.0,0.43,0.26
5275,5,218,517,0.03,0.04,8,83,-3.21,10.12,0.26,0.2,47.28,-0.01,7.19,0,0,1,1,0,0.5,0.5,1.0,0.0,1.0,3.0,-0.47,-0.07
5160,10,90,155,0.03,0.06,4,22,9.08,14.22,0.0,0.0,11.48,0.06,1.04,3,3,3,2,0,0.5,0.5,1.0,0.0,1.0,3.0,0.69,0.06
7252,10,168,546,0.05,0.2,21,101,6.27,20.13,0.19,0.2,53.22,0.07,4.32,3,5,3,6,0,0.5,0.0,1.0,0.5,1.0,3.0,3.73,0.3
7233,10,128,249,0.02,0.09,13,29,21.13,22.95,0.04,0.06,1.0,0.1,11.62,0,0,5,7,0,0.0,0.0,1.0,1.0,1.0,3.0,0.1,1.16
0002,10,113,172,-0.02,0.2,15,50,13.88,16.33,0.08,0.1,44.5,0.18,7.87,3,5,3,3,0,0.5,0.0,1.0,0.5,1.0,3.0,8.01,1.42
5238,8,1967,4233,0.1,-0.16,-37,462,108.43,-182.78,0.0,39.19,8.05,-0.3,0.0,0,0,2,8,3,0.5,0.0,0.5,1.0,1.0,3.0,-2.42,-0.0
7237,10,153,386,0.03,0.12,0,89,16.56,21.8,0.0,0.0,43.16,0.11,1.94,3,5,2,5,1,0.5,0.0,0.5,1.0,1.0,3.0,4.75,0.21
7247,10,75,210,0.04,0.09,6,29,15.88,10.57,0.25,0.3,-0.93,0.15,7.99,3,2,1,5,1,0.5,0.0,0.5,1.0,1.0,3.0,-0.14,1.2
0078,10,93,364,0.0,0.0,8,55,4.22,3.85,0.1,0.15,90.25,0.0,8.6,0,0,0,3,0,1.0,0.0,1.0,0.0,1.0,3.0,0.0,0.0
7204,9,171,504,0.0,0.02,-1,51,8.54,31.5,0.27,0.29,14.25,0.03,2.0,0,0,2,5,2,0.5,0.0,0.5,0.5,1.0,2.5,0.43,0.06
5209,10,1807,6886,0.23,0.15,369,119,19.93,18.39,0.15,0.18,15.0,0.16,2.9,3,5,1,7,1,0.5,0.0,0.0,1.0,1.0,2.5,2.4,0.46
5212,9,23,585,0.0,0.09,37,349,1.22,6.6,0.45,0.54,13.6,0.02,0.0,0,4,1,6,0,0.5,0.0,1.0,0.0,1.0,2.5,0.27,0.0
5141,10,255,1046,0.09,0.23,70,317,8.14,18.06,0.45,0.48,14.76,0.12,2.09,4,0,4,5,0,0.0,0.0,1.0,0.5,1.0,2.5,1.77,0.25
0210,5,77,101,0.06,0.03,10,16,9.48,13.12,0.2,0.24,4.58,0.02,0.0,3,5,1,4,0,0.5,0.0,1.0,0.0,1.0,2.5,0.09,0.0
5225,10,4507,14908,0.01,0.05,399,2447,-0.42,1.9,0.43,0.41,54.7,-0.01,0.0,0,0,2,5,0,0.5,0.0,1.0,0.0,1.0,2.5,-0.55,-0.0
0207,5,41,69,0.0,0.0,4,4,6.63,3.71,0.13,0.15,0.0,0.01,0.0,3,0,1,2,1,0.5,0.5,0.5,0.0,1.0,2.5,0.0,0.0
5289,6,64,71,0.04,0.05,4,18,7.38,7.98,0.0,0.0,9.81,0.04,2.49,0,0,3,3,0,0.5,0.0,1.0,0.0,1.0,2.5,0.39,0.1
5151,10,89,337,0.09,0.0,0,35,20.71,1.96,0.06,0.07,7.48,0.05,0.0,3,5,6,8,3,0.0,0.0,0.5,1.0,1.0,2.5,0.37,0.0
5143,10,400,765,0.03,0.04,11,62,12.81,12.71,0.0,0.0,27.5,0.05,5.5,3,4,3,6,0,0.5,0.0,1.0,0.0,1.0,2.5,1.38,0.28
5147,10,471,1057,0.06,0.09,-17,88,17.21,15.72,0.07,0.08,46.94,0.11,5.82,3,4,3,5,4,0.5,0.0,0.0,1.0,1.0,2.5,5.16,0.64
5227,8,115,552,0.04,0.09,151,392,6.22,8.37,0.32,0.32,22.16,0.07,3.83,2,5,1,4,0,0.5,0.0,1.0,0.0,1.0,2.5,1.55,0.27
0197,6,39,85,0.01,0.02,5,11,6.25,10.49,0.28,0.23,6.75,0.01,16.36,1,2,2,4,0,0.5,0.0,1.0,0.0,1.0,2.5,0.07,0.16
0193,6,57,160,0.0,0.01,1,2,8.75,17.45,0.08,0.09,48.25,0.01,8.82,0,0,1,3,1,0.5,0.0,0.5,0.5,1.0,2.5,0.48,0.09
7029,10,61,204,0.08,0.29,8,22,9.34,15.94,0.02,0.03,9.81,0.19,14.08,4,5,3,4,1,0.5,0.0,0.5,0.5,1.0,2.5,1.86,2.68
5159,10,141,202,0.11,0.09,11,31,6.79,6.29,0.01,0.02,7.32,0.1,0.0,4,5,3,5,0,0.5,0.0,1.0,0.0,1.0,2.5,0.73,0.0
0185,5,122,148,0.04,0.0,5,12,4.67,0.55,0.22,0.25,16.55,0.02,0.0,2,0,2,4,0,0.5,0.0,1.0,0.0,1.0,2.5,0.33,0.0
7035,10,356,651,0.02,0.05,23,51,11.91,12.61,0.07,0.06,46.94,0.05,11.3,3,5,1,4,0,0.5,0.0,1.0,0.0,1.0,2.5,2.35,0.57
0179,7,25,64,0.02,0.01,5,16,-11.51,5.15,0.05,0.06,15.75,-0.02,0.0,0,0,2,5,0,0.5,0.0,1.0,0.0,1.0,2.5,-0.32,-0.0
7199,10,164,197,0.08,0.02,17,26,4.59,2.31,0.19,0.13,1.25,0.05,0.0,3,0,3,6,0,0.5,0.0,1.0,0.0,1.0,2.5,0.06,0.0
5116,10,73,106,0.08,0.1,55,84,7.07,7.99,0.08,0.68,12.56,0.09,0.23,3,5,3,6,0,0.5,0.0,1.0,0.0,1.0,2.5,1.13,0.02
9474,10,166,306,0.04,-0.07,28,40,413.8,-241.68,0.0,0.18,5.0,-0.21,0.0,0,0,5,8,3,0.0,0.0,0.5,1.0,1.0,2.5,-1.05,-0.0
7205,10,142,254,0.05,0.16,11,22,11.13,14.73,0.0,0.0,29.69,0.13,2.67,3,5,3,4,0,0.5,0.0,1.0,0.0,1.0,2.5,3.86,0.35
3026,10,697,1067,1.0,1.6,0,0,46.39,82.41,0.02,0.0,23.86,1.25,5.52,2,3,2,4,10,0.5,0.0,0.0,1.0,1.0,2.5,29.82,6.9
5007,10,502,535,0.13,0.01,30,37,0.15,0.42,0.0,0.0,53.95,0.0,0.0,0,1,3,3,0,0.5,0.0,1.0,0.0,1.0,2.5,0.0,0.0
5279,6,756,4529,0.02,0.16,51,221,16.29,21.97,1.07,1.21,14.72,0.15,47.85,3,5,2,2,1,0.5,0.5,0.5,1.0,0.0,2.5,2.21,7.18
5014,10,1813,5213,0.27,0.28,297,2129,-4.56,5.19,0.42,0.41,22.5,-0.24,213.27,0,4,2,7,0,0.5,0.0,1.0,0.0,1.0,2.5,-5.4,-51.18
5835,9,64,12,-0.1,-0.16,5,7,74.08,-159.15,0.2,0.97,23.62,0.1,0.0,5,0,5,8,2,0.0,0.0,0.5,1.0,1.0,2.5,2.36,0.0
5276,5,68,81,0.04,0.04,12,18,11.07,11.57,0.07,0.01,14.9,0.05,0.0,3,4,2,5,0,0.5,0.0,1.0,0.0,1.0,2.5,0.75,0.0
3867,10,1415,1564,0.3,0.8,269,423,10.7,11.55,0.02,0.02,6.46,0.82,4.06,0,0,3,5,0,0.5,0.0,1.0,0.0,1.0,2.5,5.3,3.33
6033,10,3525,5458,0.72,0.97,0,3357,15.95,14.76,0.16,0.29,21.76,1.01,0.99,3,5,2,3,7,0.5,0.0,0.0,1.0,1.0,2.5,21.98,1.0
8346,10,103,150,0.18,-0.83,40,60,165.05,-35.49,0.42,0.39,0.4,-0.71,0.0,0,0,4,6,2,0.0,0.0,0.5,1.0,1.0,2.5,-0.28,-0.0
5041,10,199,339,0.08,0.07,90,138,1.63,3.66,0.35,0.42,7.5,0.03,0.32,2,5,2,7,0,0.5,0.0,1.0,0.0,1.0,2.5,0.22,0.01
5065,10,217,332,0.06,0.17,15,28,7.13,7.79,0.06,0.04,8.16,0.17,6.49,3,2,3,3,0,0.5,0.0,1.0,0.0,1.0,2.5,1.39,1.1
5106,10,89,222,0.15,0.17,72,141,6.69,11.18,0.23,0.24,21.06,0.1,3.83,3,5,2,5,0,0.5,0.0,1.0,0.0,1.0,2.5,2.11,0.38
8273,10,146,204,0.04,0.13,4,31,7.56,10.07,0.04,0.07,8.98,0.11,10.38,4,0,2,4,0,0.5,0.0,1.0,0.0,1.0,2.5,0.99,1.14
8125,10,222,619,0.07,0.15,0,121,18.63,20.77,0.02,0.02,44.76,0.15,8.72,3,2,3,4,9,0.5,0.0,0.0,1.0,1.0,2.5,6.71,1.31
7216,10,92,214,0.06,0.03,18,42,7.84,3.78,0.02,0.03,30.42,0.07,0.0,2,1,1,6,0,0.5,0.0,1.0,0.0,1.0,2.5,2.13,0.0
2658,10,316,462,0.42,0.98,35,68,12.06,12.46,0.0,0.0,14.57,0.98,9.59,3,5,1,3,0,0.5,0.0,1.0,0.0,1.0,2.5,14.28,9.4
2488,10,1129,1647,0.27,0.27,1268,3184,6.87,7.24,0.29,0.3,10.56,0.28,3.41,4,0,0,5,3,1.0,0.0,0.5,0.0,1.0,2.5,2.96,0.95
6963,10,1027,3243,0.02,0.06,94,323,7.41,7.03,0.02,0.03,45.42,0.07,11.07,0,0,3,3,0,0.5,0.0,1.0,0.0,1.0,2.5,3.18,0.77
5247,9,189,395,0.01,0.0,5,28,0.96,0.05,0.04,0.05,41.0,0.0,0.0,0,1,2,4,0,0.5,0.0,1.0,0.0,1.0,2.5,0.0,0.0
6971,10,111,197,0.06,0.23,7,13,12.23,12.73,0.12,0.11,-26.62,0.24,17.36,2,1,3,5,0,0.5,0.0,1.0,0.0,1.0,2.5,-6.39,4.17
1295,10,5958,11101,0.16,0.28,-5615,875,2.23,13.03,0.3,0.31,80.9,0.26,1.75,3,5,1,2,2,0.5,0.5,0.5,0.0,1.0,2.5,21.03,0.46
0049,10,56,89,0.01,0.03,5,10,4.05,8.18,0.04,0.01,11.84,0.02,7.71,2,2,2,4,0,0.5,0.0,1.0,0.0,1.0,2.5,0.24,0.15
7210,10,295,552,0.09,0.04,22,44,4.44,4.16,0.22,0.24,15.0,0.05,0.0,2,1,1,7,0,0.5,0.0,1.0,0.0,1.0,2.5,0.75,0.0
7134,8,214,365,0.0,0.03,12,34,-2.93,2.04,0.15,0.16,20.16,-0.05,47.2,0,0,1,5,0,0.5,0.0,1.0,0.0,1.0,2.5,-1.01,-2.36
7107,10,149,267,0.07,0.04,13,28,6.77,5.21,0.04,0.05,29.7,0.06,0.0,3,2,2,6,0,0.5,0.0,1.0,0.0,1.0,2.5,1.78,0.0
7090,10,314,689,0.07,0.11,27,68,12.2,13.01,0.05,0.06,47.68,0.12,6.56,2,1,1,4,0,0.5,0.0,1.0,0.0,1.0,2.5,5.72,0.79
0011,10,16,28,0.0,0.02,3,7,14.04,9.77,0.42,0.34,14.0,0.03,2.61,3,5,3,4,0,0.5,0.0,1.0,0.0,1.0,2.5,0.42,0.08
2127,10,140,511,-0.28,0.06,-13,74,35.58,11.28,0.06,0.09,32.18,0.27,6.59,3,0,2,7,4,0.5,0.0,0.0,1.0,1.0,2.5,8.69,1.78
7178,10,138,296,0.12,0.17,11,33,6.38,7.16,0.1,0.11,12.54,0.15,1.42,3,5,1,5,0,0.5,0.0,1.0,0.0,1.0,2.5,1.88,0.21
0112,10,24,50,0.01,0.01,4,10,4.01,4.01,0.08,0.09,23.88,0.01,0.0,2,0,2,5,0,0.5,0.0,1.0,0.0,1.0,2.5,0.24,0.0
9334,9,237,241,0.1,0.0,67,87,-1.03,0.03,0.01,0.01,32.12,-0.09,0.0,0,0,3,4,0,0.5,0.0,1.0,0.0,1.0,2.5,-2.89,-0.0
0127,10,49,257,0.0,0.05,5,26,9.95,15.89,0.16,0.18,30.34,0.04,9.82,0,0,3,6,1,0.5,0.0,0.5,0.5,1.0,2.5,1.21,0.39
7088,10,356,701,0.05,0.22,13,71,10.25,14.99,0.0,0.0,13.18,0.19,2.42,4,5,2,4,0,0.5,0.0,1.0,0.0,1.0,2.5,2.5,0.46
0008,10,54,138,0.02,0.03,15,20,6.76,9.33,0.02,0.02,19.79,0.02,1.84,2,5,3,4,0,0.5,0.0,1.0,0.0,1.0,2.5,0.4,0.04
7158,10,1642,0,-0.27,-0.22,-115,-21,112.18,0.0,0.0,0.0,8.28,-0.25,0.0,0,0,8,9,3,0.0,0.0,0.5,1.0,1.0,2.5,-2.07,-0.0
0146,9,8,27,0.0,0.01,1,5,2.79,23.05,0.03,0.03,219.0,0.01,7.96,0,0,2,5,2,0.5,0.0,0.5,0.5,1.0,2.5,2.19,0.08
8702,9,1084,1134,-0.04,-0.06,47,77,-5.55,-2.9,0.22,0.23,33.66,-0.1,0.0,0,0,3,8,0,0.5,0.0,1.0,0.0,1.0,2.5,-3.37,-0.0
0151,10,85,380,0.04,0.08,-3,20,10.72,17.99,0.2,0.17,7.0,0.05,5.79,0,0,3,6,3,0.5,0.0,0.5,0.5,1.0,2.5,0.35,0.29
7160,10,84,490,-0.04,0.12,16,139,14.6,20.95,0.01,0.01,26.92,0.1,44.56,0,0,3,4,2,0.5,0.0,0.5,0.5,1.0,2.5,2.69,4.46
3034,10,2715,7096,0.17,0.47,109,366,14.42,16.19,0.5,0.42,15.04,0.43,3.31,3,5,2,1,4,0.5,0.5,0.0,0.5,1.0,2.5,6.47,1.42
0037,10,159,351,-0.04,0.03,3,79,-3.27,16.0,0.09,0.09,7.0,-0.0,13.58,0,3,5,4,0,0.0,0.0,1.0,0.5,1.0,2.5,-0.0,-0.0
0158,10,19,65,0.06,0.04,2,5,5.11,12.7,0.01,0.01,22.55,0.02,0.0,3,0,3,6,0,0.5,0.0,1.0,0.0,1.0,2.5,0.45,0.0
0050,9,6,28,0.0,0.0,3,7,-4.17,1.58,0.11,0.11,20.75,-0.01,0.0,0,1,2,5,0,0.5,0.0,1.0,0.0,1.0,2.5,-0.21,-0.0
7103,10,132,374,0.1,0.15,11,33,6.46,7.77,0.0,0.0,15.99,0.13,8.37,3,3,1,4,0,0.5,0.0,1.0,0.0,1.0,2.5,2.08,1.09
0157,8,131,191,0.02,0.04,10,50,9.11,16.57,0.76,0.92,17.16,0.03,58.87,2,3,0,6,0,1.0,0.0,1.0,0.5,0.0,2.5,0.51,1.77
0023,9,38,86,-0.01,0.01,9,17,7.42,4.98,0.0,0.0,21.0,0.01,121.65,1,4,2,7,0,0.5,0.0,1.0,0.0,1.0,2.5,0.21,1.22
7248,10,156,167,0.03,0.07,15,46,8.82,11.76,0.0,0.0,20.54,0.05,10.63,3,5,5,5,0,0.0,0.0,1.0,0.0,1.0,2.0,1.03,0.53
0091,10,188,282,0.02,-0.08,7,3,19.66,0.0,0.0,0.0,15.0,-0.02,0.0,0,0,6,9,4,0.0,0.0,0.0,1.0,1.0,2.0,-0.3,-0.0
4715,10,5333,10406,0.22,0.25,1467,2577,-10.71,7.6,0.65,0.5,18.56,-0.29,0.63,0,5,3,6,0,0.5,0.0,1.0,0.0,0.5,2.0,-5.38,-0.18
7115,8,52,67,-0.06,-0.02,6,6,-0.42,-1.17,0.49,0.5,-22.45,-0.01,0.0,0,0,3,7,1,0.5,0.0,0.5,0.0,1.0,2.0,0.22,-0.0
7155,10,257,1827,0.03,0.06,40,68,13.04,12.21,0.0,0.01,11.96,0.07,4.52,1,1,2,3,1,0.5,0.0,0.5,0.0,1.0,2.0,0.84,0.32
9121,10,375,954,0.1,0.04,-11,32,0.2,2.42,0.11,0.14,-13.56,0.0,0.0,0,0,2,7,3,0.5,0.0,0.5,0.0,1.0,2.0,-0.0,0.0
5819,10,2542,4707,0.72,1.22,2966,10213,8.53,9.47,0.1,0.1,14.78,1.17,5.17,3,3,2,2,4,0.5,0.5,0.0,0.0,1.0,2.0,17.29,6.05
7225,10,97,202,-0.22,0.01,0,10,16.15,7.82,0.01,0.01,1.0,0.01,0.0,0,0,4,9,5,0.0,0.0,0.0,1.0,1.0,2.0,0.01,0.0
4847,10,265,129,-0.1,-0.22,32,4,76.18,0.0,0.0,0.0,12.9,-0.08,0.0,0,0,8,9,1,0.0,0.0,0.0,1.0,1.0,2.0,-1.03,-0.0
9997,10,298,280,0.03,0.02,6,36,8.92,2.5,0.31,0.35,1.34,0.09,0.0,4,2,5,8,0,0.0,0.0,1.0,0.0,1.0,2.0,0.12,0.0
0080,6,3,663,-0.01,0.01,-1,12,3.97,7.23,0.03,0.03,5.25,0.01,262.76,3,0,0,5,5,1.0,0.0,0.0,0.0,1.0,2.0,0.05,2.63
0089,10,16,31,0.02,0.02,3,11,1.48,4.81,0.08,0.08,29.84,0.01,8.12,0,0,4,5,0,0.0,0.0,1.0,0.0,1.0,2.0,0.3,0.08
5216,10,32,248,0.0,0.02,0,130,17.46,23.22,0.22,0.23,128.5,0.02,18.93,2,5,5,5,4,0.0,0.0,0.0,1.0,1.0,2.0,2.57,0.38
5001,10,174,427,0.0,0.0,27,36,-9.95,0.49,0.28,0.28,-0.5,-0.06,0.0,0,0,3,7,1,0.5,0.0,0.5,0.0,1.0,2.0,0.03,-0.0
4006,10,3230,5162,0.4,0.57,407,478,1.43,5.33,0.01,0.01,17.91,0.15,0.83,1,5,5,5,0,0.0,0.0,1.0,0.0,1.0,2.0,2.69,0.12
8966,10,184,341,0.05,0.1,3,47,11.17,7.42,0.25,0.28,12.45,0.17,11.86,5,0,3,5,1,0.5,0.0,0.5,0.0,1.0,2.0,2.12,2.02
5371,9,267,379,0.09,-0.23,13,35,-6.01,-7.65,0.08,0.09,60.22,-0.17,0.0,0,4,3,8,1,0.5,0.0,0.5,0.0,1.0,2.0,-10.24,-0.0
4065,10,2274,4684,1.32,0.81,240,401,5.82,5.43,0.01,0.01,18.98,0.9,3.29,2,2,1,6,2,0.5,0.0,0.5,0.0,1.0,2.0,17.08,2.96
7803,9,374,219,0.01,0.04,21,39,9.0,12.64,0.01,0.01,31.28,0.09,2.8,3,0,3,5,0,0.0,0.0,1.0,0.0,1.0,2.0,2.82,0.25
0025,8,25,68,0.0,0.0,4,5,-0.48,1.05,0.08,0.04,5.62,-0.0,6.45,0,0,5,7,0,0.0,0.0,1.0,0.0,1.0,2.0,-0.0,-0.0
5286,5,105,191,0.05,0.08,49,32,14.66,16.65,0.01,0.0,16.0,0.08,54.46,0,0,3,3,0,0.5,0.0,0.0,0.5,1.0,2.0,1.28,4.36
5533,10,415,245,-0.05,-0.26,14,14,-10.35,-13.28,0.08,0.1,2.8,-0.19,0.0,0,0,7,8,0,0.0,0.0,1.0,0.0,1.0,2.0,-0.53,-0.0
7060,10,222,276,0.33,0.18,38,49,1.8,3.23,0.0,0.01,12.59,0.1,4.43,2,5,4,6,0,0.0,0.0,1.0,0.0,1.0,2.0,1.26,0.44
5614,9,134,10,0.07,0.08,14,1,22.43,8.23,0.27,0.31,8.25,0.25,33.71,5,0,5,9,4,0.0,0.0,0.0,1.0,1.0,2.0,2.06,8.43
7167,10,96,580,0.03,0.15,4,44,12.28,14.5,0.01,0.01,18.93,0.14,3.13,3,5,2,4,2,0.5,0.0,0.5,0.0,1.0,2.0,2.65,0.44
5009,10,530,527,0.28,-0.28,47,62,-12.62,-9.5,0.04,0.05,41.54,-0.33,0.0,0,0,7,8,0,0.0,0.0,1.0,0.0,1.0,2.0,-13.71,-0.0
7181,10,72,103,-0.17,0.1,2,-12,21.19,52.96,0.0,0.0,-29.58,0.08,0.0,5,0,5,9,1,0.0,0.0,0.0,1.0,1.0,2.0,-2.37,0.0
7235,10,66,102,0.01,0.05,1,14,7.43,6.82,0.05,0.06,28.05,0.06,5.33,3,5,4,6,0,0.0,0.0,1.0,0.0,1.0,2.0,1.68,0.32
0038,7,63,119,0.01,-0.01,4,11,-18.45,-7.47,0.01,0.01,0.38,-0.02,0.0,0,0,2,6,3,0.5,0.0,0.5,0.0,1.0,2.0,-0.01,-0.0
7152,10,192,309,0.02,0.13,2,28,13.73,10.71,0.06,0.07,17.24,0.18,2.17,4,5,5,5,0,0.0,0.0,1.0,0.0,1.0,2.0,3.1,0.39
8052,9,63,114,0.01,-0.01,4,7,-0.15,-1.26,0.0,0.01,-0.25,-0.0,0.0,0,0,3,8,3,0.5,0.0,0.5,0.0,1.0,2.0,0.0,-0.0
5248,10,593,1755,0.03,0.09,0,0,12.72,19.49,0.12,0.14,11.22,0.05,21.27,2,5,2,3,10,0.5,0.0,0.0,0.5,1.0,2.0,0.56,1.06
5081,10,141,171,-0.31,0.02,1,23,0.75,2.94,0.16,0.14,29.22,0.01,0.0,0,5,3,5,1,0.5,0.0,0.5,0.0,1.0,2.0,0.29,0.0
5237,10,297,564,0.07,0.04,9,67,0.77,2.27,0.01,0.0,27.5,0.02,0.0,0,0,3,6,2,0.5,0.0,0.5,0.0,1.0,2.0,0.55,0.0
7148,10,131,576,0.07,0.08,40,67,9.18,10.94,0.35,0.27,31.54,0.08,0.44,0,2,2,5,1,0.5,0.0,0.5,0.0,1.0,2.0,2.52,0.04
5102,10,1160,2942,0.08,0.21,85,-94,18.62,26.96,0.12,0.05,8.25,0.21,30.3,3,2,4,5,4,0.0,0.0,0.0,1.0,1.0,2.0,1.73,6.36
5235SS,10,926,1423,0.55,0.44,621,1041,-1.29,15.58,0.37,0.45,9.88,-0.09,0.0,0,5,2,6,6,0.5,0.0,0.0,0.5,1.0,2.0,-0.89,-0.0
8176,9,78,3352,-0.08,0.06,2,107,12.62,11.76,0.16,0.17,4.23,0.08,18.4,1,0,2,7,3,0.5,0.0,0.5,0.0,1.0,2.0,0.34,1.47
5066,10,420,778,0.05,0.01,47,8,7.52,1.4,0.12,0.14,29.0,0.03,0.0,2,3,0,7,0,1.0,0.0,0.0,0.0,1.0,2.0,0.87,0.0
7140,10,111,119,0.03,0.04,5,13,5.53,6.45,0.0,0.0,11.96,0.04,7.9,3,5,4,4,0,0.0,0.0,1.0,0.0,1.0,2.0,0.48,0.32
5232,8,437,607,0.1,0.02,9,16,1.74,1.59,0.17,0.18,10.5,0.02,0.0,2,0,2,6,2,0.5,0.0,0.5,0.0,1.0,2.0,0.21,0.0
5284,6,8611,8438,-0.01,0.19,409,1073,1.24,3.67,0.0,0.0,7.29,0.06,0.0,1,5,5,4,0,0.0,0.0,1.0,0.0,1.0,2.0,0.44,0.0
0054,10,71,153,0.01,0.01,0,15,3.59,6.72,0.07,0.07,13.25,0.01,4.33,3,5,3,5,3,0.5,0.0,0.5,0.0,1.0,2.0,0.13,0.04
7062,10,196,363,0.21,0.05,5,24,14.69,1.42,0.17,0.23,27.92,0.57,0.0,4,3,3,6,1,0.5,0.0,0.5,0.0,1.0,2.0,15.91,0.0
7133,10,138,193,0.09,-0.01,9,16,-0.11,-0.53,0.02,0.03,-3.79,-0.0,0.0,0,0,3,6,1,0.5,0.0,0.5,0.0,1.0,2.0,0.0,-0.0
7176,9,54,245,-0.01,0.01,1,3,-30.03,2.41,0.28,0.22,2.25,-0.09,0.0,0,0,2,9,1,0.5,0.0,0.5,0.0,1.0,2.0,-0.2,-0.0
7130,7,12,96,-0.01,0.04,3,11,3.07,19.61,0.0,0.02,12.5,0.04,30.19,0,0,3,7,4,0.5,0.0,0.0,0.5,1.0,2.0,0.5,1.21
8524,10,172,360,0.02,0.04,50,643,2.58,7.29,0.38,0.43,37.48,0.01,4.44,0,5,3,5,1,0.5,0.0,0.5,0.0,1.0,2.0,0.37,0.04
5016,10,364,440,0.2,-0.1,30,137,-13.36,-2.06,0.04,0.05,137.25,-0.59,0.0,0,0,7,7,0,0.0,0.0,1.0,0.0,1.0,2.0,-80.98,-0.0
7129,10,247,293,0.27,0.19,51,58,5.2,6.02,0.01,0.01,15.28,0.17,0.0,3,0,4,7,0,0.0,0.0,1.0,0.0,1.0,2.0,2.6,0.0
5278,7,84,119,0.07,0.05,0,7,5.72,8.17,0.27,0.23,7.04,0.03,0.0,2,1,3,5,2,0.5,0.0,0.5,0.0,1.0,2.0,0.21,0.0
5136,10,91,108,0.03,0.36,15,14,27.57,28.12,0.16,0.15,41.04,0.35,68.29,5,5,5,7,0,0.0,0.0,0.0,1.0,1.0,2.0,14.36,23.9
5008,10,1184,1764,0.54,0.39,21,106,7.8,8.58,0.19,0.17,-4.37,0.37,9.31,3,5,1,6,3,0.5,0.0,0.5,0.0,1.0,2.0,-1.62,3.44
7854,7,16,28,0.03,0.05,-5,2,3.66,9.44,0.04,0.0,42.14,0.02,61.42,2,0,3,5,1,0.5,0.0,0.5,0.0,1.0,2.0,0.84,1.23
3719,10,761,1052,1.36,1.93,66,119,13.0,14.15,0.0,0.0,16.96,1.59,3.31,3,5,4,3,0,0.0,0.0,1.0,0.0,1.0,2.0,26.97,5.26
5139,10,270,1599,0.29,1.07,-87,-911,13.53,15.11,3.69,3.21,24.34,0.82,2.05,3,5,0,2,10,1.0,0.5,0.0,0.5,0.0,2.0,19.96,1.68
3662,10,1555,2682,0.23,0.03,15,139,-0.81,4.52,0.24,0.22,21.32,-0.01,0.0,0,5,3,6,2,0.5,0.0,0.5,0.0,1.0,2.0,-0.21,-0.0
0150,9,6,15,-0.14,0.15,2,-40,34.88,98.15,0.01,0.03,-3.25,0.32,36.68,5,0,5,8,8,0.0,0.0,0.0,1.0,1.0,2.0,-1.04,11.74
3514,10,113,150,0.01,0.01,3,8,6.8,7.88,0.02,0.02,10.5,0.01,7.72,3,4,5,5,0,0.0,0.0,1.0,0.0,1.0,2.0,0.1,0.08
1082,10,3656,5192,1.58,1.63,4198,13633,8.96,9.29,0.18,0.2,10.38,1.7,1.53,4,3,2,4,3,0.5,0.0,0.5,0.0,1.0,2.0,17.65,2.6
1066,10,3538,7104,0.62,0.61,285,6205,8.11,10.1,0.26,0.29,16.45,0.55,1.72,4,5,3,4,3,0.5,0.0,0.5,0.0,1.0,2.0,9.05,0.95
7018,5,22,29,0.01,0.0,3,4,2.6,0.48,0.02,0.03,1.92,0.0,0.0,0,0,2,4,1,0.5,0.0,0.5,0.0,1.0,2.0,0.0,0.0
9792,10,218,244,0.04,0.04,65,78,34.17,48.55,1.16,1.35,44.69,0.03,7.52,2,5,5,4,0,0.0,0.0,1.0,1.0,0.0,2.0,1.34,0.23
1015,10,3913,5022,0.45,0.45,978,13334,6.37,7.39,0.3,0.34,10.54,0.41,0.46,4,5,3,3,3,0.5,0.0,0.5,0.0,1.0,2.0,4.32,0.19
9806,9,96,66,0.01,-0.28,3,-9,217.87,-260.25,0.0,0.0,3.5,-0.33,0.0,0,0,5,9,4,0.0,0.0,0.0,1.0,1.0,2.0,-1.16,-0.0
0209,5,44,78,0.0,0.01,3,-1,7.33,13.43,0.01,0.02,12.25,0.0,41.45,0,1,2,1,1,0.5,0.5,0.0,0.0,1.0,2.0,0.0,0.0
0141,9,26,2,-0.02,0.0,0,0,10300.0,0.0,0.0,0.0,-2.5,0.01,0.0,5,0,6,9,7,0.0,0.0,0.0,1.0,1.0,2.0,-0.02,0.0
9822,10,308,939,0.25,0.59,-21,98,10.82,13.94,0.08,0.09,13.79,0.47,4.88,3,3,3,4,1,0.5,0.0,0.5,0.0,1.0,2.0,6.48,2.29
7085,10,150,187,0.12,0.04,16,19,-12.2,2.26,0.19,0.2,96.68,-0.22,0.0,0,0,4,5,0,0.0,0.0,1.0,0.0,1.0,2.0,-21.27,-0.0
0149,10,14,14,0.05,0.02,2,3,3.29,4.34,0.0,0.0,11.84,0.02,0.0,3,1,5,7,0,0.0,0.0,1.0,0.0,1.0,2.0,0.24,0.0
7083,10,138,111,0.15,0.07,9,21,3.17,2.75,0.05,0.05,20.0,0.07,1.92,3,2,6,6,0,0.0,0.0,1.0,0.0,1.0,2.0,1.4,0.13
7006,10,501,685,0.19,0.18,27,50,3.91,2.94,0.05,0.03,16.24,0.24,0.0,3,1,5,6,0,0.0,0.0,1.0,0.0,1.0,2.0,3.9,0.0
0153,8,67,52,-0.01,-0.02,2,7,-10.76,-10.66,0.03,0.03,-0.5,-0.02,0.0,0,0,8,8,0,0.0,0.0,1.0,0.0,1.0,2.0,0.01,-0.0
0190,6,81,117,0.02,0.01,6,9,6.87,2.66,0.11,0.14,9.5,0.02,0.0,3,5,2,2,1,0.5,0.0,0.5,0.0,1.0,2.0,0.19,0.0
7034,10,489,939,0.07,0.19,37,90,5.94,11.55,0.09,0.09,23.38,0.2,3.07,3,1,2,3,1,0.5,0.0,0.5,0.0,1.0,2.0,4.68,0.61
0155,10,12,1,0.03,0.17,2,12,172.89,0.0,0.07,0.0,16.75,0.16,33.82,4,5,6,10,6,0.0,0.0,0.0,1.0,1.0,2.0,2.68,5.41
7285,10,184,158,0.05,-0.03,13,16,-0.55,-6.21,0.05,0.1,23.66,-0.0,0.0,0,0,6,8,0,0.0,0.0,1.0,0.0,1.0,2.0,-0.0,-0.0
7201,9,88,100,0.02,0.0,17,18,-2.0,2.41,0.04,0.01,3.25,-0.0,0.0,0,5,3,6,1,0.5,0.0,0.5,0.0,1.0,2.0,-0.0,-0.0
0180,6,141,640,0.01,0.01,23,23,3.5,3.39,0.18,0.19,6.5,0.01,54.75,3,0,1,6,3,0.5,0.0,0.5,0.0,1.0,2.0,0.06,0.55
5165,9,40,24,0.03,-0.07,1,6,-9.39,-10.8,0.38,0.39,18.5,-0.06,0.0,0,0,6,7,0,0.0,0.0,1.0,0.0,1.0,2.0,-1.11,-0.0
0176,5,61,236,0.01,0.04,-6,34,-0.85,9.62,0.03,0.03,11.62,-0.0,12.48,0,0,1,4,2,0.5,0.0,0.5,0.0,1.0,2.0,-0.0,-0.0
0171,10,8,96,0.03,0.02,0,11,6.26,8.49,0.02,0.02,7.75,0.02,4.33,3,5,2,5,3,0.5,0.0,0.5,0.0,1.0,2.0,0.16,0.09
0170,7,50,65,0.05,0.01,1,12,-2.41,5.08,0.21,0.32,21.88,-0.0,0.0,0,0,3,6,3,0.5,0.0,0.5,0.0,1.0,2.0,-0.0,-0.0
7050,8,33,61,0.0,0.05,3,10,4.45,8.63,0.23,0.26,57.0,0.03,100.71,2,5,3,5,1,0.5,0.0,0.5,0.0,1.0,2.0,1.71,3.02
1163,10,2173,5574,0.5,1.42,-106,568,12.36,12.1,0.01,0.01,14.74,2.88,8.37,5,5,2,3,2,0.5,0.0,0.5,0.0,1.0,2.0,42.45,24.11
0126,9,22,221,0.01,0.06,0,23,22.04,36.16,0.06,0.1,69.18,0.06,11.25,0,0,4,6,4,0.0,0.0,0.0,1.0,1.0,2.0,4.15,0.68
7374,10,355,346,0.14,-0.14,20,72,-1.56,-6.48,0.16,0.22,-6.25,-0.03,0.0,0,5,5,6,0,0.0,0.0,1.0,0.0,1.0,2.0,0.19,-0.0
6432,10,176,175,0.22,0.18,23,29,6.3,5.83,0.0,0.0,18.73,0.2,0.0,3,4,6,5,0,0.0,0.0,1.0,0.0,1.0,2.0,3.75,0.0
3476,10,1019,966,0.61,0.25,48,100,0.13,3.93,0.08,0.0,42.02,0.01,0.0,0,0,5,5,0,0.0,0.0,1.0,0.0,1.0,2.0,0.42,0.0
4162,10,3965,2509,2.56,1.21,876,331,72.52,85.33,0.05,0.06,17.79,0.92,0.0,3,5,6,6,1,0.0,0.0,0.0,1.0,1.0,2.0,16.37,0.0
3298,10,147,92,0.06,0.07,19,30,6.3,6.82,0.0,0.0,8.28,0.08,1.92,3,5,6,5,0,0.0,0.0,1.0,0.0,1.0,2.0,0.66,0.15
3883,10,934,1518,0.12,0.13,70,125,5.51,3.78,0.1,0.11,14.68,0.2,0.73,3,1,4,5,0,0.0,0.0,1.0,0.0,1.0,2.0,2.94,0.15
3069,10,523,702,0.25,0.36,97,42,15.83,10.64,0.29,0.02,10.01,0.63,1.01,3,0,6,5,0,0.0,0.0,0.0,1.0,1.0,2.0,6.31,0.64
0101,10,47,195,-0.01,0.01,13,30,1.49,2.78,0.15,0.0,11.25,0.01,16.41,0,0,3,7,1,0.5,0.0,0.5,0.0,1.0,2.0,0.11,0.16
6203,10,60,140,0.03,0.04,6,0,698.25,2.49,0.0,0.01,10.32,-0.84,3.64,0,0,4,6,4,0.0,0.0,0.0,1.0,1.0,2.0,-8.67,-3.06
5199,7,2,646,-0.02,-0.03,-6,122,-4.28,-4.01,0.01,0.01,-33.43,-0.03,0.0,0,0,2,5,1,0.5,0.0,0.5,0.0,1.0,2.0,1.0,-0.0
2852,10,943,1741,0.07,0.15,92,246,3.19,6.15,0.31,0.28,25.81,0.08,13.62,2,1,2,3,1,0.5,0.0,0.5,0.0,1.0,2.0,2.06,1.09
0021,10,64,348,-0.04,0.03,4,92,2.16,6.77,0.04,0.06,43.0,0.01,11.56,0,0,3,4,2,0.5,0.0,0.5,0.0,1.0,2.0,0.43,0.12
6351,10,719,966,0.48,0.31,94,62,23.66,23.3,0.02,0.03,20.49,0.33,0.0,3,5,4,6,1,0.0,0.0,0.0,1.0,1.0,2.0,6.76,0.0
5095,10,363,419,0.07,0.03,17,65,3.08,3.32,0.02,0.03,31.96,0.02,0.0,1,5,4,6,0,0.0,0.0,1.0,0.0,1.0,2.0,0.64,0.0
7668,10,223,252,0.09,0.11,14,36,11.87,10.68,0.01,0.01,19.71,0.13,2.03,3,5,5,5,0,0.0,0.0,1.0,0.0,1.0,2.0,2.56,0.26
0108,10,15,105,-0.02,0.03,4,12,7.67,6.21,0.03,0.06,13.25,0.04,6.6,3,5,2,5,1,0.5,0.0,0.5,0.0,1.0,2.0,0.53,0.26
7091,10,158,277,0.12,0.16,7,29,7.26,9.17,0.08,0.08,15.64,0.13,4.23,3,4,2,5,2,0.5,0.0,0.5,0.0,1.0,2.0,2.03,0.55
0012,10,249,436,0.04,0.06,-13,62,8.52,8.69,0.03,0.04,26.56,0.06,2.78,3,4,3,5,2,0.5,0.0,0.5,0.0,1.0,2.0,1.59,0.17
2062,10,357,617,0.03,0.06,15,79,6.31,6.34,0.11,0.12,48.28,0.07,3.04,3,1,3,4,1,0.5,0.0,0.5,0.0,1.0,2.0,3.38,0.21
0113,8,16,43,-0.02,0.04,1,9,5.93,12.73,0.0,0.0,6.69,0.02,0.0,0,2,4,5,0,0.0,0.0,1.0,0.0,1.0,2.0,0.13,0.0
9385,10,423,840,0.03,0.01,25,66,1.56,1.01,0.29,0.32,454.12,0.01,0.0,1,3,2,6,1,0.5,0.0,0.5,0.0,1.0,2.0,4.54,0.0
5152,10,44,170,0.04,0.09,4,21,7.89,15.66,0.1,0.08,24.06,0.06,13.44,4,0,4,4,1,0.0,0.0,0.5,0.5,1.0,2.0,1.44,0.81
6874,10,796,289,0.02,0.03,29,13,19.17,5.34,0.19,0.22,13.42,0.13,50.06,5,0,6,7,1,0.0,0.0,0.0,1.0,1.0,2.0,1.74,6.51
5202,10,2169,2007,0.33,-0.43,134,306,-11.0,-16.56,0.39,0.37,-15.0,-0.24,0.0,0,0,5,6,2,0.0,0.0,0.5,0.0,1.0,1.5,3.6,-0.0
5180,10,191,342,0.1,0.04,0,191,0.0,2.76,0.49,0.48,16.44,0.0,0.0,0,5,5,8,1,0.0,0.0,0.5,0.0,1.0,1.5,0.0,0.0
7293,10,641,2519,0.06,0.19,-17,917,16.73,6.17,1.44,0.97,20.67,0.28,1.81,3,1,2,6,4,0.5,0.0,0.0,1.0,0.0,1.5,5.79,0.51
5242,8,109,241,0.04,-0.01,15,0,-1.81,-5.01,0.12,0.16,51.25,-0.01,0.0,0,0,2,7,3,0.5,0.0,0.0,0.0,1.0,1.5,-0.51,-0.0
5197,10,120,142,0.14,-0.07,18,3,-4.89,-3.93,0.0,0.0,-1.89,-0.08,0.0,0,5,3,6,0,0.5,0.0,0.0,0.0,1.0,1.5,0.15,-0.0
5185,10,1365,1924,0.31,0.23,2468,-5786,3.77,5.42,0.38,0.4,10.29,0.17,0.48,4,5,3,5,5,0.5,0.0,0.0,0.0,1.0,1.5,1.75,0.08
5228,9,39,148,0.12,0.12,4,-93,6.85,8.35,0.3,0.43,6.95,0.1,3.57,3,5,1,4,6,0.5,0.0,0.0,0.0,1.0,1.5,0.7,0.36
7162,10,419,521,0.12,0.08,18,72,7.12,5.68,0.04,0.05,11.03,0.11,1.02,4,2,4,6,1,0.0,0.0,0.5,0.0,1.0,1.5,1.21,0.11
5211,10,3134,4780,0.19,0.15,462,828,4.8,7.91,0.4,0.24,16.11,0.08,6.12,3,5,5,5,1,0.0,0.0,0.5,0.0,1.0,1.5,1.29,0.49
7169,10,337,676,0.08,0.08,-8,59,2.8,4.54,0.06,0.05,11.23,0.05,0.0,3,5,2,6,4,0.5,0.0,0.0,0.0,1.0,1.5,0.56,0.0
5195,10,26,78,0.04,-0.14,0,3,-80.84,-77.16,0.0,0.2,16.38,-0.12,0.0,0,0,5,10,1,0.0,0.0,0.5,0.0,1.0,1.5,-1.97,-0.0
5230,10,198,337,0.04,0.07,8,30,4.91,9.33,0.01,0.0,10.84,0.04,10.54,4,0,5,4,2,0.0,0.0,0.5,0.0,1.0,1.5,0.43,0.42
5223,10,11,15,-0.12,0.04,1,4,5.99,1.98,0.12,0.12,34.42,0.16,37.12,5,0,4,5,1,0.0,0.0,0.5,0.0,1.0,1.5,5.51,5.94
7197,9,89,159,0.01,-0.13,8,9,-4.6,-8.91,0.54,0.58,8.85,-0.04,0.0,0,0,3,3,0,0.5,0.0,1.0,0.0,0.0,1.5,-0.35,-0.0
5243,10,349,671,-0.02,0.0,-7,211,0.4,1.19,0.33,0.36,15.08,0.0,0.0,0,0,4,8,3,0.0,0.0,0.5,0.0,1.0,1.5,0.0,0.0
7013,10,570,135,-0.61,-0.02,28,33,-40.25,-41.11,0.35,0.35,-1.38,-0.02,0.0,0,0,6,10,3,0.0,0.0,0.5,0.0,1.0,1.5,0.03,-0.0
7218,7,28,20,-0.01,-0.14,1,1,-14.29,-14.32,0.03,0.04,6.0,-0.12,0.0,0,0,5,6,1,0.0,0.0,0.5,0.0,1.0,1.5,-0.72,-0.0
6297,10,196,647,0.17,-0.09,0,0,3.71,-4.32,0.31,0.37,-94.86,0.08,0.0,3,0,1,7,10,0.5,0.0,0.0,0.0,1.0,1.5,-7.59,0.0
7099,8,128,153,0.28,0.03,3,-16,2.44,2.58,0.0,0.01,-4.25,0.04,0.0,3,0,3,7,5,0.5,0.0,0.0,0.0,1.0,1.5,-0.17,0.0
7097,7,540,252,-0.08,-0.04,-13,9,-10.47,-15.03,0.03,0.01,19.42,-0.03,0.0,0,0,6,5,3,0.0,0.0,0.5,0.0,1.0,1.5,-0.58,-0.0
6491,10,432,501,0.27,0.1,138,82,4.37,3.64,0.06,0.06,12.52,0.12,0.0,3,5,3,6,1,0.5,0.0,0.0,0.0,1.0,1.5,1.5,0.0
6599,10,2894,4539,0.12,0.08,368,689,3.91,5.88,1.27,1.39,55.94,0.05,11.06,3,5,1,4,0,0.5,0.0,1.0,0.0,0.0,1.5,2.8,0.55
7095,10,287,659,0.07,0.1,21,94,4.54,8.29,0.0,0.0,42.44,0.05,0.46,0,1,5,5,2,0.0,0.0,0.5,0.0,1.0,1.5,2.12,0.02
7212,9,44,298,-0.08,-0.21,8,11,-82.34,-64.81,0.07,0.1,13.44,-0.17,0.0,0,0,3,6,5,0.5,0.0,0.0,0.0,1.0,1.5,-2.28,-0.0
7207,10,198,223,0.1,0.04,0,33,1.51,3.15,0.0,0.0,18.19,0.02,0.0,1,5,5,5,1,0.0,0.0,0.5,0.0,1.0,1.5,0.36,0.0
6009,10,559,234,0.17,-0.04,-55,11,-3.4,-3.51,0.32,0.32,4.83,-0.03,0.0,0,5,7,9,2,0.0,0.0,0.5,0.0,1.0,1.5,-0.14,-0.0
7186,9,145,131,-0.02,-0.01,-5,4,-1.57,-1.05,0.16,0.14,1.25,-0.01,0.0,0,0,6,6,2,0.0,0.0,0.5,0.0,1.0,1.5,-0.01,-0.0
7203,10,239,274,0.1,0.07,8,27,4.31,5.87,0.03,0.0,16.7,0.05,10.38,3,5,4,6,2,0.0,0.0,0.5,0.0,1.0,1.5,0.84,0.52
7081,10,1374,2821,0.12,-0.57,0,0,-41.91,-35.23,0.01,0.01,20.32,-0.55,0.0,0,3,2,6,10,0.5,0.0,0.0,0.0,1.0,1.5,-11.18,-0.0
7191,9,342,30,0.24,0.15,57,2,-14.0,36.74,0.01,0.03,17.56,-0.06,3.71,0,5,4,6,4,0.0,0.0,0.0,0.5,1.0,1.5,-1.05,-0.22
7200,10,168,174,0.03,-0.05,21,22,3.07,-8.32,0.1,0.11,5.8,0.02,0.0,1,0,4,7,2,0.0,0.0,0.5,0.0,1.0,1.5,0.12,0.0
7045,10,467,321,0.44,-0.4,0,49,-99.45,-62.24,0.02,0.03,-4.46,-0.44,0.0,0,0,8,10,3,0.0,0.0,0.5,0.0,1.0,1.5,1.96,-0.0
7048,10,745,835,0.12,0.02,67,63,-7.89,1.18,0.25,0.21,103.7,-0.14,0.0,0,5,3,7,1,0.5,0.0,0.0,0.0,1.0,1.5,-14.52,-0.0
7195,10,321,2,-0.05,0.1,-11,25,-38.82,85.13,0.0,0.0,-7.88,-0.03,0.0,0,0,7,9,4,0.0,0.0,0.0,0.5,1.0,1.5,0.24,-0.0
6068,10,379,425,-0.04,0.07,5,28,6.25,10.29,0.17,0.16,2.0,0.05,0.0,4,3,7,9,2,0.0,0.0,0.5,0.0,1.0,1.5,0.1,0.0
7222,10,86,67,0.1,0.01,3,13,1.84,0.87,0.02,0.02,115.62,0.03,0.0,0,2,5,6,2,0.0,0.0,0.5,0.0,1.0,1.5,3.47,0.0
7149,10,97,49,0.18,0.01,11,11,2.42,1.09,0.0,0.0,53.92,0.02,0.0,0,0,8,7,1,0.0,0.0,0.5,0.0,1.0,1.5,1.08,0.0
7128,9,71,197,0.02,0.0,3,14,4.21,0.09,0.14,0.17,18.92,0.03,0.0,3,0,4,5,1,0.0,0.0,0.5,0.0,1.0,1.5,0.57,0.0
5250,10,1314,2361,0.02,0.05,0,0,39.97,55.67,10.29,5.45,19.25,0.03,2.95,0,2,1,3,10,0.5,0.0,0.0,1.0,0.0,1.5,0.58,0.09
5257,7,246,374,0.13,0.06,5,68,4.11,8.07,0.17,0.2,7.75,0.03,0.0,2,0,5,7,2,0.0,0.0,0.5,0.0,1.0,1.5,0.23,0.0
7146,10,50,63,-0.03,0.0,1,16,-4.07,-1.51,0.07,0.01,-0.75,-0.01,0.0,0,0,5,10,3,0.0,0.0,0.5,0.0,1.0,1.5,0.01,-0.0
5258,10,1771,3462,0.21,0.45,579,248,10.06,14.41,0.41,0.42,12.08,0.37,4.66,3,5,3,4,4,0.5,0.0,0.0,0.0,1.0,1.5,4.47,1.72
5260,7,83,91,0.09,-0.12,13,15,-14.44,-15.09,0.52,0.54,18.75,-0.11,0.0,0,0,3,6,0,0.5,0.0,1.0,0.0,0.0,1.5,-2.06,-0.0
7174,10,491,1680,0.03,0.0,23,50,0.63,0.6,0.6,0.6,2.38,0.0,0.0,0,0,2,6,0,0.5,0.0,1.0,0.0,0.0,1.5,0.0,0.0
5272,10,175,1630,-0.03,0.08,8,350,11.91,14.34,1.65,1.84,15.0,0.07,0.44,3,5,3,8,0,0.5,0.0,1.0,0.0,0.0,1.5,1.05,0.03
5274,10,127,232,0.16,0.39,-104,134,12.73,11.5,0.14,0.14,22.78,0.47,4.23,3,5,3,5,4,0.5,0.0,0.0,0.0,1.0,1.5,10.71,1.99
7180,9,153,300,-0.02,0.06,-3,-2,10.54,17.15,0.1,0.16,61.75,0.07,22.91,2,0,4,5,6,0.0,0.0,0.0,0.5,1.0,1.5,4.32,1.6
5878,10,1655,3565,0.03,0.05,188,590,8.66,10.9,1.27,1.4,105.12,0.04,3.27,2,3,1,5,0,0.5,0.0,1.0,0.0,0.0,1.5,4.2,0.13
5291,5,69,79,0.03,0.03,10,9,5.84,6.69,0.15,0.18,6.5,0.02,0.0,2,3,2,3,0,0.5,0.0,0.0,0.0,1.0,1.5,0.13,0.0
7108,10,255,240,-0.14,-0.03,-104,54,-5.77,-3.38,0.1,0.11,-44.06,-0.02,0.0,0,0,4,9,1,0.0,0.0,0.5,0.0,1.0,1.5,0.88,-0.0
5347,10,30320,50939,0.59,0.8,7970,19458,5.63,7.82,1.35,1.2,42.45,0.53,16.16,3,5,1,5,0,0.5,0.0,1.0,0.0,0.0,1.5,22.5,8.56
5436,10,853,860,0.64,0.3,53,90,11.15,7.75,0.02,0.0,12.11,0.34,0.0,3,4,4,5,1,0.0,0.0,0.5,0.0,1.0,1.5,4.12,0.0
5517,10,422,524,0.16,0.14,133,132,-3.32,5.97,0.0,0.0,29.18,-0.07,6.05,0,5,3,7,0,0.5,0.0,0.0,0.0,1.0,1.5,-2.04,-0.42
7229,10,385,688,0.16,0.37,-1,54,7.02,12.02,0.06,0.03,7.43,0.22,2.84,4,5,4,4,1,0.0,0.0,0.5,0.0,1.0,1.5,1.63,0.62
7227,10,68,63,0.03,0.05,1,9,5.26,4.08,0.01,0.02,10.51,0.07,6.65,3,4,4,4,1,0.0,0.0,0.5,0.0,1.0,1.5,0.74,0.47
5797,10,402,443,0.13,-0.01,14,96,1.33,-0.22,0.0,0.0,-46.7,0.05,0.0,2,0,4,6,3,0.0,0.0,0.5,0.0,1.0,1.5,-2.34,0.0
5576,10,216,258,0.0,0.0,2,36,0.28,0.65,0.07,0.07,25.05,0.0,0.0,0,0,5,6,1,0.0,0.0,0.5,0.0,1.0,1.5,0.0,0.0
0001,9,35,123,0.02,0.03,4,24,8.59,9.65,0.0,0.0,23.0,0.03,45.86,0,0,2,4,5,0.5,0.0,0.0,0.0,1.0,1.5,0.69,1.38
5078,10,29,54,-0.46,-0.07,0,0,15.19,-74.51,4.18,0.48,-10.62,0.02,0.0,5,0,6,10,10,0.0,0.0,0.0,1.0,0.5,1.5,-0.21,0.0
8931,10,317,377,0.1,-0.72,5,-40,-99.0,-47.79,0.0,0.0,5.21,-1.03,0.0,0,0,3,6,5,0.5,0.0,0.0,0.0,1.0,1.5,-5.37,-0.0
3689,10,3915,3988,1.06,1.11,421,343,14.73,15.72,0.0,0.0,25.92,1.14,7.89,2,2,4,5,0,0.0,0.0,0.0,0.5,1.0,1.5,29.55,8.99
0148,8,33,241,0.01,-0.03,-1,-11,-20.31,-16.39,0.17,0.17,7.25,-0.03,0.0,0,0,3,7,5,0.5,0.0,0.0,0.0,1.0,1.5,-0.22,-0.0
0203,5,17,31,0.01,0.0,1,-1,-3.2,5.29,0.0,0.01,0.0,-0.0,0.0,0,0,3,2,2,0.5,0.0,0.0,0.0,1.0,1.5,-0.0,-0.0
0132,6,13,55,0.0,-0.02,4,-4,-32.75,-30.82,0.25,0.29,-3.0,-0.01,0.0,0,0,1,6,2,0.5,0.0,0.0,0.0,1.0,1.5,0.03,-0.0
1171,10,442,1387,0.13,0.11,35,3058,5.98,8.76,0.33,0.35,12.07,0.08,8.1,4,5,3,3,4,0.5,0.0,0.0,0.0,1.0,1.5,0.97,0.65
0119,6,15,91,-0.1,0.0,-4,6,-1.51,-0.98,0.0,0.0,-9.9,-0.0,0.0,0,0,3,6,5,0.5,0.0,0.0,0.0,1.0,1.5,0.0,-0.0
3301,10,1803,2291,0.71,0.54,429,423,8.63,10.24,0.01,0.01,18.19,0.48,17.35,3,5,2,4,0,0.5,0.0,0.0,0.0,1.0,1.5,8.73,8.33
0111,10,133,97,0.02,0.01,-3,7,-0.81,5.95,0.0,0.0,6.75,-0.0,12.85,0,0,5,10,3,0.0,0.0,0.5,0.0,1.0,1.5,-0.0,-0.0
4235,10,4949,2318,0.32,-0.57,-121,16,-25.53,-26.7,0.07,0.05,-8.2,-0.46,0.0,0,0,7,9,3,0.0,0.0,0.5,0.0,1.0,1.5,3.77,-0.0
4324,10,10376,12637,0.35,0.12,181,1317,4.7,1.73,0.26,0.3,10.18,0.34,0.0,3,0,6,8,3,0.0,0.0,0.5,0.0,1.0,1.5,3.46,0.0
8907,10,850,1003,0.03,-0.05,13,25,-2.7,-4.67,0.08,0.02,18.45,-0.03,0.0,0,0,4,7,3,0.0,0.0,0.5,0.0,1.0,1.5,-0.55,-0.0
0084,7,20,29,0.0,0.02,3,2,10.9,13.1,0.0,0.01,23.12,0.01,2.62,0,3,3,3,1,0.5,0.0,0.0,0.0,1.0,1.5,0.23,0.03
0105,10,36,73,0.02,-0.01,-6,7,4.16,-5.65,0.15,0.0,5.5,0.01,0.0,2,0,5,7,3,0.0,0.0,0.5,0.0,1.0,1.5,0.06,0.0
0104,9,155,80,0.12,0.0,-6,10,1.49,-0.22,0.11,0.12,2.78,0.03,0.0,0,0,6,8,3,0.0,0.0,0.5,0.0,1.0,1.5,0.08,0.0
4758,10,1507,1466,-0.05,-0.04,27,126,-0.66,-3.09,0.21,0.26,12.19,-0.01,0.0,0,0,5,9,2,0.0,0.0,0.5,0.0,1.0,1.5,-0.12,-0.0
4898,10,497,882,0.06,0.09,32,64,-7.22,6.06,0.15,0.21,10.2,-0.1,4.08,0,2,4,6,1,0.0,0.0,0.5,0.0,1.0,1.5,-1.02,-0.41
0100,9,20,35,0.0,0.01,8,5,11.0,4.42,0.01,0.01,28.75,0.02,2.41,1,0,3,3,1,0.5,0.0,0.0,0.0,1.0,1.5,0.58,0.05
0196,6,105,161,0.01,0.0,10,8,7.69,3.74,0.04,0.05,5.38,0.01,0.0,0,0,2,4,0,0.5,0.0,0.0,0.0,1.0,1.5,0.05,0.0
8605,10,40,116,0.0,0.02,0,-6,3.58,5.82,0.04,0.04,24.62,0.03,4.57,2,0,3,6,3,0.5,0.0,0.0,0.0,1.0,1.5,0.74,0.14
5010,10,344,647,0.2,0.13,-40,91,6.21,4.28,0.03,0.04,-41.73,0.19,6.86,3,5,4,5,2,0.0,0.0,0.5,0.0,1.0,1.5,-7.93,1.3
0086,6,7,3,-0.02,-0.01,-1,2,-0.64,-12.81,0.0,0.0,-9.0,-0.03,0.0,0,0,3,6,2,0.0,0.0,0.5,0.0,1.0,1.5,0.27,-0.0
8532,10,307,9,0.33,0.01,0,18,-0.43,1.76,0.0,0.0,33.72,-0.0,0.0,0,0,7,9,2,0.0,0.0,0.5,0.0,1.0,1.5,-0.0,-0.0
3247,10,309,334,0.14,0.02,15,17,-6.71,0.99,0.09,0.07,-9.75,-0.12,0.0,0,0,5,8,2,0.0,0.0,0.5,0.0,1.0,1.5,1.17,-0.0
9237,7,57,86,-0.01,0.01,3,2,4.14,6.25,0.13,0.38,53.5,0.05,19.33,0,1,2,6,2,0.5,0.0,0.0,0.0,1.0,1.5,2.68,0.97
3042,10,8427,11457,0.99,0.66,319,868,-1.55,10.25,0.02,0.02,-2.0,-0.1,1.98,0,3,6,8,2,0.0,0.0,0.5,0.0,1.0,1.5,0.2,-0.2
0154,8,37,27,0.02,-0.01,1,11,-50.0,-29.85,0.01,0.01,4.0,-0.01,0.0,0,0,4,7,3,0.0,0.0,0.5,0.0,1.0,1.5,-0.04,-0.0
0202,5,66,82,0.01,0.01,9,8,2.57,9.15,0.01,0.02,15.75,0.0,0.0,0,0,2,3,0,0.5,0.0,0.0,0.0,1.0,1.5,0.0,0.0
9741,10,173,474,0.4,0.04,11,14,-0.54,5.35,0.09,0.09,75.16,-0.0,0.0,0,4,5,5,2,0.0,0.0,0.5,0.0,1.0,1.5,-0.0,-0.0
0191,6,34,69,0.02,0.01,3,1,-1.29,5.1,0.11,0.11,11.5,-0.0,0.0,0,0,2,4,1,0.5,0.0,0.0,0.0,1.0,1.5,-0.0,-0.0
0188,7,46,144,0.04,0.01,7,8,8.86,9.61,0.01,0.03,1.75,0.01,0.0,0,0,3,7,4,0.5,0.0,0.0,0.0,1.0,1.5,0.02,0.0
9423,8,86,85,0.0,0.02,5,5,2.4,3.02,0.02,0.02,12.75,0.02,0.0,2,1,3,7,1,0.0,0.0,0.5,0.0,1.0,1.5,0.26,0.0
1481,10,222,274,0.01,0.08,33,15,12.46,16.58,0.2,0.18,2.25,0.06,8.74,5,3,4,9,3,0.0,0.0,0.0,0.5,1.0,1.5,0.14,0.52
9873,10,554,454,0.04,0.03,19,73,3.12,1.96,0.07,0.09,9.62,0.05,1.62,3,1,5,5,1,0.0,0.0,0.5,0.0,1.0,1.5,0.48,0.08
9881,10,217,297,0.04,-0.02,-26,4,6.46,-1.42,0.01,0.01,-3.0,0.07,0.0,4,0,4,9,3,0.0,0.0,0.5,0.0,1.0,1.5,-0.21,0.0
1562,10,3393,4636,0.27,0.1,0,0,17.54,18.19,1.34,1.38,15.57,0.1,0.0,2,5,3,8,10,0.5,0.0,0.0,1.0,0.0,1.5,1.56,0.0
1643,10,41,115,0.0,-0.19,-1,-20,-5.7,-5.75,0.07,0.07,-54.76,-0.19,0.0,0,0,2,10,9,0.5,0.0,0.0,0.0,1.0,1.5,10.4,-0.0
9946,9,136,149,-0.01,-0.03,1,17,-3.76,-8.78,0.12,0.12,38.0,-0.02,0.0,0,0,4,7,2,0.0,0.0,0.5,0.0,1.0,1.5,-0.76,-0.0
2143,10,26,11,0.05,0.06,88,37,-8.82,16.11,0.11,0.1,3.9,-0.03,8.17,0,0,7,7,4,0.0,0.0,0.0,0.5,1.0,1.5,-0.12,-0.25
0174,7,9,11,-0.02,-0.01,-2,0,-20.8,-18.72,0.22,0.22,-2.46,-0.01,0.0,0,0,2,7,5,0.5,0.0,0.0,0.0,1.0,1.5,0.02,-0.0
9369,10,109,87,0.22,0.05,-3,8,4.26,2.35,0.08,0.08,14.14,0.09,0.0,3,2,7,6,3,0.0,0.0,0.5,0.0,1.0,1.5,1.27,0.0
0166,10,155,1057,0.02,0.05,0,347,14.02,13.41,0.0,0.0,37.88,0.05,12.08,0,1,4,5,1,0.0,0.0,0.5,0.0,1.0,1.5,1.89,0.6
2755,10,36,21,0.05,0.07,-10,3,10.16,12.26,0.0,0.0,39.25,0.07,20.94,3,0,5,6,2,0.0,0.0,0.5,0.0,1.0,1.5,2.75,1.47
0160,8,39,51,0.01,0.01,1,12,-3.47,3.01,0.21,0.22,12.75,-0.01,25.99,0,0,4,7,1,0.0,0.0,0.5,0.0,1.0,1.5,-0.13,-0.26
2828,10,581,2572,0.28,0.19,28,-81,14.89,13.75,0.06,0.07,-11.75,0.22,3.64,4,5,3,5,7,0.5,0.0,0.0,0.0,1.0,1.5,-2.58,0.8
9326,10,355,457,0.04,0.02,26,-27,2.89,1.31,0.12,0.13,17.32,0.04,0.0,3,2,2,5,3,0.5,0.0,0.0,0.0,1.0,1.5,0.69,0.0
0156,9,9,18,-0.01,-0.01,2,-2,-13.82,-6.55,0.0,0.0,-13.25,-0.02,0.0,0,0,3,8,7,0.5,0.0,0.0,0.0,1.0,1.5,0.26,-0.0
9296,10,210,283,0.35,0.32,73,38,15.03,17.6,1.67,1.62,14.46,0.3,0.78,4,5,2,3,5,0.5,0.0,0.0,1.0,0.0,1.5,4.34,0.23
5022,10,240,279,0.02,-0.01,19,5,-1.65,-1.42,0.0,0.0,17.0,-0.01,0.0,0,5,3,7,4,0.5,0.0,0.0,0.0,1.0,1.5,-0.17,-0.0
4952,10,10,39,0.1,0.06,8,16,2.03,4.53,0.45,0.44,52.92,0.03,8.35,1,0,6,6,1,0.0,0.0,0.5,0.0,1.0,1.5,1.59,0.25
5121,10,91,137,0.12,0.02,39,67,-0.96,1.84,0.92,0.9,78.54,-0.01,0.0,0,5,2,8,0,0.5,0.0,1.0,0.0,0.0,1.5,-0.79,-0.0
5134,10,501,666,0.21,0.23,34,30,7.01,5.35,0.01,0.01,16.76,0.32,3.06,3,1,3,5,0,0.5,0.0,0.0,0.0,1.0,1.5,5.36,0.98
6939,10,225,379,0.08,0.07,19,63,6.63,7.05,0.11,0.11,16.54,0.07,2.2,4,5,3,4,5,0.5,0.0,0.0,0.0,1.0,1.5,1.16,0.15
5110,10,42,79,0.12,0.05,0,55,3.54,2.77,0.4,0.0,14.68,0.05,0.0,2,5,4,6,1,0.0,0.0,0.5,0.0,1.0,1.5,0.73,0.0
5111,10,50,22,0.13,0.03,0,9,1.31,1.45,0.48,0.0,14.95,0.02,0.0,2,5,8,7,1,0.0,0.0,0.5,0.0,1.0,1.5,0.3,0.0
0056,10,69,133,0.02,0.01,3,20,-1.24,2.5,0.0,0.01,8.5,-0.0,0.0,0,0,5,7,3,0.0,0.0,0.5,0.0,1.0,1.5,-0.0,-0.0
5123,10,69,161,0.14,0.03,49,110,5.65,2.16,0.64,0.38,18.44,0.07,0.0,3,5,5,8,0,0.0,0.0,1.0,0.0,0.5,1.5,1.29,0.0
0048,8,61,31,0.0,0.0,8,8,-1.2,-1.55,0.23,0.25,-3.42,-0.0,0.0,0,0,4,8,1,0.0,0.0,0.5,0.0,1.0,1.5,0.0,-0.0
5125,10,336,603,0.05,0.05,37,136,3.2,5.78,0.08,0.09,10.96,0.03,8.4,3,2,7,7,1,0.0,0.0,0.5,0.0,1.0,1.5,0.33,0.25
7722,10,130,188,0.23,0.04,15,22,5.87,4.39,0.18,0.18,62.3,0.05,18.46,3,0,5,8,3,0.0,0.0,0.5,0.0,1.0,1.5,3.12,0.92
5133,10,634,575,0.08,0.19,-38,173,7.31,17.34,0.01,0.01,25.56,0.09,10.67,3,5,3,6,4,0.0,0.0,0.0,0.5,1.0,1.5,2.3,0.96
8478,6,61,65,-0.06,-0.03,1,-4,3.74,-9.4,0.06,0.05,18.84,0.01,0.0,0,0,3,5,2,0.5,0.0,0.0,0.0,1.0,1.5,0.19,0.0
0065,10,13,23,0.01,0.01,5,-23,8.24,9.01,0.0,0.0,93.0,0.01,0.49,0,3,2,6,1,0.5,0.0,0.0,0.0,1.0,1.5,0.93,0.0
5142,10,1523,2494,0.07,0.03,39,207,-54.73,2.49,0.6,0.45,46.36,-0.47,0.0,0,0,5,8,0,0.0,0.0,1.0,0.0,0.5,1.5,-21.79,-0.0
0024,7,136,140,0.03,-0.03,-2,-9,4.57,-7.78,0.12,0.14,8.66,0.02,0.0,3,0,3,6,4,0.5,0.0,0.0,0.0,1.0,1.5,0.17,0.0
0018,10,9,92,0.0,0.01,-2,20,-9.58,15.59,0.0,0.0,-6.0,-0.01,0.0,0,0,4,9,8,0.0,0.0,0.0,0.5,1.0,1.5,0.06,-0.0
0006,5,49,58,0.01,0.0,4,3,-9.11,0.09,0.12,0.0,-3.75,-0.04,0.0,0,0,2,5,3,0.5,0.0,0.0,0.0,1.0,1.5,0.15,-0.0
7544,9,211,133,0.0,-0.05,-20,8,-2.51,-2.99,0.12,0.06,57.9,-0.04,0.0,0,0,3,9,3,0.0,0.0,0.5,0.0,1.0,1.5,-2.32,-0.0
5162,10,1272,1802,0.17,0.17,29,47,10.52,9.93,0.0,0.0,6.8,0.19,0.12,3,3,4,7,1,0.0,0.0,0.5,0.0,1.0,1.5,1.29,0.02
5163,10,69,73,0.15,0.04,0,-2,16.71,15.6,1.09,0.49,4.18,0.05,0.0,3,0,5,8,6,0.0,0.0,0.0,1.0,0.5,1.5,0.21,0.0
7498,8,92,55,-0.03,-0.06,4,9,-3.4,-6.39,0.04,0.07,29.16,-0.03,0.0,0,0,6,6,1,0.0,0.0,0.5,0.0,1.0,1.5,-0.87,-0.0
5198,8,134,111,0.04,0.01,11,20,2.02,1.17,0.04,0.06,25.0,0.02,0.0,2,0,6,6,1,0.0,0.0,0.5,0.0,1.0,1.5,0.5,0.0
0060,9,10,142,-0.32,-0.12,0,-5,-10.27,-15.41,0.27,0.06,3.5,-0.02,0.0,0,0,3,9,8,0.5,0.0,0.0,0.0,1.0,1.5,-0.07,-0.0
0199,5,79,82,0.02,0.02,8,3,6.57,3.59,0.24,0.28,8.75,0.03,0.0,3,1,3,3,0,0.5,0.0,0.0,0.0,1.0,1.5,0.26,0.0
5208,10,164,284,0.07,0.07,6,20,4.68,9.64,0.1,0.1,14.8,0.07,0.0,3,5,5,6,1,0.0,0.0,0.5,0.0,1.0,1.5,1.04,0.0
5094,10,1035,1363,0.19,0.09,46,80,2.7,4.27,0.0,0.0,0.09,0.06,0.0,2,5,5,7,2,0.0,0.0,0.5,0.0,1.0,1.5,0.01,0.0
5079,10,56,22,0.04,-0.15,0,4,-51.53,-67.22,0.5,0.45,-0.62,-0.08,0.0,0,0,8,10,3,0.0,0.0,0.5,0.0,1.0,1.5,0.05,-0.0
8117,10,33,61,0.04,0.02,6,10,3.39,1.96,0.08,0.07,27.49,0.04,5.59,3,2,4,6,1,0.0,0.0,0.5,0.0,1.0,1.5,1.1,0.22
5072,10,1000,933,0.07,0.0,-22,121,1.65,0.5,0.0,0.0,4.75,0.01,0.0,1,0,5,8,2,0.0,0.0,0.5,0.0,1.0,1.5,0.05,0.0
5088,10,48,34,0.07,0.03,16,20,4.3,2.0,0.0,0.0,19.08,0.07,0.0,3,0,6,6,3,0.0,0.0,0.5,0.0,1.0,1.5,1.34,0.0
8303,10,86,55,-0.06,0.01,0,-19,8.0,183.25,0.18,0.21,3.25,0.01,0.0,2,2,7,10,7,0.0,0.0,0.0,0.5,1.0,1.5,0.03,0.0
5183,10,14586,16370,0.4,0.35,0,5544,4.96,9.31,0.09,0.08,17.96,0.19,2.52,1,3,5,4,2,0.0,0.0,0.5,0.0,1.0,1.5,3.41,0.48
5080,10,692,749,0.1,0.06,15,87,5.28,4.36,0.1,0.09,10.18,0.08,11.01,3,1,4,5,2,0.0,0.0,0.5,0.0,1.0,1.5,0.81,0.88
5107,9,149,120,0.07,-0.22,5,6,-9.83,-14.44,0.06,0.03,-7.5,-0.14,0.0,0,0,5,7,1,0.0,0.0,0.5,0.0,1.0,1.5,1.05,-0.0
8419,10,355,339,0.06,0.02,14,30,1.24,4.17,0.04,0.05,33.69,0.0,11.32,0,3,5,6,1,0.0,0.0,0.5,0.0,1.0,1.5,0.0,0.0
5098,10,1005,1195,0.07,-0.02,34,-41,-3.09,-1.2,0.2,0.2,0.62,-0.05,0.0,0,0,3,7,2,0.5,0.0,0.0,0.0,1.0,1.5,-0.03,-0.0
5099,10,3948,11860,0.38,-0.09,1619,2081,-259.29,-5.14,8.75,2.28,35.89,-0.91,0.0,0,0,1,6,0,0.5,0.0,1.0,0.0,0.0,1.5,-32.66,-0.0
7202,10,57,56,0.1,0.05,14,9,4.52,6.67,0.0,0.0,13.5,0.03,0.0,1,5,6,6,0,0.0,0.0,0.0,0.0,1.0,1.0,0.4,0.0
9954,10,8,77,-0.05,0.01,2,13,11.15,7.81,0.12,0.05,-5.66,0.02,0.0,2,0,4,10,5,0.0,0.0,0.0,0.0,1.0,1.0,-0.11,0.0
5060,10,1991,121,0.02,-0.01,15,4,3.42,0.0,0.0,0.0,20.5,-0.03,0.0,0,0,8,10,2,0.0,0.0,0.0,0.0,1.0,1.0,-0.62,-0.0
0028,10,21,20,0.02,-0.05,7,-2,-22.54,-27.68,0.03,0.04,-4.0,-0.03,0.0,0,0,5,9,4,0.0,0.0,0.0,0.0,1.0,1.0,0.12,-0.0
5273,5,1199,1056,0.07,0.03,40,15,3.17,4.3,0.18,0.19,12.0,0.03,0.0,0,1,4,4,1,0.0,0.0,0.0,0.0,1.0,1.0,0.36,0.0
9938,10,49,51,0.03,-0.01,11,5,-1.93,-1.06,0.0,0.0,14.25,-0.01,0.0,0,0,4,6,2,0.0,0.0,0.0,0.0,1.0,1.0,-0.14,-0.0
7170,8,26,19,-0.39,0.0,7,-6,-0.44,0.34,0.0,0.0,6.5,-0.0,0.0,0,0,6,7,3,0.0,0.0,0.0,0.0,1.0,1.0,-0.0,-0.0
7168,10,82,132,0.01,-0.14,8,-20,-9.57,-34.18,0.17,0.23,24.25,-0.04,0.0,0,0,5,7,4,0.0,0.0,0.0,0.0,1.0,1.0,-0.97,-0.0
3794,10,2483,2122,0.49,-0.38,693,-185,-5.75,-11.84,0.2,0.11,6.5,-0.15,0.0,0,0,6,7,2,0.0,0.0,0.0,0.0,1.0,1.0,-0.98,-0.0
1198,10,341,136,0.09,-0.11,116,69,-2.22,-6.13,0.02,0.03,11.96,-0.04,0.0,0,0,4,7,3,0.0,0.0,0.0,0.0,1.0,1.0,-0.48,-0.0
3379,10,236,203,0.15,0.02,50,126,3.29,0.85,0.02,0.02,17.66,0.09,0.0,4,3,5,6,6,0.0,0.0,0.0,0.0,1.0,1.0,1.59,0.0
0010,10,366,230,0.02,0.0,-36,-17,-3.8,4.91,0.04,0.07,10.25,-0.0,0.0,0,0,6,9,5,0.0,0.0,0.0,0.0,1.0,1.0,-0.0,-0.0
5592,10,40,24,0.02,-0.03,11,-3,-4.9,-3.09,0.0,0.0,-7.62,-0.05,0.0,0,0,9,8,4,0.0,0.0,0.0,0.0,1.0,1.0,0.38,-0.0
0053,10,15,6,-0.11,0.03,13,-6,5.26,3.46,0.0,0.0,-13.42,0.05,0.0,4,0,5,8,5,0.0,0.0,0.0,0.0,1.0,1.0,-0.67,0.0
8397,10,288,597,0.07,0.0,-12,91,-0.54,0.1,1.13,1.06,32.78,-0.01,0.0,0,0,3,6,1,0.5,0.0,0.5,0.0,0.0,1.0,-0.33,-0.0
7811,10,285,225,0.28,0.03,44,30,-1.0,2.15,0.25,0.24,12.43,-0.01,0.0,0,4,7,7,0,0.0,0.0,0.0,0.0,1.0,1.0,-0.12,-0.0
5568,10,169,89,0.08,0.03,19,-4,2.38,2.4,0.0,0.0,-5.41,0.03,0.59,3,0,5,6,4,0.0,0.0,0.0,0.0,1.0,1.0,-0.16,0.02
7245,10,75,388,0.01,-0.21,18,0,-41.47,-51.6,0.1,0.1,17.84,-0.08,0.0,0,0,4,7,5,0.0,0.0,0.0,0.0,1.0,1.0,-1.43,-0.0
7188,9,13,9,-0.03,-0.05,0,2,-16.79,-25.23,0.09,0.09,-12.84,-0.02,0.0,0,0,3,9,6,0.0,0.0,0.0,0.0,1.0,1.0,0.26,-0.0
7173,10,94,91,0.09,0.04,5,3,0.0,3.87,0.01,0.01,33.86,0.03,46.29,0,0,7,7,3,0.0,0.0,0.0,0.0,1.0,1.0,1.02,1.39
7187,9,154,140,0.04,0.01,6,-10,3.5,3.19,0.02,0.02,0.5,0.01,0.0,0,0,6,7,4,0.0,0.0,0.0,0.0,1.0,1.0,0.0,0.0
7182,10,128,25,0.01,0.0,0,0,4.27,0.0,0.0,0.0,10.75,-0.0,0.0,0,0,8,10,7,0.0,0.0,0.0,0.0,1.0,1.0,-0.0,-0.0
0069,6,120,121,0.17,-0.17,24,-39,8.13,-15.02,0.01,0.02,3.91,0.01,0.0,0,0,4,4,3,0.0,0.0,0.0,0.0,1.0,1.0,0.04,0.0
7183,10,68,59,0.0,-0.12,0,9,1.06,-40.63,0.06,0.42,41.5,0.0,0.0,0,0,7,9,5,0.0,0.0,0.0,0.0,1.0,1.0,0.0,0.0
7184,10,49,14,-0.01,-0.03,-3,-11,-42.14,-36.25,0.0,0.01,-46.5,-0.03,0.0,0,0,7,10,7,0.0,0.0,0.0,0.0,1.0,1.0,1.4,-0.0
0098,9,32,95,0.0,-0.15,7,17,-140.9,-86.18,0.09,0.09,-4.0,-0.14,0.0,0,0,4,8,5,0.0,0.0,0.0,0.0,1.0,1.0,0.56,-0.0
5005,10,1395,1251,0.27,-0.01,267,161,3.45,-0.69,0.09,0.08,-89.84,0.07,0.0,0,0,6,8,0,0.0,0.0,0.0,0.0,1.0,1.0,-6.29,0.0
7412,10,93,104,-0.03,-0.05,-3,-1,-1.77,-4.04,0.1,0.1,2.0,-0.02,0.0,0,0,4,8,5,0.0,0.0,0.0,0.0,1.0,1.0,-0.04,-0.0
9601,10,241,181,0.09,-0.02,-6,10,-15.5,-22.17,0.14,0.16,-1.45,-0.01,0.0,0,0,6,10,6,0.0,0.0,0.0,0.0,1.0,1.0,0.01,-0.0
7239,10,42,31,0.02,0.01,4,0,-31.53,1.7,0.16,0.18,-5.75,-0.11,0.0,0,0,5,10,4,0.0,0.0,0.0,0.0,1.0,1.0,0.63,-0.0
8567,10,550,191,0.04,-0.01,2,43,-0.78,-1.97,0.02,0.01,19.75,-0.0,0.0,0,0,7,7,7,0.0,0.0,0.0,0.0,1.0,1.0,-0.0,-0.0
8486,10,933,412,0.9,0.14,-350,33,5.73,5.62,0.0,0.0,67.22,0.15,29.13,5,0,6,6,7,0.0,0.0,0.0,0.0,1.0,1.0,10.08,4.37
8443,9,106,155,0.0,0.06,23,-8,6.5,6.29,0.0,0.0,4.5,0.07,1.72,3,1,4,6,2,0.0,0.0,0.0,0.0,1.0,1.0,0.32,0.12
8435,10,140,80,0.02,-0.24,15,4,-25.25,-20.67,0.02,0.03,-29.5,-0.26,0.0,0,0,7,9,3,0.0,0.0,0.0,0.0,1.0,1.0,7.67,-0.0
7232,10,97,80,0.02,0.03,14,10,1.96,2.66,0.03,0.03,18.56,0.02,4.25,3,5,5,6,1,0.0,0.0,0.0,0.0,1.0,1.0,0.37,0.08
8362,10,66,91,0.2,-0.06,51,6,-6.56,-9.76,0.3,0.31,-33.0,-0.04,0.0,0,0,5,10,3,0.0,0.0,0.0,0.0,1.0,1.0,1.32,-0.0
7234,10,92,148,0.01,-0.31,0,15,-26.37,-33.23,0.03,0.03,17.12,-0.19,0.0,0,0,4,6,5,0.0,0.0,0.0,0.0,1.0,1.0,-3.25,-0.0
8338,10,45,35,-0.02,-0.03,-5,-5,-49.67,-56.22,0.01,0.01,-18.0,-0.01,0.0,0,0,6,10,10,0.0,0.0,0.0,0.0,1.0,1.0,0.18,-0.0
7165,7,135,9,0.0,-0.02,-2,-15,-1.69,-4.71,0.0,0.0,-38.75,-0.01,0.0,0,0,5,7,6,0.0,0.0,0.0,0.0,1.0,1.0,0.39,-0.0
8079,10,61,102,0.01,0.05,18,11,13.91,14.8,0.1,0.16,10.58,0.05,15.2,3,4,4,3,0,0.0,0.0,0.0,0.0,1.0,1.0,0.53,0.76
8044,8,51,30,0.03,-0.05,4,-2,-2.34,-4.17,0.0,0.0,21.25,-0.03,0.0,0,0,7,8,4,0.0,0.0,0.0,0.0,1.0,1.0,-0.64,-0.0
7986,9,14,16,-0.09,0.0,-3,-1,-8.64,-0.03,0.0,0.01,-11.12,-0.07,0.0,0,0,5,9,7,0.0,0.0,0.0,0.0,1.0,1.0,0.78,-0.0
7943,7,26,22,-0.02,-0.01,1,2,-1.24,-2.64,0.0,0.0,-5.0,-0.0,0.0,0,0,3,7,4,0.0,0.0,0.0,0.0,1.0,1.0,0.0,-0.0
7935,9,88,63,-0.29,-0.08,-4,1,-3.29,-10.54,0.01,0.02,26.0,-0.02,0.0,0,0,6,9,5,0.0,0.0,0.0,0.0,1.0,1.0,-0.52,-0.0
8672,9,208,109,0.07,-0.01,18,-3,-3.06,-1.13,0.24,0.23,5.0,-0.03,0.0,0,0,7,6,2,0.0,0.0,0.0,0.0,1.0,1.0,-0.15,-0.0
7240,9,165,62,0.06,-0.13,4,-29,-24.96,-21.42,0.04,0.04,9.0,-0.11,0.0,0,0,6,9,1,0.0,0.0,0.0,0.0,1.0,1.0,-0.99,-0.0
7241,10,54,30,0.02,0.0,15,0,-15.43,-1.51,0.07,0.04,26.0,-0.04,0.0,0,0,6,8,4,0.0,0.0,0.0,0.0,1.0,1.0,-1.04,-0.0
7246,10,116,107,0.03,-0.03,11,-3,-2.06,-3.89,0.22,0.23,15.42,-0.01,0.0,0,0,5,7,2,0.0,0.0,0.0,0.0,1.0,1.0,-0.15,-0.0
7773,10,588,484,0.16,-0.1,121,35,-7.1,-5.65,0.13,0.13,8.46,-0.11,0.0,0,0,7,8,0,0.0,0.0,0.0,0.0,1.0,1.0,-0.93,-0.0
7757,10,129,152,0.18,0.14,20,18,2.96,4.14,0.0,0.0,12.78,0.1,0.0,2,5,5,4,0,0.0,0.0,0.0,0.0,1.0,1.0,1.28,0.0
7692,10,10,8,-0.02,0.01,6,1,-7.41,1.78,0.06,0.06,2.5,-0.06,0.0,0,0,5,9,0,0.0,0.0,0.0,0.0,1.0,1.0,-0.15,-0.0
7676,9,76,17,0.05,-0.05,41,3,-4.67,-12.29,0.02,0.02,-16.66,-0.02,0.0,0,0,3,7,1,0.0,0.0,0.0,0.0,1.0,1.0,0.33,-0.0
7251,9,190,221,-0.26,0.03,0,19,-17.98,0.0,0.0,0.0,6.78,0.03,6.1,5,0,7,9,4,0.0,0.0,0.0,0.0,1.0,1.0,0.2,0.18
7609,10,330,325,0.07,0.02,16,14,0.33,1.46,0.0,0.0,37.15,0.0,0.0,0,0,4,6,0,0.0,0.0,0.0,0.0,1.0,1.0,0.0,0.0
7579,10,154,315,0.03,-0.06,16,24,-10.08,-10.02,0.11,0.12,8.75,-0.06,0.0,0,1,4,5,4,0.0,0.0,0.0,0.0,1.0,1.0,-0.52,-0.0
7253,10,49,99,0.18,-0.11,0,-12,-34.36,-31.91,0.02,0.02,7.25,-0.12,0.0,0,0,6,9,3,0.0,0.0,0.0,0.0,1.0,1.0,-0.87,-0.0
7471,10,229,60,0.01,-0.03,25,3,0.78,-3.22,0.16,0.12,1.5,0.01,0.0,3,0,9,10,3,0.0,0.0,0.0,0.0,1.0,1.0,0.02,0.0
7315,10,25,10,0.02,-0.04,0,-2,-21.61,-23.68,0.16,0.16,8.75,-0.03,0.0,0,0,7,9,5,0.0,0.0,0.0,0.0,1.0,1.0,-0.26,-0.0
8648,9,53,31,0.01,-0.01,6,-2,-5.0,-5.78,0.0,0.0,6.0,-0.01,0.0,0,0,6,7,4,0.0,0.0,0.0,0.0,1.0,1.0,-0.06,-0.0
8745,9,56,15,-0.09,-0.04,5,-4,-31.0,-30.73,0.0,0.0,-12.78,-0.03,0.0,0,0,6,9,5,0.0,0.0,0.0,0.0,1.0,1.0,0.38,-0.0
7206,10,297,58,-0.09,0.01,0,-20,-15.08,0.0,0.36,0.0,41.44,-0.0,0.0,0,0,7,10,6,0.0,0.0,0.0,0.0,1.0,1.0,-0.0,-0.0
9288,10,461,345,0.18,0.01,54,49,1.08,0.75,0.2,0.21,29.5,0.02,0.0,0,3,4,5,0,0.0,0.0,0.0,0.0,1.0,1.0,0.59,0.0
9466,10,269,559,0.3,0.18,104,-15,12.39,14.99,0.0,0.0,14.25,0.16,17.87,4,5,6,7,3,0.0,0.0,0.0,0.0,1.0,1.0,2.28,2.86
7208,9,107,71,0.0,-0.02,2,-10,-4.76,-18.65,0.17,0.17,-10.62,-0.01,0.0,0,0,6,8,3,0.0,0.0,0.0,0.0,1.0,1.0,0.11,-0.0
7209,9,126,109,0.09,-0.03,10,1,1.63,-2.7,0.01,0.01,7.08,0.02,0.0,0,0,5,9,2,0.0,0.0,0.0,0.0,1.0,1.0,0.14,0.0
9407,9,51,56,0.0,0.04,4,-2,-1.72,6.84,0.34,0.28,-3.25,-0.01,0.0,0,0,5,8,3,0.0,0.0,0.0,0.0,1.0,1.0,0.03,-0.0
7211,8,36,27,-0.02,-0.05,3,-2,-14.53,-8.92,0.02,0.01,1.25,-0.07,0.0,0,0,5,8,5,0.0,0.0,0.0,0.0,1.0,1.0,-0.09,-0.0
9393,10,53,15,-0.04,-0.02,-1,-2,-49.43,-15.32,0.03,0.0,-2.11,-0.03,0.0,0,0,6,10,9,0.0,0.0,0.0,0.0,1.0,1.0,0.06,-0.0
9377,10,52,1,-0.17,0.0,-16,0,-15.67,-11.08,0.0,0.0,-2.66,-0.0,0.0,0,0,8,10,10,0.0,0.0,0.0,0.0,1.0,1.0,0.0,-0.0
7214,10,421,419,0.04,0.05,17,-28,5.1,5.66,0.4,0.0,9.27,0.04,2.01,3,5,6,3,2,0.0,0.0,0.0,0.0,1.0,1.0,0.37,0.08
7215,7,55,31,0.01,-0.02,6,-1,1.46,-6.87,0.0,0.0,8.0,0.0,0.0,0,0,4,6,2,0.0,0.0,0.0,0.0,1.0,1.0,0.0,0.0
9342,9,9,6,0.27,0.0,-12,1,-4.9,-2.39,0.0,0.0,-13.6,-0.01,0.0,0,0,6,9,8,0.0,0.0,0.0,0.0,1.0,1.0,0.14,-0.0
7217,10,96,121,0.05,0.02,20,12,3.45,1.64,0.18,0.15,4.62,0.05,0.0,3,0,5,5,3,0.0,0.0,0.0,0.0,1.0,1.0,0.23,0.0
7439,10,167,274,0.16,0.08,-2,-26,7.02,6.24,0.22,0.27,13.34,0.1,0.0,3,0,5,8,5,0.0,0.0,0.0,0.0,1.0,1.0,1.33,0.0
7219,10,126,82,-0.02,-0.01,0,-4,-15.75,-15.87,0.12,0.17,0.75,-0.01,0.0,0,0,6,10,4,0.0,0.0,0.0,0.0,1.0,1.0,-0.01,-0.0
7221,9,147,137,0.01,0.0,12,10,2.28,0.34,0.06,0.07,-6.0,0.03,0.0,3,0,4,9,1,0.0,0.0,0.0,0.0,1.0,1.0,-0.18,0.0
8869,10,1699,8805,0.04,0.12,108,1459,11.88,13.73,1.06,0.88,122.62,0.11,14.15,0,0,2,6,2,0.5,0.0,0.5,0.0,0.0,1.0,13.49,1.56
9199,10,59,76,0.21,0.22,9,5,2.13,6.04,0.0,0.0,9.83,0.08,0.0,1,3,5,6,1,0.0,0.0,0.0,0.0,1.0,1.0,0.79,0.0
7223,8,78,47,0.0,-0.03,8,-9,-23.82,-28.05,0.17,0.12,2.5,-0.03,0.0,0,0,7,8,3,0.0,0.0,0.0,0.0,1.0,1.0,-0.08,-0.0
9148,9,23,23,0.12,-0.01,4,1,1.32,-0.49,0.0,0.0,-94.6,0.02,0.0,0,0,4,4,0,0.0,0.0,0.0,0.0,1.0,1.0,-1.89,0.0
9113,10,77,24,-0.04,0.03,0,0,6.7,9.36,0.03,0.03,-1.16,0.02,0.0,2,0,6,10,7,0.0,0.0,0.0,0.0,1.0,1.0,-0.02,0.0
7226,7,24,12,0.0,0.02,0,-1,3.31,3.39,0.01,0.01,-5.0,0.02,4.9,2,0,4,6,5,0.0,0.0,0.0,0.0,1.0,1.0,-0.1,0.1
9091,8,78,53,-0.02,0.01,28,4,-1.9,1.36,0.05,0.05,4.0,-0.01,0.0,0,0,5,5,2,0.0,0.0,0.0,0.0,1.0,1.0,-0.04,-0.0
9083,9,139,176,-0.04,-0.03,-16,2,-12.44,-6.75,0.28,0.23,-3.05,-0.04,0.0,0,0,6,9,4,0.0,0.0,0.0,0.0,1.0,1.0,0.12,-0.0
9075,9,58,50,-0.15,0.0,-1,3,9.75,0.26,0.05,0.02,9.75,0.06,0.0,3,0,5,9,4,0.0,0.0,0.0,0.0,1.0,1.0,0.58,0.0
9016,10,326,42,0.15,-0.21,47,-34,-9.72,-8.09,0.03,0.02,-12.84,-0.24,0.0,0,0,6,7,4,0.0,0.0,0.0,0.0,1.0,1.0,3.08,-0.0
7228,10,542,230,0.02,0.02,76,-33,3.78,4.8,0.1,0.1,34.25,0.02,3.17,2,0,5,9,5,0.0,0.0,0.0,0.0,1.0,1.0,0.68,0.06
9008,9,295,256,-0.05,0.05,-8,-10,0.74,14.4,0.07,0.07,-4.0,0.0,0.0,0,0,4,9,6,0.0,0.0,0.0,0.0,1.0,1.0,-0.0,0.0
7230,10,356,534,0.16,0.06,-8,27,12.71,4.24,0.03,0.06,6.5,0.22,23.13,5,0,6,7,4,0.0,0.0,0.0,0.0,1.0,1.0,1.43,5.09
8885,10,504,66,0.0,-0.02,73,0,-10.42,-10.36,0.28,0.25,-9.12,-0.02,0.0,0,0,8,7,2,0.0,0.0,0.0,0.0,1.0,1.0,0.18,-0.0
9318,9,446,263,0.08,0.01,-16,26,-2.26,1.26,0.05,0.07,-1.75,-0.02,0.0,0,0,5,8,4,0.0,0.0,0.0,0.0,1.0,1.0,0.04,-0.0
5267,6,111,117,0.09,0.01,18,23,-3.29,0.59,0.54,0.51,46.28,-0.03,0.0,0,0,4,6,0,0.0,0.0,1.0,0.0,0.0,1.0,-1.39,-0.0
5037,10,638,5,-0.01,0.0,-15,-3,-6.75,-7.86,0.03,0.0,-0.75,-0.0,0.0,0,0,10,10,8,0.0,0.0,0.0,0.0,1.0,1.0,0.0,-0.0
5028,10,434,361,0.09,0.07,-29,-22,12.18,6.78,0.13,0.13,29.72,0.14,1.21,3,0,6,8,4,0.0,0.0,0.0,0.0,1.0,1.0,4.16,0.17
5021,10,226,768,0.27,-0.03,0,-8,-5.58,-3.96,0.05,0.13,4.88,-0.04,0.0,0,0,5,8,6,0.0,0.0,0.0,0.0,1.0,1.0,-0.2,-0.0
5015,10,1179,1497,0.64,0.14,168,74,-0.53,2.17,0.01,0.01,12.68,-0.03,0.0,0,5,4,9,0,0.0,0.0,0.0,0.0,1.0,1.0,-0.38,-0.0
5011,10,322,314,0.19,-0.01,10,131,5.44,-0.77,0.01,0.03,-51.0,0.1,0.0,3,0,7,8,4,0.0,0.0,0.0,0.0,1.0,1.0,-5.1,0.0
0081,10,12,6,-0.13,0.0,0,4,-14.09,1.63,0.01,0.02,4.97,-0.03,21.77,0,0,5,9,5,0.0,0.0,0.0,0.0,1.0,1.0,-0.15,-0.65
4995,8,61,47,0.02,-0.1,2,-4,-9.96,-37.66,0.01,0.01,-11.0,-0.03,0.0,0,0,3,8,4,0.0,0.0,0.0,0.0,1.0,1.0,0.33,-0.0
4944,10,1227,1136,0.07,-0.13,-6,93,-5.86,-7.4,0.11,0.14,-8.0,-0.1,0.0,0,0,4,6,4,0.0,0.0,0.0,0.0,1.0,1.0,0.8,-0.0
0083,10,237,243,0.11,0.01,49,35,1.46,1.5,0.11,0.11,45.58,0.01,0.0,0,0,5,6,1,0.0,0.0,0.0,0.0,1.0,1.0,0.46,0.0
4634,10,903,2355,0.14,-0.21,107,103,-17.91,-9.06,0.36,0.12,12.78,-0.32,0.0,0,0,4,6,0,0.0,0.0,0.0,0.0,1.0,1.0,-4.09,-0.0
4588,10,12820,11739,0.46,0.39,1002,255,7.05,9.84,0.34,0.45,-120.4,0.23,1.24,3,3,4,8,0,0.0,0.0,0.0,0.0,1.0,1.0,-27.69,0.29
4456,10,88,290,0.01,0.02,0,0,-3.42,6.5,0.04,0.05,7.5,-0.01,2.3,0,0,4,8,10,0.0,0.0,0.0,0.0,1.0,1.0,-0.08,-0.02
4405,10,3505,4172,0.35,0.07,-10,24,-3.23,1.49,0.2,0.19,0.65,-0.14,0.0,0,5,5,9,4,0.0,0.0,0.0,0.0,1.0,1.0,-0.09,-0.0
4359,8,39,18,-0.07,0.0,-3,0,0.45,0.38,0.28,0.29,1.5,0.0,0.0,0,0,5,7,4,0.0,0.0,0.0,0.0,1.0,1.0,0.0,0.0
4243,9,686,589,0.16,-0.23,78,17,-29.61,-10.65,0.19,0.11,4.78,-0.51,0.0,0,3,5,6,0,0.0,0.0,0.0,0.0,1.0,1.0,-2.44,-0.0
0085,9,3,8,-0.04,-0.16,0,-9,-77.33,-47.83,0.01,0.01,-2.98,-0.03,0.0,0,0,5,9,8,0.0,0.0,0.0,0.0,1.0,1.0,0.09,-0.0
4197,10,41859,36934,0.61,0.12,3393,3012,5.82,5.52,0.11,0.1,17.57,0.13,0.01,3,5,4,7,0,0.0,0.0,0.0,0.0,1.0,1.0,2.28,0.0
4081,10,79,55,-0.01,-0.01,-3,-7,-0.05,-2.79,0.0,0.0,-2.0,-0.0,0.0,0,0,6,7,5,0.0,0.0,0.0,0.0,1.0,1.0,0.0,-0.0
3905,10,794,850,0.54,-0.66,-44,135,3.95,-6.92,0.27,0.24,0.41,0.35,0.0,5,0,6,8,6,0.0,0.0,0.0,0.0,1.0,1.0,0.14,0.0
5025,10,23,7,-0.02,-0.02,3,-4,-16.91,-18.27,0.0,0.0,-18.6,-0.01,0.0,0,0,6,10,6,0.0,0.0,0.0,0.0,1.0,1.0,0.19,-0.0
5032,10,455,703,0.38,0.28,158,375,8.16,9.93,0.91,1.05,19.85,0.24,0.0,3,5,5,7,0,0.0,0.0,1.0,0.0,0.0,1.0,4.76,0.0
5131,10,323,170,0.19,0.11,81,75,7.98,8.19,0.0,0.0,14.1,0.1,1.01,3,5,7,5,0,0.0,0.0,0.0,0.0,1.0,1.0,1.41,0.1
5035,10,310,412,0.17,0.17,-3,16,4.99,7.66,0.03,0.02,28.4,0.11,9.33,4,0,5,7,4,0.0,0.0,0.0,0.0,1.0,1.0,3.12,1.03
5127,10,60,97,0.08,0.06,58,68,3.94,4.57,0.83,0.62,14.68,0.05,0.0,3,5,4,6,0,0.0,0.0,1.0,0.0,0.0,1.0,0.73,0.0
5120,10,89,116,0.1,0.03,63,69,2.49,2.8,0.58,0.53,18.75,0.03,2.02,3,5,4,5,0,0.0,0.0,1.0,0.0,0.0,1.0,0.56,0.06
5115,10,242,307,-0.02,-0.08,-69,-14,-20.26,-21.68,0.03,0.23,-5.75,-0.07,0.0,0,0,7,8,4,0.0,0.0,0.0,0.0,1.0,1.0,0.4,-0.0
5109,10,30,426,0.05,0.01,15,185,-0.52,0.36,0.79,0.8,-6.5,-0.01,0.0,0,5,4,7,0,0.0,0.0,1.0,0.0,0.0,1.0,0.06,-0.0
5104,10,134,67,0.0,-0.01,7,-2,-0.2,-7.23,0.02,0.02,-7.25,-0.0,0.0,0,0,8,9,3,0.0,0.0,0.0,0.0,1.0,1.0,0.0,-0.0
5101,9,1062,968,0.08,-0.05,132,34,-3.19,-3.66,0.06,0.07,6.0,-0.04,0.0,0,0,4,9,1,0.0,0.0,0.0,0.0,1.0,1.0,-0.24,-0.0
5100,10,221,331,0.1,0.11,22,17,14.35,11.39,0.0,0.0,10.8,0.16,2.68,4,5,4,7,2,0.0,0.0,0.0,0.0,1.0,1.0,1.73,0.43
5087,10,414,596,0.0,-0.03,75,54,-1.82,-2.7,0.09,0.1,-1.31,-0.02,0.0,0,0,4,8,2,0.0,0.0,0.0,0.0,1.0,1.0,0.03,-0.0
5082,10,124,46,-0.06,-0.15,14,-11,-23.81,-21.07,0.04,0.03,-6.62,-0.14,0.0,0,0,7,10,4,0.0,0.0,0.0,0.0,1.0,1.0,0.93,-0.0
0074,8,144,361,-0.01,0.0,1,-11,-11.59,9.16,0.0,0.0,-9.25,-0.01,81.71,0,0,4,8,7,0.0,0.0,0.0,0.0,1.0,1.0,0.09,-0.82
0079,9,7,9,-0.01,-0.01,0,3,-4.1,-3.86,0.01,0.01,-12.25,-0.01,0.0,0,0,4,9,8,0.0,0.0,0.0,0.0,1.0,1.0,0.12,-0.0
5071,10,675,211,0.42,-0.2,132,23,-12.55,-9.29,0.07,0.03,13.76,-0.25,0.0,0,0,5,8,0,0.0,0.0,0.0,0.0,1.0,1.0,-3.44,-0.0
5068,10,44,183,-0.08,0.0,-4,-10,2.67,5.24,0.0,0.01,-0.25,0.0,72.63,0,0,4,9,7,0.0,0.0,0.0,0.0,1.0,1.0,-0.0,0.0
5056,10,680,1117,0.12,0.0,16,110,0.19,-0.13,0.08,0.09,17.31,0.0,0.0,0,1,4,8,4,0.0,0.0,0.0,0.0,1.0,1.0,0.0,0.0
5048,10,132,117,0.09,-0.04,19,8,-1.31,-2.91,0.0,0.0,-5.88,-0.02,0.0,0,0,6,7,1,0.0,0.0,0.0,0.0,1.0,1.0,0.12,-0.0
7163,8,17,13,-0.4,0.0,-18,0,2.07,1.41,0.0,0.0,-0.34,0.01,0.0,1,0,4,7,7,0.0,0.0,0.0,0.0,1.0,1.0,-0.0,0.0
5036,9,50,45,-0.12,-0.06,1,9,-6.97,-13.85,0.21,0.23,-14.54,-0.03,0.0,0,0,5,9,4,0.0,0.0,0.0,0.0,1.0,1.0,0.44,-0.0
0093,9,11,19,0.0,0.0,3,-3,-1.45,-2.34,0.17,0.17,5.5,-0.0,0.0,0,0,5,6,3,0.0,0.0,0.0,0.0,1.0,1.0,-0.0,-0.0
3859,10,3616,2706,0.28,0.17,556,160,4.82,9.71,0.31,0.27,17.54,0.08,8.1,2,5,8,7,0,0.0,0.0,0.0,0.0,1.0,1.0,1.4,0.65
3816,10,13775,8963,0.17,0.32,0,5579,-1.06,4.07,0.31,0.22,29.89,-0.08,0.0,0,5,6,4,7,0.0,0.0,0.0,0.0,1.0,1.0,-2.39,-0.0
3778,10,755,597,0.03,0.0,33,59,1.63,-0.44,0.09,0.09,11.93,0.02,0.0,2,0,4,10,5,0.0,0.0,0.0,0.0,1.0,1.0,0.24,0.0
0117,9,44,141,0.05,-0.1,7,40,-28.59,-29.86,2.41,1.94,14.86,-0.07,0.0,0,0,3,9,1,0.5,0.0,0.5,0.0,0.0,1.0,-1.04,-0.0
0205,5,47,42,0.02,0.01,9,4,11.0,8.39,0.0,0.0,8.75,0.02,0.0,3,3,3,3,0,0.0,0.0,0.0,0.0,1.0,1.0,0.18,0.0
0183,6,193,161,0.09,-0.02,26,-14,-6.8,-5.41,0.01,0.01,3.38,-0.02,0.0,0,4,2,6,1,0.0,0.0,0.0,0.0,1.0,1.0,-0.07,-0.0
0182,6,39,55,0.02,0.01,7,-7,5.79,7.37,0.07,0.08,12.0,0.01,0.0,0,0,4,5,2,0.0,0.0,0.0,0.0,1.0,1.0,0.12,0.0
0181,6,33,19,0.02,-0.01,8,-1,-0.11,-4.11,0.13,0.13,-1.0,-0.0,0.0,0,0,5,6,4,0.0,0.0,0.0,0.0,1.0,1.0,0.0,-0.0
0177,9,26,29,0.01,-0.01,7,-5,-10.11,-15.85,0.22,0.26,3.5,-0.01,0.0,0,0,4,8,7,0.0,0.0,0.0,0.0,1.0,1.0,-0.04,-0.0
0169,8,6,2,-0.03,0.0,9,-4,-8.37,-5.72,0.0,0.0,-9.35,-0.01,0.0,0,0,5,8,7,0.0,0.0,0.0,0.0,1.0,1.0,0.09,-0.0
0168,10,99,230,0.03,0.05,10,-5,9.31,11.16,0.04,0.02,24.58,0.04,0.3,2,2,5,5,2,0.0,0.0,0.0,0.0,1.0,1.0,0.98,0.01
0167,10,30,59,0.1,-0.01,6,4,3.14,-9.79,0.16,0.16,-5.34,0.0,0.0,0,0,4,10,2,0.0,0.0,0.0,0.0,1.0,1.0,-0.0,0.0
0161,8,61,121,0.02,-0.01,5,7,-9.47,-9.75,0.57,0.22,1.12,-0.01,0.0,0,0,4,8,1,0.0,0.0,0.5,0.0,0.5,1.0,-0.01,-0.0
0152,6,15,6,-0.01,-0.1,0,-11,-17.4,-23.05,0.46,0.0,-9.22,-0.01,0.0,0,0,5,6,5,0.0,0.0,0.0,0.0,1.0,1.0,0.09,-0.0
0120,9,16,33,0.01,0.01,7,6,5.26,11.93,0.0,0.0,15.62,0.01,8.62,0,0,7,7,4,0.0,0.0,0.0,0.0,1.0,1.0,0.16,0.09
0145,9,34,88,0.0,-0.01,4,-10,-20.87,-39.92,0.0,0.02,16.0,-0.01,0.0,0,0,5,8,4,0.0,0.0,0.0,0.0,1.0,1.0,-0.16,-0.0
0143,10,74,11,0.01,-0.02,0,-5,-69.78,-68.64,0.0,0.03,-0.5,-0.02,0.0,0,0,6,10,10,0.0,0.0,0.0,0.0,1.0,1.0,0.01,-0.0
0140,6,540,65,0.0,-0.02,-12,-3,-24.45,-18.19,0.01,0.01,-10.27,-0.03,0.0,0,0,5,5,4,0.0,0.0,0.0,0.0,1.0,1.0,0.31,-0.0
0136,7,48,43,0.02,0.0,10,2,6.78,0.0,0.21,0.0,17.62,0.01,0.0,3,1,5,6,0,0.0,0.0,0.0,0.0,1.0,1.0,0.18,0.0
0133,9,9,21,-3.74,-0.02,-1,-18,-2.16,-8.25,0.16,0.15,-2.0,-0.0,0.0,0,0,5,8,9,0.0,0.0,0.0,0.0,1.0,1.0,0.0,-0.0
1023,10,11811,17522,0.49,0.47,-2999,862,3.32,8.44,0.79,0.87,13.44,0.18,1.69,2,5,2,4,2,0.5,0.0,0.5,0.0,0.0,1.0,2.42,0.3
0116,10,19,39,0.0,0.0,0,18,3.07,-4.49,0.08,0.09,0.0,0.0,0.0,0,0,5,10,9,0.0,0.0,0.0,0.0,1.0,1.0,0.0,0.0
1058,10,696,1364,0.32,0.13,27,13,3.3,3.15,0.0,0.0,16.63,0.14,0.0,3,5,4,7,2,0.0,0.0,0.0,0.0,1.0,1.0,2.33,0.0
0102,8,54,53,-0.02,-0.02,1,2,-8.57,-36.27,0.08,0.29,0.5,-0.01,0.0,0,0,4,8,5,0.0,0.0,0.0,0.0,1.0,1.0,-0.0,-0.0
0095,10,152,2,-0.23,-0.27,0,13,-16.75,-23.36,0.09,0.1,-0.49,-0.13,0.0,0,0,10,10,8,0.0,0.0,0.0,0.0,1.0,1.0,0.06,-0.0
3182,10,15195,21617,0.59,0.52,6281,6792,-1.56,5.73,1.09,0.85,16.37,-0.13,5.93,0,5,4,6,0,0.0,0.0,1.0,0.0,0.0,1.0,-2.13,-0.77
3107,10,298,243,0.33,0.05,92,18,2.46,2.09,0.03,0.02,17.57,0.06,0.0,2,5,5,6,1,0.0,0.0,0.0,0.0,1.0,1.0,1.05,0.0
3018,10,328,125,-0.02,-0.02,0,23,-12.78,-5.61,0.09,0.38,-1.75,-0.05,0.0,0,0,8,9,5,0.0,0.0,0.0,0.0,1.0,1.0,0.09,-0.0
2984,10,252,34,-0.08,0.03,-18,-5,1.05,1.0,0.01,0.01,37.34,0.03,0.0,0,0,6,8,5,0.0,0.0,0.0,0.0,1.0,1.0,1.12,0.0
2925,10,589,1143,0.27,-0.39,46,-4,-14.42,-14.46,0.35,0.48,21.29,-0.34,0.0,0,0,6,8,7,0.0,0.0,0.0,0.0,1.0,1.0,-7.24,-0.0
2879,10,1639,385,0.1,0.09,137,76,0.93,4.81,0.16,0.48,13.81,0.02,0.0,0,2,9,8,0,0.0,0.0,0.0,0.0,1.0,1.0,0.28,0.0
2739,10,1407,788,0.01,-0.16,15,36,-165.0,-64.17,0.03,0.02,4.5,-0.16,0.0,0,0,7,10,4,0.0,0.0,0.0,0.0,1.0,1.0,-0.72,-0.0
0107,9,13,21,-0.11,-0.08,1,-8,-126.67,-102.73,0.38,0.73,12.84,-0.03,0.0,0,0,4,5,5,0.0,0.0,0.0,0.0,1.0,1.0,-0.39,-0.0
2674,9,297,373,0.05,0.0,28,35,-8.18,0.26,0.88,0.89,9.25,-0.07,0.0,0,0,3,7,1,0.5,0.0,0.5,0.0,0.0,1.0,-0.65,-0.0
2194,10,8864,4712,0.11,0.08,2060,2256,2.82,2.7,1.15,1.01,22.35,0.09,0.74,4,2,5,6,0,0.0,0.0,1.0,0.0,0.0,1.0,2.01,0.07
2186,10,4,7,-0.04,0.02,0,-1,1.72,0.58,0.0,0.0,28.12,0.06,0.0,2,0,4,7,10,0.0,0.0,0.0,0.0,1.0,1.0,1.69,0.0
2097,10,32,18,0.03,-0.05,-5,0,-8.34,-7.39,0.17,0.15,17.38,-0.04,0.0,0,0,7,6,8,0.0,0.0,0.0,0.0,1.0,1.0,-0.7,-0.0
1368,10,889,2411,0.22,0.22,0,0,4.31,11.83,0.27,0.24,19.75,0.08,31.19,3,5,5,6,10,0.0,0.0,0.0,0.0,1.0,1.0,1.58,2.5
1287,9,10,6,0.0,0.0,2,0,-14.11,-10.54,0.44,0.44,-25.12,-0.0,0.0,0,0,6,9,2,0.0,0.0,0.0,0.0,1.0,1.0,0.0,-0.0
1201,10,60,3,-0.19,0.0,70,-1,-0.83,-0.51,0.0,0.0,8.38,-0.0,0.0,0,0,10,10,6,0.0,0.0,0.0,0.0,1.0,1.0,-0.0,-0.0
0072,8,23,20,-0.18,-0.03,-4,2,-6.02,-27.85,0.09,0.25,-0.5,-0.0,0.0,0,0,5,8,6,0.0,0.0,0.0,0.0,1.0,1.0,0.0,-0.0
5132,10,399,868,0.06,0.08,0,85,2.49,9.73,0.06,0.06,23.11,0.02,2.25,1,5,5,4,5,0.0,0.0,0.0,0.0,1.0,1.0,0.46,0.04
0122,9,7,5,-0.01,-0.02,-2,-4,-18.38,-18.65,0.09,0.08,-20.0,-0.01,0.0,0,0,6,8,5,0.0,0.0,0.0,0.0,1.0,1.0,0.2,-0.0
7052,10,568,1355,0.12,0.11,-2,153,9.74,9.98,0.51,0.56,15.74,0.12,2.12,2,4,1,4,1,0.5,0.0,0.5,0.0,0.0,1.0,1.89,0.25
7036,10,22,88,-0.01,0.0,0,-27,-0.5,0.24,0.02,0.02,-39.75,-0.0,0.0,0,0,5,7,4,0.0,0.0,0.0,0.0,1.0,1.0,0.0,-0.0
7033,10,24,23,0.05,0.09,4,3,2.27,3.59,0.1,0.11,10.06,0.06,42.82,1,1,5,6,0,0.0,0.0,0.0,0.0,1.0,1.0,0.6,2.57
7025,6,32,25,0.01,0.05,3,1,-13.88,4.26,0.01,0.01,31.15,-0.13,41.79,0,1,3,4,0,0.0,0.0,0.0,0.0,1.0,1.0,-4.05,-5.43
0022,8,4,162,0.01,0.0,0,-2,-53.0,-8.63,0.2,0.16,4.84,-0.02,0.0,0,0,5,8,7,0.0,0.0,0.0,0.0,1.0,1.0,-0.1,-0.0
7017,9,123,40,0.0,-0.03,12,-5,-14.42,-19.22,0.24,0.2,-15.71,-0.04,0.0,0,0,5,9,4,0.0,0.0,0.0,0.0,1.0,1.0,0.63,-0.0
7016,10,515,711,0.09,0.05,8,3,-3.66,2.67,0.08,0.06,8.56,-0.06,0.7,0,0,5,8,2,0.0,0.0,0.0,0.0,1.0,1.0,-0.51,-0.04
7014,10,77,97,-0.41,-0.08,0,-8,-3.9,-6.25,0.0,0.01,12.0,-0.05,0.0,0,0,5,10,9,0.0,0.0,0.0,0.0,1.0,1.0,-0.6,-0.0
7005,10,83,32,-0.05,-0.03,9,3,-7.19,-6.91,0.03,0.03,6.25,-0.04,0.0,0,0,6,10,0,0.0,0.0,0.0,0.0,1.0,1.0,-0.25,-0.0
7004,10,102,75,0.19,-0.13,16,2,-1.68,-7.24,0.17,0.14,-13.92,-0.03,0.0,0,0,6,8,1,0.0,0.0,0.0,0.0,1.0,1.0,0.42,-0.0
0026,9,32,39,-0.01,0.0,6,1,-5.87,-6.27,0.01,0.02,2.25,-0.0,0.0,0,0,6,8,5,0.0,0.0,0.0,0.0,1.0,1.0,-0.0,-0.0
6904,10,628,330,0.18,-0.13,109,47,-3.85,-4.59,0.42,0.43,77.44,-0.11,0.0,0,0,6,7,0,0.0,0.0,0.0,0.0,1.0,1.0,-8.52,-0.0
6637,8,77,65,0.0,-0.03,5,-14,-3.15,-13.44,0.17,0.09,-1.0,-0.01,0.0,0,0,5,7,4,0.0,0.0,0.0,0.0,1.0,1.0,0.01,-0.0
6556,10,1832,2221,0.18,-0.17,-350,71,-7.55,-7.12,0.01,0.01,9.75,-0.15,0.0,0,0,4,8,4,0.0,0.0,0.0,0.0,1.0,1.0,-1.46,-0.0
6521,10,255,275,0.16,0.15,215,104,3.46,4.77,0.0,0.0,11.02,0.11,0.0,4,5,5,7,0,0.0,0.0,0.0,0.0,1.0,1.0,1.21,0.0
6483,10,67,324,-0.09,0.04,710,23,7.22,2.97,0.21,0.14,28.06,0.1,3.23,3,2,6,6,3,0.0,0.0,0.0,0.0,1.0,1.0,2.81,0.32
6459,10,1376,2322,0.29,0.17,133,54,5.44,6.05,0.13,0.14,-9.65,0.18,0.0,5,5,5,6,4,0.0,0.0,0.0,0.0,1.0,1.0,-1.74,0.0
6254,9,185,6,0.01,-0.02,15,-4,-24.4,-21.41,0.0,0.0,-3.0,-0.01,0.0,0,0,4,8,5,0.0,0.0,0.0,0.0,1.0,1.0,0.03,-0.0
7043,9,31,13,0.0,-0.06,-1,6,-8.39,-7.97,0.0,0.0,3.0,-0.06,0.0,0,0,6,7,6,0.0,0.0,0.0,0.0,1.0,1.0,-0.18,-0.0
7053,8,94,96,-0.05,-0.08,5,3,-10.96,-8.41,0.31,0.33,38.75,-0.1,0.0,0,0,4,7,1,0.0,0.0,0.0,0.0,1.0,1.0,-3.88,-0.0
5140,10,366,747,0.09,0.04,0,70,5.41,2.2,0.51,0.58,17.16,0.12,0.0,0,0,3,7,1,0.5,0.0,0.5,0.0,0.0,1.0,2.06,0.0
7073,10,78,2,0.11,0.03,0,-1,3.38,2.14,0.0,0.0,49.79,0.04,3.05,5,0,7,8,7,0.0,0.0,0.0,0.0,1.0,1.0,1.99,0.12
7157,9,63,41,0.03,0.0,7,6,1.64,0.25,0.0,0.0,18.0,0.01,0.0,0,1,7,6,0,0.0,0.0,0.0,0.0,1.0,1.0,0.18,0.0
7154,10,58,69,-0.06,-0.05,-6,6,-6.94,-8.68,0.14,0.14,50.25,-0.03,0.0,0,0,5,5,7,0.0,0.0,0.0,0.0,1.0,1.0,-1.51,-0.0
0005,10,4,12,0.0,-0.04,0,-1,-25.5,-72.17,0.0,0.01,1.62,-0.02,0.0,0,0,7,10,6,0.0,0.0,0.0,0.0,1.0,1.0,-0.03,-0.0
7139,9,192,10,-0.25,0.0,0,-5,-5.6,-9.03,0.01,0.01,-6.71,-0.0,0.0,0,0,7,9,8,0.0,0.0,0.0,0.0,1.0,1.0,0.0,-0.0
7137,10,81,57,0.27,0.03,8,6,0.86,0.84,0.0,0.0,31.24,0.03,0.0,0,5,5,5,1,0.0,0.0,0.0,0.0,1.0,1.0,0.94,0.0
7132,8,116,126,0.02,0.02,5,4,-10.5,1.35,0.09,0.09,32.5,-0.13,0.0,0,0,4,7,0,0.0,0.0,0.0,0.0,1.0,1.0,-4.23,-0.0
7123,10,401,26,0.01,-0.02,38,-3,-29.0,-27.11,0.05,0.05,21.34,-0.01,0.0,0,0,7,7,2,0.0,0.0,0.0,0.0,1.0,1.0,-0.21,-0.0
7121,9,15,14,-0.66,-0.01,0,-1,0.02,-1.67,0.01,0.01,-9.25,0.0,0.0,0,0,5,8,4,0.0,0.0,0.0,0.0,1.0,1.0,-0.0,0.0
7117,10,271,492,0.11,-0.02,36,1,-1.5,-2.36,0.4,0.51,4.84,-0.01,0.0,0,0,4,8,0,0.0,0.0,0.0,0.0,1.0,1.0,-0.05,-0.0
7114,9,169,192,-0.01,0.01,7,-1,4.91,3.39,0.1,0.31,-2.5,0.02,0.0,2,0,5,8,4,0.0,0.0,0.0,0.0,1.0,1.0,-0.05,0.0
7096,9,148,29,-0.02,0.0,0,3,-1.27,-0.98,0.0,0.0,0.0,-0.0,0.0,0,0,8,9,4,0.0,0.0,0.0,0.0,1.0,1.0,-0.0,-0.0
7094,9,64,47,-0.09,-0.06,5,2,-1.91,-5.99,0.0,0.01,-2.75,-0.02,0.0,0,0,4,7,4,0.0,0.0,0.0,0.0,1.0,1.0,0.06,-0.0
7086,8,6,6,-0.03,0.0,-7,0,-1.63,-1.53,0.01,0.01,-8.0,-0.0,0.0,0,0,5,8,6,0.0,0.0,0.0,0.0,1.0,1.0,0.0,-0.0
7082,10,156,133,-0.01,-0.03,5,-41,-6.84,-8.8,0.23,0.23,3.66,-0.03,0.0,0,0,5,7,3,0.0,0.0,0.0,0.0,1.0,1.0,-0.11,-0.0
7080,10,119,58,-0.01,-0.04,0,4,-2.49,-5.72,0.04,0.03,-16.6,-0.01,0.0,0,0,8,10,6,0.0,0.0,0.0,0.0,1.0,1.0,0.17,-0.0
7076,10,351,452,0.12,0.07,93,72,6.81,4.85,0.17,0.19,15.54,0.1,0.0,3,2,5,6,1,0.0,0.0,0.0,0.0,1.0,1.0,1.55,0.0
0020,9,10,18,-1.19,-0.1,-1,-4,-63.0,-14.98,0.02,0.02,1.78,-0.02,0.0,0,0,6,9,6,0.0,0.0,0.0,0.0,1.0,1.0,-0.04,-0.0
6211,10,48,38,-0.07,-0.04,6,3,-9.35,-4.24,0.01,0.0,6.12,-0.08,0.0,0,0,5,9,0,0.0,0.0,0.0,0.0,1.0,1.0,-0.49,-0.0
0034,10,6,183,-0.04,-0.04,-2,-19,-9.94,-29.9,0.13,0.19,2.19,-0.01,0.0,0,0,4,10,8,0.0,0.0,0.0,0.0,1.0,1.0,-0.02,-0.0
5983,10,1528,2083,0.37,0.57,-13,34,7.3,13.44,0.0,0.01,3.15,0.33,12.42,4,5,4,8,4,0.0,0.0,0.0,0.0,1.0,1.0,1.04,4.1
5916,10,2739,984,-0.27,0.07,56,46,-3.55,8.56,0.21,0.21,-82.25,-0.03,12.13,0,0,7,9,2,0.0,0.0,0.0,0.0,1.0,1.0,2.47,-0.36
0066,10,4,3,-0.02,-0.01,0,-2,-12.96,-27.0,0.0,0.01,-8.0,-0.0,0.0,0,0,5,10,10,0.0,0.0,0.0,0.0,1.0,1.0,0.0,-0.0
5192,10,83,107,0.09,-0.02,0,10,-1.77,-2.57,0.03,0.03,4.5,-0.01,0.0,0,0,4,7,5,0.0,0.0,0.0,0.0,1.0,1.0,-0.04,-0.0
5188,8,156,22,0.0,0.0,101,4,-1.83,0.13,0.0,0.0,-0.78,-0.0,0.0,0,0,3,8,5,0.0,0.0,0.0,0.0,1.0,1.0,0.0,-0.0
5187,10,1790,157,1.31,0.03,447,43,-5.67,5.06,0.07,0.0,-1.08,-0.02,0.0,0,0,9,10,2,0.0,0.0,0.0,0.0,1.0,1.0,0.02,-0.0
5186,10,6147,1010,0.21,-0.02,0,123,-19.14,-1.43,0.12,0.08,88.25,-0.24,0.0,0,0,8,9,5,0.0,0.0,0.0,0.0,1.0,1.0,-21.18,-0.0
0068,10,6,4,0.08,-0.04,0,1,-111.25,-132.16,0.15,0.15,-3.88,-0.04,0.0,0,0,9,10,7,0.0,0.0,0.0,0.0,1.0,1.0,0.16,-0.0
5178,9,220,62,0.09,-0.04,25,-3,-54.9,-27.86,0.2,0.97,-2.12,-0.03,0.0,0,0,8,9,2,0.0,0.0,0.0,0.0,1.0,1.0,0.06,-0.0
5176,10,392,537,0.22,0.06,0,0,3.23,4.35,0.04,0.04,16.02,0.05,0.0,2,5,4,7,10,0.0,0.0,0.0,0.0,1.0,1.0,0.8,0.0
5173,10,594,543,0.06,-0.12,109,82,-15.36,-14.77,0.07,0.08,23.6,-0.12,0.0,0,0,5,7,0,0.0,0.0,0.0,0.0,1.0,1.0,-2.83,-0.0
5172,10,1472,203,2.18,-0.03,119,2,-25.48,-24.86,0.38,1.08,-1.08,-0.01,0.0,0,0,8,10,6,0.0,0.0,0.0,0.0,1.0,1.0,0.01,-0.0
5167,10,43,49,0.09,0.03,10,1,5.48,2.8,0.02,0.02,16.22,0.06,0.0,3,1,5,6,1,0.0,0.0,0.0,0.0,1.0,1.0,0.97,0.0
0070,9,42,25,0.02,-0.01,7,-3,-33.0,-12.58,0.0,0.0,0.75,-0.02,0.0,0,0,6,9,6,0.0,0.0,0.0,0.0,1.0,1.0,-0.02,-0.0
5161,10,1671,1076,0.01,0.01,141,0,2.75,2.88,0.0,0.0,24.75,0.01,0.0,0,0,6,9,1,0.0,0.0,0.0,0.0,1.0,1.0,0.25,0.0
5157,8,129,79,-0.04,-0.22,3,2,-84.12,-70.85,0.17,0.23,5.0,-0.19,0.0,0,0,3,7,2,0.0,0.0,0.0,0.0,1.0,1.0,-0.95,-0.0
5156,10,776,454,0.22,0.01,198,59,0.92,1.64,0.0,0.0,14.76,0.01,73.49,5,0,8,6,1,0.0,0.0,0.0,0.0,1.0,1.0,0.15,0.73
5149,10,120,16,0.02,-0.42,17,-9,-87.97,-60.26,0.09,0.12,7.88,-0.44,0.0,0,0,6,6,5,0.0,0.0,0.0,0.0,1.0,1.0,-3.47,-0.0
5145,10,225,66,0.07,-0.07,130,14,-14.02,-10.51,0.1,0.11,-0.38,-0.09,0.0,0,0,8,10,3,0.0,0.0,0.0,0.0,1.0,1.0,0.03,-0.0
0064,10,59,4,0.02,-0.01,-4,-6,-4.22,-6.19,0.0,0.0,1.5,-0.01,0.0,0,0,4,7,5,0.0,0.0,0.0,0.0,1.0,1.0,-0.02,-0.0
5204,9,59,154,0.03,-0.03,10,-17,-9.21,-16.01,0.23,0.23,20.34,-0.02,0.0,0,0,4,5,3,0.0,0.0,0.0,0.0,1.0,1.0,-0.41,-0.0
5210,10,1241,2071,0.09,0.01,255,734,-8.29,1.78,2.35,2.17,15.68,-0.04,0.0,0,0,4,9,0,0.0,0.0,1.0,0.0,0.0,1.0,-0.63,-0.0
5271,6,130,105,0.13,0.05,9,4,5.33,5.23,0.0,0.0,10.06,0.05,0.0,1,4,5,5,0,0.0,0.0,0.0,0.0,1.0,1.0,0.5,0.0
0036,10,78,40,0.03,-0.03,0,13,9.24,-24.04,0.11,0.24,-0.75,0.01,0.0,5,0,7,10,5,0.0,0.0,0.0,0.0,1.0,1.0,-0.01,0.0
0041,10,46,4,0.07,-0.03,0,-2,-6.63,-18.99,0.01,0.01,2.79,-0.01,0.0,0,0,7,9,4,0.0,0.0,0.0,0.0,1.0,1.0,-0.03,-0.0
5681,10,20687,30294,0.76,0.83,0,2409,5.53,13.97,0.02,0.03,27.23,0.32,1.0,0,5,5,6,7,0.0,0.0,0.0,0.0,1.0,1.0,8.71,0.32
5673,10,653,81,0.08,-0.53,10,-8,-97.11,-69.52,0.21,0.16,13.0,-0.42,0.0,0,0,8,7,6,0.0,0.0,0.0,0.0,1.0,1.0,-5.46,-0.0
5665,10,2022,1913,0.04,-0.93,0,76,-69.81,-61.2,0.04,0.04,88.3,-0.75,0.0,0,0,8,8,4,0.0,0.0,0.0,0.0,1.0,1.0,-66.22,-0.0
0043,10,60,19,-0.01,-0.01,0,-3,-13.5,-19.72,0.0,0.0,-1.5,-0.01,0.0,0,0,7,9,7,0.0,0.0,0.0,0.0,1.0,1.0,0.02,-0.0
5649,10,58,57,-0.16,-0.07,-2,-1,-12.79,-13.29,0.17,0.15,4.25,-0.07,0.0,0,0,4,10,4,0.0,0.0,0.0,0.0,1.0,1.0,-0.3,-0.0
5265,5,57,13,0.02,-0.01,9,-1,-3.61,-16.86,0.16,1.23,4.62,-0.0,0.0,0,0,3,5,2,0.0,0.0,0.0,0.0,1.0,1.0,-0.0,-0.0
0058,10,117,9,0.32,0.08,43,-3,1.83,3.15,0.0,0.0,17.52,0.04,0.0,1,5,4,5,5,0.0,0.0,0.0,0.0,1.0,1.0,0.7,0.0
5264,10,5474,7278,0.03,0.07,1700,2424,6.39,5.02,1.65,1.73,9.78,0.07,0.72,3,5,5,5,0,0.0,0.0,1.0,0.0,0.0,1.0,0.68,0.05
5259,7,121,272,0.11,0.07,26,143,-25.87,14.86,0.58,0.78,26.97,-0.1,20.65,0,0,3,6,1,0.5,0.0,0.5,0.0,0.0,1.0,-2.7,-2.06
5255,8,109,201,0.84,-0.42,30,85,9.95,-19.21,0.87,0.7,0.04,0.01,0.0,3,0,6,8,0,0.0,0.0,1.0,0.0,0.0,1.0,0.0,0.0
5231,10,1787,1061,0.27,0.01,0,0,2.07,1.73,0.35,0.24,14.0,0.02,11.76,3,0,9,8,10,0.0,0.0,0.0,0.0,1.0,1.0,0.28,0.24
5220,9,167,163,0.11,0.01,29,28,4.52,1.0,0.02,0.02,16.5,0.04,0.0,3,0,7,9,1,0.0,0.0,0.0,0.0,1.0,1.0,0.66,0.0
0051,9,49,29,0.04,-0.03,11,-23,-25.36,-37.32,0.04,0.0,-1.88,-0.02,0.0,0,0,6,9,5,0.0,0.0,0.0,0.0,1.0,1.0,0.04,-0.0
0055,9,30,18,-0.02,0.0,-1,0,-4.29,-4.14,0.0,0.0,-26.25,-0.0,0.0,0,0,7,9,7,0.0,0.0,0.0,0.0,1.0,1.0,0.0,-0.0
0131,9,62,14,-0.03,-0.01,-16,-7,-0.15,-11.28,0.01,0.01,-3.25,-0.01,0.0,0,4,3,7,5,0.0,0.0,0.0,0.0,1.0,1.0,0.03,-0.0
7164,10,1559,1633,0.12,0.02,55,58,2.85,2.84,0.64,0.63,6.21,0.02,0.0,4,0,5,8,3,0.0,0.0,0.5,0.0,0.0,0.5,0.12,0.0
7172,10,219,400,0.05,0.1,3,-37,5.22,6.22,0.55,0.49,38.05,0.14,11.44,1,0,6,6,1,0.0,0.0,0.0,0.0,0.5,0.5,5.33,1.6
0212,5,94,192,0.01,0.01,15,14,7.35,6.43,0.57,0.67,6.25,0.01,0.0,2,0,1,3,0,0.5,0.0,0.0,0.0,0.0,0.5,0.06,0.0
9776,10,331,182,0.02,0.0,9,-38,-16.52,-0.89,0.68,0.31,11.5,-0.06,0.0,0,0,7,8,4,0.0,0.0,0.0,0.0,0.5,0.5,-0.69,-0.0
1155,10,12872,25103,0.54,0.73,7278,-9968,8.74,10.45,0.84,0.79,13.7,0.65,2.73,3,5,3,6,3,0.5,0.0,0.0,0.0,0.0,0.5,8.9,1.77
7250,10,99,552,0.06,-0.07,0,161,-6.94,-4.85,0.81,0.85,-33.75,-0.1,0.0,0,0,4,6,1,0.0,0.0,0.5,0.0,0.0,0.5,3.38,-0.0
5196,10,60,633,0.05,-0.06,0,0,-3.54,-5.61,1.21,1.26,16.34,-0.03,0.0,0,1,2,5,10,0.5,0.0,0.0,0.0,0.0,0.5,-0.49,-0.0
5184,10,178,377,0.12,0.2,-7,-89,7.19,13.0,1.21,1.31,12.62,0.14,7.28,3,0,2,4,5,0.5,0.0,0.0,0.0,0.0,0.5,1.77,1.02
3891,10,908,298,0.0,-0.07,0,22,-103.62,-68.46,3.71,3.64,7.12,-0.07,0.0,0,0,9,9,1,0.0,0.0,0.5,0.0,0.0,0.5,-0.5,-0.0
4219,10,4049,5160,0.02,-0.01,0,0,-2.42,-1.58,0.81,0.81,33.0,-0.02,0.0,0,0,3,9,10,0.5,0.0,0.0,0.0,0.0,0.5,-0.66,-0.0
7243,9,39,6,0.7,-0.1,-7,-2,-262.89,-30.81,1.62,0.0,-0.36,-0.12,0.0,0,0,8,9,9,0.0,0.0,0.0,0.0,0.5,0.5,0.04,-0.0
5000,7,41,583,-0.18,-0.09,-3,12,-5.13,-11.08,0.56,0.59,21.8,-0.04,0.0,0,0,4,7,2,0.0,0.0,0.5,0.0,0.0,0.5,-0.87,-0.0
6149,10,1254,2912,0.28,0.04,0,0,-1.52,1.32,0.56,0.6,21.34,-0.05,0.0,0,5,2,7,10,0.5,0.0,0.0,0.0,0.0,0.5,-1.07,-0.0
5908,10,3868,6457,0.18,0.25,57,4,7.5,6.42,0.9,1.02,10.99,0.31,6.26,3,0,2,5,2,0.5,0.0,0.0,0.0,0.0,0.5,3.41,1.94
5657,10,2925,3039,0.25,-0.41,757,130,-24.32,-24.02,2.99,3.1,14.88,-0.37,0.0,0,0,2,8,1,0.5,0.0,0.0,0.0,0.0,0.5,-5.51,-0.0
1619,10,6314,12477,0.12,0.06,3646,-763,-2.43,1.58,0.87,0.52,16.3,-0.08,0.0,0,1,6,9,3,0.0,0.0,0.0,0.0,0.0,0.0,-1.3,-0.0
5843,10,407,867,0.08,0.05,-54,35,2.61,2.57,0.51,0.55,6.85,0.05,0.0,3,0,4,6,4,0.0,0.0,0.0,0.0,0.0,0.0,0.34,0.0
0029,10,98,26,0.09,0.0,6,35,-4.57,-4.54,3.58,3.58,2.0,-0.0,0.0,0,0,6,9,5,0.0,0.0,0.0,0.0,0.0,0.0,-0.0,-0.0
0039,10,6,131,-0.66,0.01,0,13,1.67,6.16,2.61,3.11,14.38,0.0,0.0,0,1,6,10,4,0.0,0.0,0.0,0.0,0.0,0.0,0.0,0.0
6998,8,355,83,-0.01,0.0,-30,-21,-12.0,-0.46,1.26,1.46,-12.38,-0.03,0.0,0,0,4,8,6,0.0,0.0,0.0,0.0,0.0,0.0,0.37,-0.0
7020,9,429,201,-0.07,-0.02,53,-69,-13.85,-22.12,0.57,0.86,-3.89,-0.02,0.0,0,0,7,9,2,0.0,0.0,0.0,0.0,0.0,0.0,0.08,-0.0
7192,10,254,46,-0.13,-0.26,0,16,-34.78,-81.29,1.11,0.75,7.64,-0.03,0.0,0,0,8,8,4,0.0,0.0,0.0,0.0,0.0,0.0,-0.23,-0.0
5219,10,108,798,1.51,0.07,18,-151,8.03,10.32,1.34,1.35,50.84,0.07,0.0,3,0,4,6,8,0.0,0.0,0.0,0.0,0.0,0.0,3.56,0.0
5166,10,316,98,0.26,-0.03,110,-1,-22.29,-17.79,1.22,0.95,2.45,-0.03,0.0,0,0,8,10,6,0.0,0.0,0.0,0.0,0.0,0.0,-0.07,-0.0
5218,9,2556,6449,0.14,-0.28,274,96,-45.1,-41.32,0.86,0.87,14.27,-0.26,0.0,0,0,4,7,0,0.0,0.0,0.0,0.0,0.0,0.0,-3.71,-0.0
0075,10,52,12,0.01,-0.03,2,-1,-62.8,-43.73,1.45,1.22,-5.25,-0.03,0.0,0,0,6,10,9,0.0,0.0,0.0,0.0,0.0,0.0,0.16,-0.0
5130,10,14,23,0.1,0.02,12,11,7.89,1.57,0.53,0.54,31.72,0.1,0.0,3,5,4,5,0,0.0,0.0,0.0,0.0,0.0,0.0,3.17,0.0
5077,10,404,258,0.24,-0.01,222,110,12.2,-1.96,0.82,1.24,33.0,0.04,0.0,3,0,7,10,4,0.0,0.0,0.0,0.0,0.0,0.0,1.32,0.0
5170,10,130,783,0.03,-0.27,9,14,-0.61,-42.48,0.57,0.53,24.11,-0.28,0.0,0,0,7,8,5,0.0,0.0,0.0,0.0,0.0,0.0,-6.75,-0.0
8133,10,650,166,0.28,-0.47,0,0,-68.02,-66.92,0.56,0.68,128.66,-0.38,0.0,0,0,7,9,10,0.0,0.0,0.0,0.0,0.0,0.0,-48.89,-0.0
4677,10,18355,19178,0.1,-0.02,3567,3043,-1.58,-1.47,2.79,2.7,7.25,-0.02,0.0,0,0,5,6,0,0.0,0.0,0.0,0.0,0.0,0.0,-0.14,-0.0
3395,10,6756,6990,0.02,-0.02,0,0,-1.93,-1.69,0.76,0.76,13.58,-0.02,0.0,0,0,5,9,10,0.0,0.0,0.0,0.0,0.0,0.0,-0.27,-0.0
2771,10,6182,10322,0.35,-0.63,0,0,-37.55,-23.43,0.8,0.81,212.29,-0.65,0.0,0,0,4,7,10,0.0,0.0,0.0,0.0,0.0,0.0,-137.99,-0.0
3441,10,295,97,0.0,-0.03,9,117,-35.96,-24.74,6.66,4.84,-4.22,-0.02,0.0,0,0,9,10,4,0.0,0.0,0.0,0.0,0.0,0.0,0.08,-0.0
0118,9,32,4,0.07,-0.03,0,15,-23.0,-6.61,0.67,0.66,0.16,-0.0,0.0,0,0,7,9,6,0.0,0.0,0.0,0.0,0.0,0.0,-0.0,-0.0
6742,10,14588,10637,0.15,0.01,2034,1122,0.58,0.55,1.72,1.71,38.1,0.01,0.0,0,0,6,7,0,0.0,0.0,0.0,0.0,0.0,0.0,0.38,0.0
