code,name,Price,EPS,52w low,52w high,EPS GR 3Y avg,EPS GR 5Y avg,EPS GR 10Y avg,P/E mid,DPayout avg,intrinsic 3Y,intrinsic 5Y,intrinsic 10Y,Price A3,Price A5,Price A10,Price B
0001,SUPERCOMNET TECHNOLOGIES BERHAD,1.86,0.03,0.688,2.38,45.86,56.56,0.0,37.58,16.41,0.07,0.06,0.35,0.05,0.04,0.26,1.25
0002,KOTRA INDUSTRIES BERHAD,2.51,0.14,1.9,4.45,31.86,92.71,7.87,17.06,15.4,0.48,0.17,1.09,0.36,0.13,0.82,2.74
0005,UCREST BERHAD,0.35,-0.01,0.075,0.32,0.0,0.0,0.0,3.0,0.0,-0.1,-0.1,-0.1,-0.08,-0.08,-0.08,0.16
0006,PINEAPPLE RESOURCES BERHAD,0.65,-0.03,0.23,1.18,0.0,-49.87,-26.18,-3.75,0.0,-0.3,-59.87,-2.08,-0.22,-44.9,-1.56,0.54
0008,WILLOWGLEN MSC BERHAD,0.505,0.04,0.41,0.57,-6.59,-3.06,1.84,20.43,28.89,0.73,0.61,0.46,0.55,0.46,0.34,0.46
0010,IRIS CORPORATION BERHAD,0.33,-0.0,0.095,0.455,0.0,0.0,-8.21,10.25,5.51,0.0,0.0,0.0,0.0,0.0,0.0,0.21
0011,BRITE-TECH BERHAD,0.525,0.05,0.21,0.68,6.14,2.61,18.64,18.25,68.63,0.62,0.73,0.37,0.46,0.55,0.28,0.37
0012,THREE-A RESOURCES BERHAD,0.78,0.06,0.69,1.03,-8.84,10.27,2.78,20.29,24.27,1.29,0.46,0.65,0.97,0.34,0.49,0.8
0018,LAMBO GROUP BERHAD,0.02,-0.0,0.01,0.08,0.0,0.0,0.0,-6.0,0.0,0.0,0.0,0.0,0.0,0.0,0.0,0.03
0020,NETX HOLDINGS BERHAD,0.11,-0.02,0.095,0.486,0.0,0.0,0.0,0.28,0.0,-0.2,-0.2,-0.2,-0.15,-0.15,-0.15,0.22
0021,GHL SYSTEMS BERHAD,1.8,0.01,1.127,2.17,11.56,26.96,0.0,76.66,0.0,0.06,0.03,0.1,0.04,0.02,0.08,1.47
0022,PARLO BERHAD,0.315,-0.02,0.05,0.655,0.0,0.0,0.0,1.84,0.0,-0.2,-0.2,-0.2,-0.15,-0.15,-0.15,0.25
0023,IFCA MSC BERHAD,0.38,0.01,0.27,0.52,121.65,-23.62,0.0,23.06,16.02,0.01,0.44,0.12,0.01,0.33,0.09,0.35
0024,JAG BERHAD,0.43,0.02,0.14,0.45,0.0,0.0,0.0,0.5,10.21,0.22,0.22,0.22,0.16,0.16,0.16,0.24
0025,YBS INTERNATIONAL BERHAD,0.405,0.0,0.1,0.47,-35.92,6.45,-13.83,5.62,3.95,0.0,0.0,0.0,0.0,0.0,0.0,0.22
0026,NOVA MSC BERHAD,0.1,-0.01,0.04,0.135,0.0,0.0,0.0,2.25,0.0,-0.1,-0.1,-0.1,-0.08,-0.08,-0.08,0.07
0028,SCOPE INDUSTRIES BERHAD,0.265,-0.03,0.095,0.365,0.0,0.0,0.0,-4.0,17.52,-0.35,-0.35,-0.35,-0.26,-0.26,-0.26,0.18
0029,DIGISTAR CORPORATION BERHAD,0.07,-0.01,0.03,0.21,0.0,0.0,0.0,-4.84,0.0,-0.1,-0.1,-0.1,-0.08,-0.08,-0.08,0.09
0034,MMAG HOLDINGS BERHAD,0.3,-0.02,0.195,1.97,0.0,0.0,0.0,-3.18,0.0,-0.2,-0.2,-0.2,-0.15,-0.15,-0.15,0.78
0036,KEY ALLIANCE GROUP BERHAD,0.035,0.01,0.021,0.12,0.0,0.0,0.0,-2.5,0.0,0.1,0.1,0.1,0.08,0.08,0.08,0.05
0037,RGB INTERNATIONAL BHD,0.13,-0.02,0.11,0.185,17.02,13.58,0.0,16.34,13.72,-0.1,-0.12,-0.23,-0.08,-0.09,-0.17,0.13
0038,PLASTRADE TECHNOLOGY BERHAD,0.5,-0.04,0.12,1.08,0.0,0.0,0.0,-11.5,0.0,-0.4,-0.4,-0.4,-0.3,-0.3,-0.3,0.44
0039,GFM SERVICES BERHAD,0.32,0.02,0.13,0.5,-27.94,0.0,-27.22,10.62,10.88,1.85,0.22,1.68,1.39,0.16,1.26,0.25
0040,OPENSYS (M) BERHAD,0.525,0.02,0.217,0.88,22.68,14.66,13.04,23.0,42.78,0.11,0.15,0.16,0.08,0.11,0.12,0.44
0041,HONG SENG CONSOLIDATED BERHAD,1.55,-0.0,0.075,1.88,0.0,0.0,0.0,1.54,0.0,0.0,0.0,0.0,0.0,0.0,0.0,0.67
0043,METRONIC GLOBAL BERHAD,0.06,-0.01,0.02,0.2,0.0,0.0,0.0,0.5,0.0,-0.1,-0.1,-0.1,-0.08,-0.08,-0.08,0.08
0045,G NEPTUNE BERHAD,0.015,-0.01,0.015,0.095,0.0,0.0,0.0,-4.12,0.0,-0.1,-0.1,-0.1,-0.08,-0.08,-0.08,0.04
0048,ANCOM LOGISTICS BERHAD,0.355,-0.0,0.045,0.7,0.0,0.0,0.0,-3.42,96.3,0.0,0.0,0.0,0.0,0.0,0.0,0.26
0049,OCEANCASH PACIFIC BERHAD,0.57,0.02,0.4,1.52,-11.29,7.71,8.06,14.03,19.42,0.53,0.16,0.16,0.4,0.12,0.12,0.77
0050,SYSTECH BHD,0.21,-0.01,0.11,0.355,-35.29,-25.14,0.0,20.75,39.13,-2.33,-0.72,-0.14,-1.75,-0.54,-0.11,0.19
0051,CUSCAPI BERHAD,0.28,-0.02,0.08,0.345,0.0,0.0,0.0,-5.51,0.0,-0.2,-0.2,-0.2,-0.15,-0.15,-0.15,0.17
0053,OSK VENTURES INTERNATIONAL BERHAD,0.5,0.02,0.335,0.55,-49.73,0.0,0.0,10.45,5.19,38.81,0.21,0.21,29.11,0.16,0.16,0.41
0054,KARYON INDUSTRIES BERHAD,0.22,0.01,0.135,0.355,-7.34,-4.11,4.33,13.38,12.35,0.24,0.17,0.07,0.18,0.13,0.05,0.21
0055,SERSOL BERHAD,0.255,0.0,0.07,0.325,0.0,0.0,0.0,-16.75,0.0,0.0,0.0,0.0,0.0,0.0,0.0,0.15
0056,GRAND-FLO BERHAD,0.61,0.01,0.218,0.73,-25.24,-15.2,-5.13,11.75,22.32,0.73,0.31,0.2,0.55,0.23,0.15,0.39
0058,JCBNEXT BERHAD,1.3,0.05,1.16,1.48,-2.4,-65.05,-10.13,19.52,133.94,1.34,6986.86,2.18,1.01,5240.14,1.64,1.27
0060,VORTEX CONSOLIDATED BERHAD,0.135,-0.01,0.135,0.428,0.0,0.0,0.0,3.5,0.0,-0.1,-0.1,-0.1,-0.08,-0.08,-0.08,0.23
0064,EFFICIENT E-SOLUTIONS BERHAD,0.195,-0.01,0.08,0.295,0.0,0.0,0.0,1.5,6.66,-0.11,-0.11,-0.11,-0.08,-0.08,-0.08,0.15
0065,EXCEL FORCE MSC BERHAD,0.48,0.02,0.34,0.67,0.49,-7.92,-5.89,103.0,78.48,0.34,0.57,0.5,0.26,0.43,0.38,0.45
0066,VSOLAR GROUP BERHAD,0.03,-0.01,0.021,0.14,0.0,0.0,0.0,-9.5,0.0,-0.1,-0.1,-0.1,-0.08,-0.08,-0.08,0.06
0068,ASDION BERHAD,0.45,-0.03,0.065,0.845,0.0,0.0,0.0,-6.82,0.0,-0.3,-0.3,-0.3,-0.22,-0.22,-0.22,0.32
0069,VIVOCOM INTL HOLDINGS BERHAD,0.645,0.0,0.15,2.05,0.0,0.0,0.0,3.91,0.0,0.0,0.0,0.0,0.0,0.0,0.0,0.78
0070,MQ TECHNOLOGY BERHAD,0.095,-0.01,0.015,0.305,0.0,0.0,0.0,-3.0,0.0,-0.1,-0.1,-0.1,-0.08,-0.08,-0.08,0.11
0072,AT SYSTEMATIZATION BERHAD,0.095,-0.01,0.03,0.3,0.0,0.0,0.0,-4.42,0.0,-0.1,-0.1,-0.1,-0.08,-0.08,-0.08,0.12
0074,GREEN OCEAN CORPORATION BERHAD,0.045,-0.0,0.045,0.431,81.71,0.0,0.0,-9.25,0.0,0.0,0.0,0.0,0.0,0.0,0.0,0.17
0075,LYC HEALTHCARE BERHAD,0.275,-0.04,0.24,0.68,0.0,0.0,0.0,-15.58,0.0,-0.4,-0.4,-0.4,-0.3,-0.3,-0.3,0.39
0078,GD EXPRESS CARRIER BERHAD,0.375,0.0,0.2,0.545,-20.23,-11.2,8.6,90.25,41.61,0.0,0.0,0.0,0.0,0.0,0.0,0.31
0079,ORION IXL BERHAD,0.07,-0.01,0.045,0.17,0.0,0.0,0.0,-12.25,0.0,-0.1,-0.1,-0.1,-0.08,-0.08,-0.08,0.09
0080,STRAITS INTER LOGISTICS BERHAD,0.22,0.0,0.15,0.285,262.76,0.0,0.0,1.0,0.0,0.0,0.0,0.0,0.0,0.0,0.0,0.19
0081,MEGA SUN CITY HOLDINGS BERHAD,0.155,-0.02,0.07,0.23,-39.59,-39.44,21.77,5.83,0.0,-6.18,-6.03,-0.08,-4.64,-4.52,-0.06,0.12
0083,NOTION VTEC BERHAD,0.805,-0.01,0.55,2.34,-25.22,0.0,-18.45,55.62,14.21,-0.55,-0.11,-0.38,-0.41,-0.08,-0.29,1.14
0084,TECHFAST HOLDINGS BERHAD,0.33,0.01,0.285,0.69,2.62,83.02,0.0,38.25,80.36,0.14,0.02,0.18,0.11,0.02,0.14,0.42
0085,MLABS SYSTEMS BERHAD,0.04,-0.03,0.035,0.371,0.0,0.0,0.0,-2.98,0.0,-0.3,-0.3,-0.3,-0.22,-0.22,-0.22,0.15
0089,TEX CYCLE TECHNOLOGY (M) BERHAD,0.415,0.01,0.23,0.555,-31.08,8.12,-2.67,24.0,15.2,0.83,0.07,0.16,0.62,0.05,0.12,0.34
0090,ELSOFT RESEARCH BERHAD,0.72,0.0,0.56,1.04,-18.76,-3.84,26.08,33.92,54.94,0.0,0.0,0.0,0.0,0.0,0.0,0.72
0091,DAYA MATERIALS BERHAD,0.025,-0.02,0.005,0.025,0.0,0.0,0.0,-3.79,0.0,-0.2,-0.2,-0.2,-0.15,-0.15,-0.15,0.01
0093,SOLUTION GROUP BERHAD,1.14,-0.0,0.065,2.0,0.0,0.0,0.0,15.75,22.51,0.0,0.0,0.0,0.0,0.0,0.0,0.7
0095,MAG HOLDINGS BERHAD,0.19,0.01,0.175,0.325,0.0,0.0,0.0,-0.94,0.0,0.1,0.1,0.1,0.08,0.08,0.08,0.22
0097,VITROX CORPORATION BERHAD,15.82,0.22,7.86,18.16,6.92,9.85,44.57,60.7,13.99,1.78,1.55,0.55,1.34,1.16,0.41,11.26
0098,BAHVEST RESOURCES BERHAD,0.5,-0.16,0.29,0.845,0.0,0.0,0.0,-4.0,0.0,-1.6,-1.6,-1.6,-1.2,-1.2,-1.2,0.47
0099,SCICOM (MSC) BERHAD,1.22,0.07,0.72,1.39,-21.4,-8.68,10.08,17.89,78.21,5.89,2.08,0.76,4.42,1.56,0.57,0.94
0100,ES CERAMICS TECHNOLOGY BHD,0.84,0.03,0.122,1.035,-28.84,-17.92,2.41,28.75,11.93,3.3,1.22,0.29,2.47,0.92,0.22,0.42
0101,TMC LIFE SCIENCES BERHAD,0.74,0.01,0.47,0.82,24.4,16.41,-11.43,54.62,0.0,0.04,0.05,0.2,0.03,0.04,0.15,0.59
0102,CONNECTCOUNTY HOLDINGS BERHAD,0.2,-0.0,0.075,0.39,0.0,0.0,0.0,-2.5,0.0,0.0,0.0,0.0,0.0,0.0,0.0,0.18
0104,GENETEC TECHNOLOGY BERHAD,4.46,-0.14,1.12,6.55,0.0,0.0,0.0,2.78,4.39,-1.46,-1.46,-1.46,-1.1,-1.1,-1.1,2.91
0105,ASIA POLY HOLDINGS BERHAD,0.395,0.02,0.045,0.6,0.0,0.0,0.0,-1.75,19.04,0.24,0.24,0.24,0.18,0.18,0.18,0.23
0106,REXIT BERHAD,0.965,0.05,0.505,1.23,7.72,11.21,3.9,16.66,85.05,0.62,0.55,0.76,0.46,0.41,0.57,0.74
0107,EDUSPEC HOLDINGS BERHAD,0.02,-0.03,0.015,0.07,0.0,0.0,0.0,6.08,0.0,-0.3,-0.3,-0.3,-0.22,-0.22,-0.22,0.03
0108,N2N CONNECT BERHAD,0.73,0.05,0.515,0.995,6.6,12.06,0.0,33.5,47.1,0.52,0.41,0.74,0.39,0.31,0.55,0.67
0111,K-ONE TECHNOLOGY BERHAD,0.28,-0.01,0.18,0.705,0.0,-21.57,12.85,13.0,1.95,-0.1,-0.34,-0.05,-0.08,-0.26,-0.04,0.35
0112,MIKRO MSC BERHAD,0.255,0.01,0.155,0.275,-39.8,-23.51,-5.92,24.0,59.64,4.8,0.73,0.29,3.6,0.55,0.22,0.19
0113,MMS VENTURES BERHAD,0.92,0.01,0.51,1.44,-6.89,-5.77,0.0,20.85,26.29,0.27,0.24,0.13,0.2,0.18,0.1,0.82
0116,FOCUS DYNAMICS GROUP BERHAD,0.15,0.0,0.173,0.905,0.0,0.0,0.0,0.0,0.0,0.0,0.0,0.0,0.0,0.0,0.0,0.41
0117,SMRT HOLDINGS BERHAD,0.165,-0.02,0.045,0.21,0.0,0.0,0.0,3.52,4.7,-0.21,-0.21,-0.21,-0.16,-0.16,-0.16,0.1
0118,TRIVE PROPERTY GROUP BERHAD,0.085,-0.01,0.075,0.452,0.0,0.0,0.0,0.16,0.0,-0.1,-0.1,-0.1,-0.08,-0.08,-0.08,0.2
0119,APPASIA BERHAD,0.615,0.0,0.155,0.91,0.0,0.0,0.0,-9.82,0.0,0.0,0.0,0.0,0.0,0.0,0.0,0.4
0120,VISDYNAMICS HOLDINGS BERHAD,1.43,0.04,0.39,1.74,-28.86,0.0,-0.21,25.66,13.54,4.52,0.45,0.46,3.39,0.34,0.34,0.84
0122,ADVANCE INFORMATION MARKETING BERHAD,0.275,-0.01,0.125,0.38,0.0,0.0,0.0,-20.62,0.0,-0.1,-0.1,-0.1,-0.08,-0.08,-0.08,0.21
0126,MICROLINK SOLUTIONS BERHAD,2.59,0.07,0.685,2.71,132.21,-9.29,11.25,69.18,16.14,0.06,1.46,0.48,0.04,1.1,0.36,1.35
0127,JHM CONSOLIDATION BERHAD,1.99,0.04,0.785,2.67,9.82,0.0,0.0,84.84,5.55,0.25,0.42,0.42,0.19,0.32,0.32,1.41
0128,FRONTKEN CORPORATION BERHAD,5.32,0.08,2.03,5.95,51.18,28.83,20.52,30.1,6.46,0.16,0.27,0.35,0.12,0.2,0.26,3.32
0131,DIVERSIFIED GATEWAY SOLUTIONS BERHAD,0.15,-0.01,0.057,0.255,0.0,0.0,0.0,-3.25,0.0,-0.1,-0.1,-0.1,-0.08,-0.08,-0.08,0.12
0132,TECHNODEX BHD,0.19,-0.01,0.035,0.335,0.0,0.0,0.0,-3.0,0.0,-0.1,-0.1,-0.1,-0.08,-0.08,-0.08,0.13
0133,SANICHI TECHNOLOGY BERHAD,0.16,-0.04,0.155,1.25,0.0,0.0,0.0,-0.03,0.0,-0.4,-0.4,-0.4,-0.3,-0.3,-0.3,0.52
0136,GREENYIELD BERHAD,0.215,0.02,0.095,0.285,0.0,0.0,0.0,16.12,15.3,0.23,0.23,0.23,0.17,0.17,0.17,0.16
0138,MY E.G. SERVICES BERHAD,1.98,0.07,1.09,2.27,58.12,48.84,37.1,116.25,0.0,0.12,0.14,0.18,0.09,0.11,0.14,1.48
0140,MACPIE BERHAD,0.09,-0.01,0.032,0.85,0.0,0.0,0.0,-13.28,0.0,-0.1,-0.1,-0.1,-0.08,-0.08,-0.08,0.3
0143,KEY ASIC BERHAD,0.15,-0.02,0.035,0.175,0.0,0.0,0.0,-8.38,0.0,-0.2,-0.2,-0.2,-0.15,-0.15,-0.15,0.08
0145,TFP SOLUTIONS BERHAD,0.18,-0.01,0.039,0.265,0.0,0.0,0.0,-3.5,0.0,-0.1,-0.1,-0.1,-0.08,-0.08,-0.08,0.11
0146,JF TECHNOLOGY BERHAD,1.23,0.01,0.355,2.41,7.96,21.34,27.52,219.0,28.18,0.08,0.05,0.04,0.06,0.04,0.03,1.03
0148,SUNZEN BIOTECH BERHAD,0.215,-0.02,0.07,0.255,0.0,0.0,0.0,16.0,44.85,-0.29,-0.29,-0.29,-0.22,-0.22,-0.22,0.13
0149,FIBON BERHAD,0.44,0.02,0.245,0.5,-20.69,-10.02,-6.04,13.39,27.88,1.02,0.49,0.35,0.76,0.37,0.26,0.33
0150,FINTEC GLOBAL BERHAD,0.05,0.25,0.031,0.167,225.48,0.0,36.68,-3.25,0.0,0.11,2.5,0.65,0.08,1.88,0.49,0.08
0151,KELINGTON GROUP BERHAD,2.34,0.05,0.95,2.7,25.46,26.91,5.79,-3.05,63.16,0.29,0.28,0.6,0.22,0.21,0.45,1.53
0152,DGB ASIA BERHAD,0.065,-0.01,0.06,0.54,0.0,0.0,0.0,-8.28,0.0,-0.1,-0.1,-0.1,-0.08,-0.08,-0.08,0.22
0153,OVERSEA ENTERPRISE BERHAD,0.13,-0.01,0.04,0.31,0.0,0.0,0.0,-14.75,18.75,-0.12,-0.12,-0.12,-0.09,-0.09,-0.09,0.13
0154,EA HOLDINGS BERHAD,0.03,-0.01,0.01,0.05,0.0,0.0,0.0,4.0,0.0,-0.1,-0.1,-0.1,-0.08,-0.08,-0.08,0.02
0155,MALAYSIAN GENOMICS RESOURCE CENTRE BERHAD,1.26,-0.08,0.185,1.33,203.66,33.82,0.0,19.19,0.0,-0.04,-0.22,-0.8,-0.03,-0.16,-0.6,0.56
0156,MANAGEPAY SYSTEMS BERHAD,0.19,-0.05,0.07,0.32,0.0,0.0,0.0,-15.12,0.0,-0.5,-0.5,-0.5,-0.38,-0.38,-0.38,0.15
0157,FOCUS POINT HOLDINGS BERHAD,0.835,0.03,0.247,0.98,0.0,58.87,0.0,18.92,56.49,0.47,0.08,0.47,0.35,0.06,0.35,0.49
0158,SCC HOLDINGS BERHAD,0.415,0.01,0.33,0.515,-7.17,-3.8,0.0,21.95,46.5,0.32,0.22,0.15,0.24,0.16,0.11,0.39
0160,HIAP HUAT HOLDINGS BERHAD,0.12,-0.01,0.07,0.15,25.99,0.0,0.0,12.5,0.0,-0.03,-0.1,-0.1,-0.02,-0.08,-0.08,0.1
0161,SCH GROUP BERHAD,0.275,-0.04,0.18,0.54,0.0,0.0,0.0,10.44,81.99,-0.73,-0.73,-0.73,-0.55,-0.55,-0.55,0.3
0163,CAREPLUS GROUP BERHAD,2.08,0.22,0.305,5.759,0.0,0.0,0.0,-83.25,4.68,2.3,2.3,2.3,1.72,1.72,1.72,2.1
0166,INARI AMERTRON BERHAD,3.4,0.07,1.34,3.75,-13.79,-3.82,12.08,43.04,44.7,2.43,1.25,0.57,1.82,0.94,0.43,2.14
0167,MCLEAN TECHNOLOGIES BERHAD,0.46,0.01,0.115,0.715,0.0,0.0,0.0,-7.66,0.0,0.1,0.1,0.1,0.08,0.08,0.08,0.31
0168,BOILERMECH HOLDINGS BERHAD,1.37,0.04,0.43,1.56,0.3,-9.89,0.0,15.06,20.63,0.47,0.93,0.48,0.35,0.7,0.36,0.8
0169,SMTRACK BERHAD,0.09,-0.01,0.06,0.58,0.0,0.0,0.0,-9.35,0.0,-0.1,-0.1,-0.1,-0.08,-0.08,-0.08,0.23
0170,KANGER INTERNATIONAL BERHAD,0.06,-0.01,0.055,0.33,-11.61,-15.67,0.0,21.88,0.0,-0.21,-0.27,-0.1,-0.16,-0.2,-0.08,0.15
0171,PETERLABS HOLDINGS BERHAD,0.225,0.01,0.15,0.32,7.32,4.33,0.0,12.38,22.82,0.08,0.08,0.12,0.06,0.06,0.09,0.21
0174,iDIMENSION CONSOLIDATED BHD,0.07,-0.02,0.015,0.13,0.0,0.0,0.0,-2.46,0.0,-0.2,-0.2,-0.2,-0.15,-0.15,-0.15,0.05
0176,KRONOLOGI ASIA BERHAD,0.695,0.02,0.495,0.945,12.48,0.0,0.0,46.36,8.68,0.12,0.22,0.22,0.09,0.16,0.16,0.64
0177,PASUKHAS GROUP BERHAD,0.025,-0.02,0.025,0.19,0.0,0.0,0.0,6.0,0.0,-0.2,-0.2,-0.2,-0.15,-0.15,-0.15,0.08
0179,BIOALPHA HOLDINGS BERHAD,0.21,-0.03,0.1,0.395,-8.83,-5.86,0.0,23.25,3.09,-0.53,-0.46,-0.31,-0.4,-0.34,-0.23,0.2
0180,KIM TECK CHEONG CONSOLIDATED BERHAD,0.165,0.01,0.125,0.245,54.75,-7.49,0.0,6.5,0.0,0.02,0.2,0.1,0.02,0.15,0.08,0.16
0181,AEMULUS HOLDINGS BERHAD,0.88,-0.0,0.175,1.04,0.0,0.0,0.0,-1.0,22.22,0.0,0.0,0.0,0.0,0.0,0.0,0.46
0182,LKL INTERNATIONAL BERHAD,0.315,0.01,0.215,2.02,-1.61,-11.95,0.0,12.0,41.67,0.16,0.32,0.14,0.12,0.24,0.11,0.81
0183,SALUTICA BERHAD,0.58,-0.03,0.395,0.75,0.0,0.0,0.0,3.38,16.27,-0.35,-0.35,-0.35,-0.26,-0.26,-0.26,0.51
0185,HSS ENGINEERS BERHAD,0.595,0.02,0.385,0.695,-63.21,0.0,0.0,12.88,5.06,660.42,0.21,0.21,495.31,0.16,0.16,0.49
0186,PERAK TRANSIT BERHAD,0.79,0.06,0.505,0.981,20.27,23.36,0.0,3.34,11.91,0.28,0.25,0.67,0.21,0.19,0.5,0.66
0187,BCM ALLIANCE BERHAD,0.205,0.0,0.11,0.455,-17.72,-1.78,0.0,18.62,4.89,0.0,0.0,0.0,0.0,0.0,0.0,0.22
0188,HLT GLOBAL BERHAD,1.07,0.02,0.19,3.33,-29.03,-24.44,0.0,51.88,0.0,1.85,1.15,0.2,1.39,0.86,0.15,1.23
0190,EVERSAFE RUBBER BERHAD,0.235,0.01,0.14,0.355,-53.99,-21.23,0.0,14.0,65.05,47.04,0.54,0.17,35.28,0.4,0.13,0.21
0191,CABNET HOLDINGS BERHAD,0.25,-0.03,0.135,0.36,-27.79,-9.95,0.0,13.0,10.73,-2.85,-0.6,-0.33,-2.14,-0.45,-0.25,0.21
0193,KEJURUTERAAN ASASTERA BERHAD,1.03,0.0,0.417,1.172,8.82,16.87,0.0,62.25,12.78,0.0,0.0,0.0,0.0,0.0,0.0,0.67
0196,QES GROUP BERHAD,0.605,0.01,0.125,0.665,-29.35,-12.58,0.0,5.75,9.95,0.65,0.27,0.11,0.49,0.2,0.08,0.3
0197,WEGMANS HOLDINGS BERHAD,0.325,0.02,0.14,0.395,-19.61,16.36,0.0,8.62,4.92,0.8,0.1,0.21,0.6,0.08,0.16,0.22
0199,TRI-MODE SYSTEM (M) BERHAD,0.5,0.03,0.25,0.65,-18.17,0.0,0.0,12.12,14.7,1.19,0.34,0.34,0.89,0.26,0.26,0.38
0200,REVENUE GROUP BERHAD,2.31,0.02,1.01,2.42,9.12,33.75,0.0,29.5,0.0,0.13,0.06,0.2,0.1,0.04,0.15,1.48
0201,NOVA WELLNESS GROUP BERHAD,0.845,0.05,0.508,1.302,-1.77,1.14,0.0,8.0,111.18,1.16,0.96,1.06,0.87,0.72,0.8,0.77
0202,RADIANT GLOBALTECH BERHAD,0.365,0.0,0.26,0.465,-15.97,0.0,0.0,18.0,0.0,0.0,0.0,0.0,0.0,0.0,0.0,0.33
0203,SECUREMETRIC BERHAD,0.15,-0.01,0.095,0.225,-30.8,0.0,0.0,10.12,0.0,-0.79,-0.1,-0.1,-0.59,-0.08,-0.08,0.14
0205,DPI HOLDINGS BERHAD,0.655,0.02,0.124,0.66,-13.38,0.0,0.0,8.75,8.02,0.59,0.22,0.22,0.44,0.16,0.16,0.3
0207,MESTRON HOLDINGS BERHAD,0.31,0.01,0.075,0.325,-14.35,0.0,0.0,6.0,0.0,0.24,0.1,0.1,0.18,0.08,0.08,0.16
0208,GREATECH TECHNOLOGY BERHAD,5.95,0.07,1.3,6.75,32.52,0.0,0.0,75.83,0.0,0.2,0.7,0.7,0.15,0.52,0.52,3.1
0209,I-STONE GROUP BERHAD,0.255,0.01,0.14,0.335,41.45,0.0,0.0,12.25,0.0,0.02,0.1,0.1,0.02,0.08,0.08,0.2
0210,KIM HIN JOO (MALAYSIA) BERHAD,0.265,0.01,0.17,0.29,-33.05,0.0,0.0,4.5,1.28,1.11,0.1,0.1,0.83,0.08,0.08,0.21
0212,SDS GROUP BERHAD,0.445,0.02,0.125,0.445,-8.53,0.0,0.0,6.25,0.0,0.34,0.2,0.2,0.26,0.15,0.15,0.23
0213,MTAG GROUP BERHAD,0.765,0.05,0.325,1.22,14.62,0.0,0.0,5.1,3.2,0.27,0.52,0.52,0.2,0.39,0.39,0.62
0215,SOLARVEST HOLDINGS BERHAD,1.53,0.02,0.56,2.207,55.7,0.0,0.0,9.12,0.0,0.04,0.2,0.2,0.03,0.15,0.15,1.1
0216,SPRING ART HOLDINGS BERHAD,0.335,0.02,0.16,0.49,34.24,0.0,0.0,13.0,0.0,0.06,0.2,0.2,0.04,0.15,0.15,0.27
0219,RESERVOIR LINK ENERGY BHD,0.82,0.04,0.3,0.855,134.89,0.0,0.0,4.8,0.0,0.03,0.4,0.4,0.02,0.3,0.3,0.48
0220,OCEAN VANTAGE HOLDINGS BERHAD,0.365,0.02,0.345,0.78,40.09,0.0,0.0,11.12,0.0,0.05,0.2,0.2,0.04,0.15,0.15,0.49
1015,AMMB HOLDINGS BERHAD,3.03,0.34,2.63,3.79,0.46,-6.9,2.55,8.68,30.66,4.32,6.73,3.91,3.24,5.05,2.93,3.01
1023,CIMB GROUP HOLDINGS BERHAD,4.29,0.12,2.9,4.75,-37.63,-18.56,-13.1,22.67,42.68,49.4,6.23,3.95,37.05,4.67,2.96,3.51
1058,MANULIFE HOLDINGS BERHAD,2.21,0.19,1.76,2.44,-17.45,-6.02,-7.85,16.72,53.94,9.73,4.2,4.78,7.3,3.15,3.58,1.98
1066,RHB BANK BERHAD,5.3,0.51,4.17,5.98,1.42,-2.69,-1.95,10.11,28.3,6.06,7.62,7.29,4.54,5.72,5.47,4.77
1082,HONG LEONG FINANCIAL GROUP BERHAD,16.74,1.72,12.34,18.7,7.47,1.53,7.37,10.38,23.27,14.57,19.52,14.64,10.93,14.64,10.98,14.44
1155,MALAYAN BANKING BERHAD,8.28,0.57,6.96,9.01,-7.11,-4.33,-0.65,13.34,59.06,13.9,11.69,9.4,10.42,8.77,7.05,7.64
1163,ALLIANZ MALAYSIA BERHAD,13.4,2.94,13.02,15.5,21.75,10.96,11.56,13.06,12.94,13.13,19.6,19.1,9.85,14.7,14.32,13.84
1171,MALAYSIA BUILDING SOCIETY BERHAD,0.645,0.04,0.485,0.77,30.82,-21.87,8.1,13.47,40.45,0.17,2.6,0.37,0.13,1.95,0.28,0.58
1201,SUMATEC RESOURCES BERHAD,0.005,-0.0,0.005,0.01,0.0,0.0,0.0,8.38,0.0,0.0,0.0,0.0,0.0,0.0,0.0,0.01
1287,PAN MALAYSIA HOLDINGS BERHAD,0.1,-0.0,0.08,0.375,0.0,0.0,0.0,-25.12,0.0,0.0,0.0,0.0,0.0,0.0,0.0,0.18
1295,PUBLIC BANK BERHAD,4.2,0.25,2.9,4.97,-3.97,-0.87,6.34,77.4,45.24,4.56,3.82,2.62,3.42,2.86,1.96,3.58
1368,UEM EDGENTA BERHAD,1.7,0.02,1.47,2.73,31.19,-2.46,-0.39,15.22,66.59,0.1,0.42,0.34,0.08,0.32,0.26,1.89
1481,ADVANCE SYNERGY BERHAD,0.155,-0.04,0.105,0.3,168.87,0.0,8.74,-5.56,15.13,-0.03,-0.46,-0.3,-0.02,-0.34,-0.22,0.17
1562,BERJAYA SPORTS TOTO BERHAD,2.07,0.1,1.88,2.416,-18.26,-13.69,-9.03,15.57,8.95,3.83,2.7,1.91,2.87,2.03,1.43,2.06
1619,DRB-HICOM BERHAD,1.9,0.29,1.36,2.25,0.0,-23.09,-18.2,13.38,0.0,2.9,16.16,10.36,2.17,12.12,7.77,1.65
1643,LANDMARKS BERHAD,0.455,0.12,0.21,0.655,0.0,0.0,0.0,-12.4,0.0,1.2,1.2,1.2,0.9,0.9,0.9,0.36
1818,BURSA MALAYSIA BERHAD,8.5,0.47,5.631,10.885,19.16,13.62,12.64,27.27,71.4,3.48,4.26,4.44,2.61,3.2,3.33,7.36
2062,HARBOUR-LINK GROUP BERHAD,0.805,0.07,0.445,1.03,-3.28,-12.94,3.04,8.78,23.03,1.05,2.0,0.73,0.79,1.5,0.55,0.64
2097,EASTLAND EQUITY BHD,0.13,-0.03,0.05,0.23,0.0,0.0,0.0,-0.75,0.0,-0.3,-0.3,-0.3,-0.22,-0.22,-0.22,0.11
2127,COMFORT GLOVES BERHAD,2.76,0.49,1.013,7.159,8.84,42.46,6.59,33.16,5.1,3.33,1.18,3.69,2.5,0.88,2.77,3.04
2143,ECM LIBRA FINANCIAL GROUP BERHAD,0.22,-0.05,0.2,0.265,11.98,8.17,24.4,15.04,0.0,-0.28,-0.33,-0.18,-0.21,-0.25,-0.14,0.22
2186,KUCHAI DEVELOPMENT BERHAD,1.6,0.07,1.16,1.7,-60.83,-35.01,-27.87,39.62,0.47,1293.77,14.88,6.56,970.33,11.16,4.92,1.34
2194,MMC CORPORATION BERHAD,1.03,0.12,0.62,1.26,18.46,-25.78,0.85,18.4,34.83,0.72,12.03,1.55,0.54,9.02,1.16,0.83
2488,ALLIANCE BANK MALAYSIA BERHAD,2.62,0.26,1.89,3.06,-6.48,-4.67,3.41,10.35,40.68,5.35,4.84,3.07,4.01,3.63,2.3,2.28
2658,AJINOMOTO (MALAYSIA) BERHAD,15.9,0.93,13.5,17.26,-31.65,15.02,9.59,14.57,37.16,176.16,6.4,7.98,132.12,4.8,5.98,14.74
2674,ALCOM GROUP BERHAD,1.15,0.01,0.35,1.25,-37.13,0.0,0.0,-11.5,0.0,2.07,0.1,0.1,1.55,0.08,0.08,0.65
2739,SINO HUA-AN INTERNATIONAL BERHAD,0.13,-0.1,0.06,0.23,0.0,0.0,0.0,1.19,0.0,-1.0,-1.0,-1.0,-0.75,-0.75,-0.75,0.12
2755,FCW HOLDINGS BERHAD,1.04,0.07,0.55,1.09,185.75,-18.66,20.94,35.25,34.91,0.05,3.55,0.38,0.04,2.66,0.29,0.73
2771,BOUSTEAD HOLDINGS BERHAD,0.59,-0.27,0.43,0.825,0.0,0.0,0.0,131.68,61.48,-4.36,-4.36,-4.36,-3.27,-3.27,-3.27,0.56
2828,C.I. HOLDINGS BERHAD,2.34,0.23,1.15,2.6,3.64,19.72,-3.61,11.13,28.64,2.48,1.25,3.64,1.86,0.94,2.73,1.63
2836,CARLSBERG BREWERY MALAYSIA BERHAD,23.1,0.53,18.22,29.732,-9.83,-5.56,1.98,32.32,40.16,13.73,10.35,6.67,10.3,7.76,5.0,22.02
2852,CAHYA MATA SARAWAK BERHAD,2.09,0.18,1.06,2.52,-1.9,-6.94,13.62,16.92,29.66,2.59,3.57,1.23,1.94,2.68,0.92,1.54
2925,CYCLE & CARRIAGE BINTANG BERHAD,2.42,-0.13,1.31,2.48,0.0,0.0,0.0,-5.14,17.63,-1.53,-1.53,-1.53,-1.15,-1.15,-1.15,1.7
2984,FACB INDUSTRIES INCORPORATED BERHAD,1.3,0.02,1.11,1.6,-36.17,-14.15,-14.63,37.34,31.64,6.24,0.74,0.68,4.68,0.55,0.51,1.27
3018,OLYMPIA INDUSTRIES BERHAD,0.095,-0.03,0.07,0.135,0.0,0.0,0.0,3.25,0.0,-0.3,-0.3,-0.3,-0.22,-0.22,-0.22,0.09
3026,DUTCH LADY MILK INDUSTRIES BERHAD,35.48,1.15,34.12,48.48,-11.6,-1.28,5.52,28.66,43.24,34.55,17.7,12.41,25.91,13.27,9.31,38.86
3034,HAP SENG CONSOLIDATED BERHAD,8.27,0.3,6.92,9.6,3.31,6.37,24.7,20.52,60.16,4.02,3.46,1.73,3.01,2.6,1.3,7.8
3042,PETRON MALAYSIA REFINING & MARKETING BHD,4.67,-0.05,3.0,6.75,-9.33,0.0,1.98,9.78,16.63,-1.07,-0.58,-0.53,-0.8,-0.43,-0.4,4.24
3069,MEGA FIRST CORPORATION BERHAD,7.17,0.65,4.55,8.1,1.01,5.58,3.94,13.29,18.32,7.28,5.77,6.26,5.46,4.33,4.7,5.72
3107,FIMA CORPORATION BERHAD,1.86,0.06,1.25,1.88,-32.08,-32.95,-15.09,16.4,57.78,13.4,15.25,2.57,10.05,11.44,1.93,1.46
3182,GENTING BERHAD,4.88,-0.26,2.901,5.53,0.0,0.0,0.0,3.85,15.76,-3.01,-3.01,-3.01,-2.26,-2.26,-2.26,3.77
3247,GUH HOLDINGS BERHAD,0.44,-0.16,0.305,0.6,-35.67,-24.46,-18.94,-12.38,31.62,-47.79,-13.22,-8.16,-35.84,-9.92,-6.12,0.4
3255,HEINEKEN MALAYSIA BERHAD,25.3,0.51,17.86,27.34,8.78,5.75,8.23,25.49,27.48,4.22,4.83,4.33,3.16,3.62,3.25,20.99
3298,HEXZA CORPORATION BERHAD,1.1,0.09,0.755,2.26,-11.48,1.92,-0.26,8.28,71.87,3.22,1.39,1.59,2.42,1.04,1.19,1.25
3301,HONG LEONG INDUSTRIES BERHAD,9.45,0.55,7.35,10.2,17.35,-0.82,-0.37,20.57,47.27,3.73,8.48,8.27,2.8,6.36,6.2,8.29
3379,INSAS BERHAD,0.85,0.16,0.55,1.02,-52.24,-30.42,-10.44,18.55,15.46,582.99,22.56,3.52,437.24,16.92,2.64,0.71
3395,BERJAYA CORPORATION BERHAD,0.38,-0.01,0.168,0.505,0.0,0.0,0.0,0.17,0.0,-0.1,-0.1,-0.1,-0.08,-0.08,-0.08,0.28
3441,JOHAN HOLDINGS BERHAD,0.135,-0.04,0.055,0.27,0.0,0.0,0.0,-4.22,0.0,-0.4,-0.4,-0.4,-0.3,-0.3,-0.3,0.13
3476,KECK SENG (MALAYSIA) BERHAD,3.68,-0.18,3.44,4.11,-7.85,-7.35,-1.29,40.22,37.54,-3.99,-3.84,-2.66,-2.99,-2.88,-2.0,3.66
3514,MARCO HOLDINGS BERHAD,0.13,0.01,0.095,0.185,-3.58,-3.65,7.72,9.75,40.2,0.2,0.2,0.1,0.15,0.15,0.08,0.12
3662,MALAYAN FLOUR MILLS BERHAD,0.94,0.01,0.495,1.06,-37.99,-22.58,-14.87,18.88,93.0,4.76,0.78,0.5,3.57,0.58,0.38,0.68
3689,FRASER & NEAVE HOLDINGS BHD,30.0,1.14,29.46,33.38,8.27,7.89,-5.38,29.59,61.59,12.22,12.42,25.26,9.17,9.32,18.94,30.75
3719,PANASONIC MANUFACTURING MALAYSIA BERHAD,31.4,1.67,27.88,32.68,-2.62,3.31,6.08,16.96,49.94,29.05,21.03,18.35,21.79,15.77,13.76,29.46
3778,MELEWAR INDUSTRIAL GROUP BERHAD,0.49,0.05,0.17,0.62,0.0,0.0,0.0,3.28,15.2,0.58,0.58,0.58,0.43,0.43,0.43,0.32
3794,MALAYAN CEMENT BERHAD,2.92,-0.12,1.77,3.19,0.0,0.0,0.0,4.74,0.0,-1.2,-1.2,-1.2,-0.9,-0.9,-0.9,2.24
3816,MISC BERHAD,6.82,-0.01,5.96,8.55,0.0,0.0,0.0,-330.46,37.07,-0.14,-0.14,-0.14,-0.11,-0.11,-0.11,6.81
3859,MAGNUM BERHAD,2.19,0.01,1.95,2.426,8.1,-1.37,-6.0,25.04,111.64,0.14,0.24,0.39,0.11,0.18,0.29,2.11
3867,MALAYSIAN PACIFIC INDUSTRIES BERHAD,39.58,0.92,10.0,43.8,-4.96,7.08,4.06,11.69,41.64,17.38,9.13,10.55,13.04,6.85,7.91,21.15
3883,MUDA HOLDINGS BERHAD,2.78,0.3,1.14,3.83,27.87,12.59,0.73,13.9,31.25,1.29,2.17,3.78,0.97,1.63,2.84,2.03
3891,MALAYAN UNITED INDUSTRIES BERHAD,0.095,-0.06,0.08,0.205,0.0,0.0,0.0,5.88,0.0,-0.6,-0.6,-0.6,-0.45,-0.45,-0.45,0.12
3905,MULPHA INTERNATIONAL BERHAD,1.61,-0.18,1.15,1.62,0.0,0.0,0.0,20.57,0.0,-1.8,-1.8,-1.8,-1.35,-1.35,-1.35,1.31
4006,ORIENTAL HOLDINGS BERHAD,5.22,0.19,4.854,5.886,8.06,1.27,0.83,11.72,25.84,1.6,2.22,2.27,1.2,1.66,1.7,5.19
4065,PPB GROUP BERHAD,18.58,0.93,15.96,19.74,3.0,4.61,-3.51,21.58,29.72,10.3,9.49,14.78,7.72,7.12,11.08,17.21
4081,PAN MALAYSIA CORPORATION BERHAD,0.13,-0.0,0.095,0.195,0.0,0.0,0.0,-2.88,43.48,0.0,0.0,0.0,0.0,0.0,0.0,0.13
4162,BRITISH AMERICAN TOBACCO (MALAYSIA) BERHAD,13.8,0.85,9.8,15.32,-21.11,-23.28,-10.47,17.79,99.69,78.07,95.55,32.76,58.55,71.66,24.57,11.62
4197,SIME DARBY BERHAD,2.34,0.18,1.693,2.55,-30.92,-20.32,0.01,17.57,84.96,42.43,14.15,3.33,31.82,10.61,2.5,1.98
4219,BERJAYA LAND BERHAD,0.32,-0.01,0.16,0.52,0.0,0.0,0.0,-6.12,0.0,-0.1,-0.1,-0.1,-0.08,-0.08,-0.08,0.28
4235,LION INDUSTRIES CORPORATION BERHAD,0.765,-0.15,0.21,0.97,0.0,0.0,0.0,2.85,1.16,-1.52,-1.52,-1.52,-1.14,-1.14,-1.14,0.46
4243,WTK HOLDINGS BERHAD,0.47,-0.34,0.3,0.575,0.0,0.0,0.0,6.29,21.19,-4.12,-4.12,-4.12,-3.09,-3.09,-3.09,0.39
4324,HENGYUAN REFINING COMPANY BERHAD,5.35,0.84,2.55,7.33,-52.5,0.0,-18.86,25.71,14.54,3112.69,9.62,36.14,2334.52,7.22,27.1,4.13
4359,TURIYA BERHAD,0.32,0.0,0.075,0.45,0.0,-18.02,-33.3,1.5,0.0,0.0,0.0,0.0,0.0,0.0,0.0,0.2
4405,TAN CHONG MOTOR HOLDINGS BERHAD,1.21,-0.25,1.0,1.29,0.0,-16.23,-11.78,0.19,26.65,-3.17,-9.52,-6.65,-2.38,-7.14,-4.99,1.1
4456,DAGANG NEXCHANGE BERHAD,0.81,0.0,0.145,1.05,-47.11,2.3,-5.28,13.78,18.99,0.0,0.0,0.0,0.0,0.0,0.0,0.44
4588,UMW HOLDINGS BERHAD,3.29,0.18,2.02,3.64,0.0,-6.96,1.24,-68.43,39.27,2.51,3.81,2.34,1.88,2.86,1.76,2.55
4634,POS MALAYSIA BERHAD,0.87,-0.39,0.76,1.24,0.0,0.0,0.0,4.8,0.0,-3.9,-3.9,-3.9,-2.92,-2.92,-2.92,0.92
4677,YTL CORPORATION BERHAD,0.73,-0.02,0.629,1.016,0.0,0.0,0.0,7.25,155.33,-0.51,-0.51,-0.51,-0.38,-0.38,-0.38,0.76
4707,NESTLE (MALAYSIA) BERHAD,136.5,2.36,134.0,147.0,-5.06,-1.33,3.51,43.8,96.67,62.47,50.03,38.57,46.85,37.52,28.93,138.29
4715,GENTING MALAYSIA BERHAD,2.92,-0.38,1.927,3.31,0.0,0.0,0.0,10.72,24.71,-4.74,-4.74,-4.74,-3.56,-3.56,-3.56,2.38
4731,SCIENTEX BERHAD,4.13,0.27,3.91,11.496,11.22,16.67,18.38,53.48,28.92,2.03,1.64,1.54,1.52,1.23,1.16,6.41
4758,ANCOM BERHAD,1.38,-0.01,0.583,1.57,0.0,0.0,0.0,-3.67,0.0,-0.1,-0.1,-0.1,-0.08,-0.08,-0.08,0.91
4847,KONSORTIUM TRANSNASIONAL BERHAD,0.14,-0.06,0.03,0.255,0.0,0.0,0.0,10.62,0.0,-0.6,-0.6,-0.6,-0.45,-0.45,-0.45,0.1
4944,NYLEX (MALAYSIA) BERHAD,0.77,-0.1,0.424,0.961,0.0,0.0,0.0,-11.22,51.16,-1.51,-1.51,-1.51,-1.13,-1.13,-1.13,0.6
4995,VERSATILE CREATIVE BERHAD,0.68,-0.02,0.21,0.9,0.0,0.0,0.0,-18.27,0.0,-0.2,-0.2,-0.2,-0.15,-0.15,-0.15,0.44
5000,HUME CEMENT INDUSTRIES BERHAD,1.29,-0.03,0.73,1.43,0.0,0.0,0.0,22.5,11.33,-0.33,-0.33,-0.33,-0.25,-0.25,-0.25,0.96
5001,MIECO CHIPBOARD BERHAD,0.56,-0.01,0.138,0.619,-73.0,-38.07,0.0,32.97,2.04,-4856.94,-2.41,-0.1,-3642.7,-1.81,-0.08,0.3
5005,UNISEM (M) BERHAD,8.04,0.18,1.81,9.43,-3.51,-2.4,-3.19,-92.55,56.82,3.47,3.24,3.36,2.6,2.43,2.52,4.32
5007,CHIN WELL HOLDINGS BERHAD,1.26,0.01,0.935,1.35,-63.59,-43.6,-16.74,53.95,39.5,244.23,9.21,0.37,183.17,6.91,0.28,1.07
5008,HARRISONS HOLDINGS (MALAYSIA) BERHAD,4.03,0.43,3.18,4.15,9.31,0.0,-1.24,12.64,42.71,3.88,6.14,6.55,2.91,4.6,4.91,3.5
5009,WHITE HORSE BERHAD,0.685,-0.24,0.565,0.87,0.0,0.0,0.0,33.66,37.8,-3.31,-3.31,-3.31,-2.48,-2.48,-2.48,0.67
5010,TONG HERR RESOURCES BERHAD,2.69,0.2,1.6,2.68,-28.1,-11.72,6.86,-42.04,72.98,31.42,7.34,2.44,23.56,5.5,1.83,1.96
5011,MESINIAGA BERHAD,1.47,-0.15,0.8,1.84,0.0,0.0,0.0,-49.2,48.98,-2.23,-2.23,-2.23,-1.67,-1.67,-1.67,1.14
5014,MALAYSIA AIRPORTS HOLDINGS BERHAD,6.33,-0.67,4.05,6.83,213.27,-11.14,-1.17,136.5,45.01,-0.46,-19.71,-10.36,-0.34,-14.78,-7.77,4.97
5015,APM AUTOMOTIVE HOLDINGS BERHAD,2.29,-0.05,1.62,2.66,-17.55,-22.68,-9.3,14.5,48.09,-2.48,-3.93,-1.33,-1.86,-2.95,-1.0,1.96
5016,WARISAN TC HOLDINGS BERHAD,1.45,-0.93,1.11,1.58,0.0,0.0,0.0,30.5,20.88,-11.24,-11.24,-11.24,-8.43,-8.43,-8.43,1.27
5021,AYS VENTURES BERHAD,0.39,-0.0,0.15,0.565,0.0,0.0,0.0,4.88,24.01,0.0,0.0,0.0,0.0,0.0,0.0,0.29
5022,PAOS HOLDINGS BERHAD,0.31,-0.01,0.2,0.445,0.0,0.0,0.0,17.0,118.43,-0.22,-0.22,-0.22,-0.16,-0.16,-0.16,0.28
5024,HUP SENG INDUSTRIES BERHAD,0.935,0.04,0.89,1.08,-5.65,1.7,11.94,17.42,71.52,0.98,0.63,0.39,0.74,0.47,0.29,0.95
5025,NWP HOLDINGS BERHAD,0.195,-0.01,0.03,0.31,0.0,0.0,0.0,-18.6,0.0,-0.1,-0.1,-0.1,-0.08,-0.08,-0.08,0.12
5028,HEITECH PADU BERHAD,1.49,0.11,0.71,1.85,1.21,0.0,-2.97,25.97,48.93,1.53,1.64,1.93,1.15,1.23,1.45,1.09
5032,BINTULU PORT HOLDINGS BERHAD,4.3,0.2,3.67,4.4,-15.42,-6.07,-5.98,16.6,71.42,9.5,4.98,4.93,7.12,3.74,3.7,3.91
5035,KNUSFORD BERHAD,0.83,0.0,0.52,1.24,0.0,-9.75,9.33,22.43,13.46,0.0,0.0,0.0,0.0,0.0,0.0,0.76
5036,EDARAN BERHAD,0.45,-0.02,0.27,0.655,0.0,0.0,0.0,-1.92,0.0,-0.2,-0.2,-0.2,-0.15,-0.15,-0.15,0.4
5037,COMPUGATES HOLDINGS BERHAD,0.02,-0.0,0.01,0.05,0.0,0.0,0.0,-3.12,0.0,0.0,0.0,0.0,0.0,0.0,0.0,0.02
5041,PBA HOLDINGS BHD,0.865,0.07,0.82,0.92,-25.87,0.32,5.44,4.38,29.04,6.78,0.87,0.68,5.08,0.65,0.51,0.85
5048,YI-LAI BERHAD,0.595,0.04,0.24,0.786,0.0,0.0,0.0,-8.62,39.45,0.56,0.56,0.56,0.42,0.42,0.42,0.42
5056,ENGTEX GROUP BERHAD,0.65,0.03,0.42,0.835,0.0,0.0,0.0,15.25,7.53,0.32,0.32,0.32,0.24,0.24,0.24,0.56
5065,ORNAPAPER BERHAD,1.66,0.19,0.93,2.17,19.24,6.49,11.27,8.82,10.26,0.9,1.5,1.22,0.68,1.12,0.92,1.34
5066,NTPM HOLDINGS BERHAD,0.6,0.06,0.405,0.87,-49.85,-31.82,-20.11,32.58,61.41,188.82,13.36,4.15,141.62,10.02,3.11,0.56
5068,LUSTER INDUSTRIES BHD.,0.215,0.0,0.06,0.295,0.0,72.63,0.0,-0.75,0.0,0.0,0.0,0.0,0.0,0.0,0.0,0.14
5071,COASTAL CONTRACTS BHD,0.815,-0.25,0.565,0.92,0.0,0.0,0.0,13.76,10.47,-2.76,-2.76,-2.76,-2.07,-2.07,-2.07,0.68
5072,HIAP TECK VENTURE BERHAD,0.48,0.04,0.15,0.545,0.0,0.0,-30.76,4.75,34.94,0.54,0.54,6.32,0.4,0.4,4.74,0.28
5077,MALAYSIAN BULK CARRIERS BERHAD,0.625,-0.02,0.32,0.675,0.0,0.0,0.0,-25.94,23.4,-0.25,-0.25,-0.25,-0.19,-0.19,-0.19,0.44
5078,MARINE & GENERAL BERHAD,0.15,0.0,0.055,0.23,0.0,0.0,0.0,-4.55,0.0,0.0,0.0,0.0,0.0,0.0,0.0,0.11
5079,GETS GLOBAL BERHAD,2.41,-0.1,0.08,4.05,0.0,0.0,0.0,-9.85,0.0,-1.0,-1.0,-1.0,-0.75,-0.75,-0.75,1.39
5080,POH KONG HOLDINGS BERHAD,0.785,0.08,0.445,1.8,-6.16,11.01,-2.82,11.9,27.2,1.49,0.59,1.2,1.12,0.44,0.9,0.89
5081,ESTHETICS INTERNATIONAL GROUP BERHAD,0.42,-0.0,0.37,0.5,-27.41,-21.96,0.0,34.56,53.62,0.0,0.0,0.0,0.0,0.0,0.0,0.41
5082,CYMAO HOLDINGS BERHAD,1.15,0.05,0.14,3.45,0.0,0.0,0.0,-6.82,0.0,0.5,0.5,0.5,0.38,0.38,0.38,1.23
5087,MYCRON STEEL BERHAD,0.73,0.03,0.225,0.825,0.0,0.0,0.0,-1.34,0.0,0.3,0.3,0.3,0.22,0.22,0.22,0.42
5088,APEX EQUITY HOLDINGS BERHAD,0.96,0.08,0.67,1.25,-16.92,-26.9,-8.61,22.72,68.51,4.53,10.79,2.31,3.4,8.09,1.73,0.86
5094,CSC STEEL HOLDINGS BERHAD,1.55,0.1,0.71,1.61,-20.33,0.0,-9.09,12.02,48.58,6.31,1.49,2.62,4.73,1.12,1.96,1.01
5095,HEVEABOARD BERHAD,0.615,0.03,0.33,0.835,-44.71,-14.16,-7.65,14.45,44.95,37.46,1.15,0.71,28.1,0.86,0.53,0.5
5098,MALAYSIA STEEL WORKS (KL) BHD,0.6,-0.03,0.275,0.775,0.0,0.0,0.0,-4.66,8.5,-0.33,-0.33,-0.33,-0.25,-0.25,-0.25,0.44
5099,AIRASIA GROUP BERHAD,0.935,-1.34,0.51,1.27,0.0,0.0,0.0,1.11,9.8,-14.71,-14.71,-14.71,-11.03,-11.03,-11.03,0.76
5100,BP PLASTICS HOLDING BHD,1.41,0.16,0.88,1.76,5.88,15.28,2.68,11.75,63.25,1.94,1.3,2.26,1.46,0.98,1.69,1.17
5101,EVERGREEN FIBREBOARD BERHAD,0.4,-0.12,0.15,0.53,0.0,0.0,0.0,2.28,17.17,-1.41,-1.41,-1.41,-1.06,-1.06,-1.06,0.28
5102,GUAN CHONG BERHAD,3.0,0.22,2.18,3.79,67.54,0.0,30.3,33.36,19.66,0.39,2.63,0.81,0.29,1.97,0.61,2.71
5104,CNI HOLDINGS BERHAD,0.205,0.0,0.04,0.275,0.0,0.0,0.0,-10.0,31.02,0.0,0.0,0.0,0.0,0.0,0.0,0.12
5105,CAN-ONE BERHAD,3.16,0.4,2.402,3.6,102.26,54.79,33.65,6.36,10.05,0.43,0.79,1.24,0.32,0.59,0.93,2.8
5106,AXIS REAL ESTATE INVESTMENT TRUST,1.91,0.1,1.81,2.25,-3.49,2.28,-4.41,15.36,69.84,2.08,1.49,2.21,1.56,1.12,1.66,1.96
5107,IQ GROUP HOLDINGS BERHAD,0.935,-0.04,0.33,1.39,0.0,0.0,0.0,-22.38,24.6,-0.5,-0.5,-0.5,-0.38,-0.38,-0.38,0.68
5109,YTL HOSPITALITY REIT,0.88,-0.03,0.69,1.16,0.0,-39.95,-14.36,-6.5,85.42,-0.56,-21.32,-1.51,-0.42,-15.99,-1.13,0.85
5110,UOA REAL ESTATE INVESTMENT TRUST,1.12,0.05,1.07,1.29,-3.07,-20.74,-4.14,16.98,71.72,1.04,3.88,1.1,0.78,2.91,0.82,1.14
5111,TOWER REAL ESTATE INVESTMENT TRUST,0.6,0.02,0.55,0.775,-23.41,-19.81,-17.02,15.85,9.02,1.3,0.91,0.71,0.98,0.68,0.53,0.62
5115,ALAM MARITIM RESOURCES BERHAD,0.085,-0.08,0.055,0.13,0.0,0.0,0.0,2.0,0.22,-0.8,-0.8,-0.8,-0.6,-0.6,-0.6,0.08
5116,AL-AQAR HEALTHCARE REIT,1.3,0.02,1.25,1.45,-47.2,-29.23,-14.42,37.79,65.45,41.57,3.17,0.85,31.18,2.38,0.64,1.32
5120,AMFIRST REAL ESTATE INVESTMENT TRUST,0.435,0.03,0.37,0.465,2.02,-9.25,-11.27,18.75,68.82,0.44,0.9,0.99,0.33,0.68,0.74,0.4
5121,HEKTAR REAL ESTATE INVESTMENT TRUST,0.595,-0.05,0.49,0.725,0.0,0.0,0.0,18.45,69.34,-0.85,-0.85,-0.85,-0.64,-0.64,-0.64,0.57
5123,QUILL CAPITA TRUST,0.905,0.07,0.66,0.955,-33.69,-23.42,-10.23,20.58,39.23,17.04,5.48,1.88,12.78,4.11,1.41,0.76
5125,PANTECH GROUP HOLDINGS BERHAD,0.535,0.03,0.34,0.545,8.4,-2.91,-6.3,10.4,34.84,0.26,0.48,0.59,0.2,0.36,0.44,0.41
5127,AMANAHRAYA REAL ESTATE INVESTMENT TRUST,0.665,-0.02,0.605,0.71,0.0,0.0,0.0,-26.43,70.39,-0.34,-0.34,-0.34,-0.26,-0.26,-0.26,0.64
5130,ATRIUM REAL ESTATE INVESTMENT TRUST,1.41,0.1,0.96,1.42,-11.04,-3.7,0.7,29.7,77.81,3.54,2.2,1.71,2.66,1.65,1.28,1.11
5131,ZHULIAN CORPORATION BERHAD,1.95,0.11,0.948,2.01,-3.96,-2.48,-6.02,14.09,68.61,2.35,2.12,2.66,1.76,1.59,2.0,1.3
5132,DELEUM BERHAD,0.55,0.02,0.46,0.82,7.98,-11.05,2.25,10.66,45.07,0.19,0.61,0.23,0.14,0.46,0.17,0.58
5133,PETRA ENERGY BERHAD,0.99,0.05,0.55,1.28,0.0,12.3,10.67,-6.55,6.2,0.53,0.3,0.32,0.4,0.22,0.24,0.79
5134,SOUTHERN ACIDS (M) BERHAD,3.78,0.29,3.02,4.02,-13.03,3.06,11.54,17.64,22.57,8.28,3.04,2.04,6.21,2.28,1.53,3.35
5136,COMPLETE LOGISTIC SERVICES BERHAD,1.27,0.33,0.47,1.8,68.29,120.76,0.0,8.28,37.6,0.66,0.38,4.54,0.5,0.29,3.4,0.91
5139,AEON CREDIT SERVICE (M) BERHAD,12.9,0.92,8.67,13.38,-2.61,2.05,15.64,13.08,31.73,14.07,10.86,5.93,10.55,8.14,4.45,10.22
5140,TASCO BERHAD,1.12,0.03,0.2,1.475,-33.79,-21.93,-5.85,61.38,23.77,6.18,1.78,0.55,4.64,1.34,0.41,0.62
5141,DAYANG ENTERPRISE HOLDINGS BERHAD,1.44,0.05,0.73,1.65,56.47,2.09,14.9,6.04,17.02,0.1,0.52,0.3,0.08,0.39,0.22,1.03
5142,WAH SEONG CORPORATION BERHAD,0.83,-0.38,0.38,0.91,0.0,-27.99,-14.86,38.34,44.46,-5.49,-50.15,-14.64,-4.12,-37.61,-10.98,0.55
5143,LUXCHEM CORPORATION BERHAD,0.82,0.05,0.49,1.47,4.57,1.8,7.19,20.7,46.79,0.58,0.66,0.51,0.43,0.5,0.38,0.81
5145,SEALINK INTERNATIONAL BERHAD,0.315,-0.09,0.135,0.405,0.0,0.0,0.0,-6.08,11.52,-1.0,-1.0,-1.0,-0.75,-0.75,-0.75,0.22
5147,SAMCHEM HOLDINGS BERHAD,1.6,0.15,0.47,1.65,16.38,31.83,5.82,75.66,48.4,1.06,0.66,1.66,0.8,0.5,1.24,0.86
5149,TAS OFFSHORE BERHAD,0.24,-0.44,0.16,0.375,0.0,0.0,0.0,3.75,14.76,-5.05,-5.05,-5.05,-3.79,-3.79,-3.79,0.23
5151,HEXTAR GLOBAL BERHAD,1.47,0.05,0.48,1.45,0.0,-30.95,-28.29,5.34,0.0,0.5,6.09,4.73,0.38,4.57,3.55,0.8
5152,MUAR BAN LEE GROUP BERHAD,0.62,0.04,0.51,0.8,13.44,34.41,0.0,20.25,53.76,0.33,0.17,0.62,0.25,0.13,0.46,0.61
5156,XIDELANG HOLDINGS LTD,0.06,0.0,0.05,0.105,73.49,-34.18,0.0,14.96,0.0,0.0,0.0,0.0,0.0,0.0,0.0,0.07
5157,SAUDEE GROUP BERHAD,0.255,-0.12,0.145,1.19,0.0,0.0,0.0,5.0,0.0,-1.2,-1.2,-1.2,-0.9,-0.9,-0.9,0.49
5159,YOONG ONN CORPORATION BERHAD,0.985,0.13,0.565,1.02,-13.69,-5.59,-1.8,8.35,27.72,4.01,2.31,1.83,3.01,1.73,1.37,0.72
5160,HOMERITZ CORPORATION BERHAD,0.6,0.06,0.408,0.965,-9.36,-0.41,1.04,11.61,47.23,1.52,0.92,0.82,1.14,0.69,0.62,0.59
5161,JCY INTERNATIONAL BERHAD,0.365,0.0,0.22,0.87,-15.66,-34.69,-17.77,31.0,92.17,0.0,0.0,0.0,0.0,0.0,0.0,0.43
5162,VSTECS BERHAD,2.7,0.2,1.01,3.05,-0.4,0.12,-0.57,9.34,29.84,2.66,2.57,2.68,2.0,1.93,2.01,1.68
5163,SEREMBAN ENGINEERING BERHAD,0.87,0.02,0.45,1.02,-11.99,-9.56,0.0,4.18,0.0,0.47,0.36,0.2,0.35,0.27,0.15,0.64
5165,HOCK HENG STONE INDUSTRIES BHD,0.53,-0.01,0.41,0.63,0.0,0.0,0.0,20.18,12.21,-0.11,-0.11,-0.11,-0.08,-0.08,-0.08,0.48
5166,MINDA GLOBAL BERHAD,0.155,-0.01,0.03,0.195,0.0,0.0,0.0,-3.4,2.7,-0.1,-0.1,-0.1,-0.08,-0.08,-0.08,0.08
5167,TURBO-MECH BERHAD,0.77,0.05,0.53,1.04,-9.14,-25.42,-11.3,17.16,44.24,1.28,5.07,1.43,0.96,3.8,1.07,0.7
5168,HARTALEGA HOLDINGS BERHAD,10.12,0.0,7.11,21.16,14.34,13.89,10.05,46.84,47.02,0.0,0.0,0.0,0.0,0.0,0.0,11.75
5170,SARAWAK CABLE BERHAD,0.45,-0.07,0.185,0.625,0.0,0.0,0.0,4.46,53.24,-1.07,-1.07,-1.07,-0.8,-0.8,-0.8,0.33
5172,K-STAR SPORTS LIMITED,0.11,-0.01,0.07,0.98,0.0,0.0,0.0,-4.34,0.0,-0.1,-0.1,-0.1,-0.08,-0.08,-0.08,0.37
5173,SHIN YANG SHIPPING CORPORATION BERHAD,0.34,-0.1,0.14,0.45,0.0,0.0,0.0,23.6,8.03,-1.08,-1.08,-1.08,-0.81,-0.81,-0.81,0.24
5176,SUNWAY REAL ESTATE INVESTMENT TRUST,1.53,0.04,1.34,1.72,-23.7,-19.09,-10.49,19.4,29.32,2.84,2.08,1.03,2.13,1.56,0.77,1.47
5178,DYNACIATE GROUP BERHAD,0.125,-0.03,0.04,0.16,0.0,0.0,0.0,-3.82,0.0,-0.3,-0.3,-0.3,-0.22,-0.22,-0.22,0.08
5180,CAPITALAND MALAYSIA MALL TRUST,0.67,-0.05,0.59,0.9,0.0,0.0,0.0,4.69,95.02,-0.98,-0.98,-0.98,-0.74,-0.74,-0.74,0.69
5183,PETRONAS CHEMICALS GROUP BERHAD,7.93,0.2,5.05,8.58,-26.89,-10.23,-6.67,25.98,47.43,24.3,5.56,4.39,18.23,4.17,3.29,6.21
5184,CYPARK RESOURCES BERHAD,1.29,0.14,0.79,1.67,-0.71,1.05,2.54,11.54,21.23,1.77,1.59,1.48,1.33,1.19,1.11,1.08
5185,AFFIN BANK BERHAD,1.8,0.11,1.35,2.04,-6.41,-7.56,0.48,10.09,28.57,2.04,2.19,1.34,1.53,1.64,1.01,1.58
5186,MALAYSIA MARINE AND HEAVY ENGINEERING HOLDINGS BERHAD,0.61,-0.25,0.3,0.745,0.0,0.0,0.0,-1.12,17.15,-2.93,-2.93,-2.93,-2.2,-2.2,-2.2,0.45
5187,HB GLOBAL LIMITED,0.275,-0.05,0.05,0.305,0.0,0.0,-28.51,1.52,12.53,-0.56,-0.56,-5.45,-0.42,-0.42,-4.09,0.13
5188,CHINA OUHUA WINERY HOLDINGS LIMITED,0.055,-0.01,0.02,0.085,0.0,0.0,-48.5,-1.14,0.0,-0.1,-0.1,-15.24,-0.08,-0.08,-11.43,0.04
5192,K.SENG SENG CORPORATION BERHAD,0.63,-0.01,0.26,0.95,0.0,0.0,0.0,6.38,79.19,-0.18,-0.18,-0.18,-0.14,-0.14,-0.14,0.49
5195,CENSOF HOLDINGS BERHAD,0.315,-0.11,0.08,0.485,0.0,0.0,0.0,16.38,8.77,-1.2,-1.2,-1.2,-0.9,-0.9,-0.9,0.21
5196,BERJAYA FOOD BERHAD,2.18,-0.03,1.02,2.24,0.0,0.0,0.0,16.34,6.44,-0.32,-0.32,-0.32,-0.24,-0.24,-0.24,1.42
5197,FOCUS LUMBER BERHAD,0.84,-0.08,0.67,1.14,0.0,0.0,0.0,0.65,66.66,-1.33,-1.33,-1.33,-1.0,-1.0,-1.0,0.83
5198,ABM FUJIYA BERHAD,0.42,0.01,0.29,0.495,-19.44,-17.95,0.0,28.5,0.0,0.35,0.29,0.1,0.26,0.22,0.08,0.36
5199,HIBISCUS PETROLEUM BERHAD,0.65,-0.05,0.4,0.75,0.0,0.0,0.0,-6.43,0.0,-0.5,-0.5,-0.5,-0.38,-0.38,-0.38,0.52
5202,MSM MALAYSIA HOLDINGS BERHAD,1.56,-0.1,0.425,2.09,0.0,0.0,0.0,-13.94,37.39,-1.37,-1.37,-1.37,-1.03,-1.03,-1.03,0.97
5204,PRESTARIANG BERHAD,1.1,0.0,0.217,1.28,0.0,0.0,0.0,20.34,18.89,0.0,0.0,0.0,0.0,0.0,0.0,0.57
5208,EITA RESOURCES BERHAD,1.08,0.07,0.815,2.891,-4.6,-2.44,0.0,19.5,22.69,1.14,1.01,0.86,0.86,0.76,0.64,1.5
5209,GAS MALAYSIA BERHAD,2.76,0.17,2.57,2.9,4.89,2.9,-2.3,24.5,68.04,2.24,2.45,3.24,1.68,1.84,2.43,2.68
5210,BUMI ARMADA BERHAD,0.425,0.02,0.155,0.5,0.0,-25.37,-17.58,9.94,4.71,0.21,1.12,0.69,0.16,0.84,0.52,0.27
5211,SUNWAY BERHAD,1.68,0.08,1.22,1.76,6.12,-2.9,0.0,14.84,22.55,0.72,1.17,0.98,0.54,0.88,0.74,1.4
5212,PAVILION REAL ESTATE INV TRUST,1.41,0.02,1.34,1.78,-43.07,-30.48,0.0,45.7,35.3,13.98,2.65,0.27,10.48,1.99,0.2,1.49
5216,DATASONIC GROUP BERHAD,0.565,0.01,0.465,0.835,-1.24,-4.76,18.93,52.0,36.54,0.16,0.23,0.06,0.12,0.17,0.04,0.59
5218,SAPURA ENERGY BERHAD,0.14,-0.26,0.08,0.175,0.0,0.0,0.0,14.27,4.11,-2.71,-2.71,-2.71,-2.03,-2.03,-2.03,0.11
5219,PESTECH INTERNATIONAL BERHAD,1.17,0.07,0.648,1.43,-18.64,-5.92,-17.7,42.77,8.76,2.83,1.09,2.6,2.12,0.82,1.95,0.91
5220,GLOBALTEC FORMATION BERHAD,0.43,0.06,0.265,0.565,0.0,0.0,0.0,16.5,0.0,0.6,0.6,0.6,0.45,0.45,0.45,0.36
5223,MENTIGA CORPORATION BERHAD,0.685,0.01,0.315,1.17,-4.5,37.12,-6.84,28.0,11.17,0.17,0.03,0.22,0.13,0.02,0.16,0.6
5225,IHH HEALTHCARE BERHAD,5.39,0.03,4.85,5.88,-10.8,-10.53,-0.85,79.5,32.05,0.78,0.76,0.44,0.58,0.57,0.33,5.19
5227,IGB REAL ESTATE INVESTMENT TRUST,1.72,0.07,1.59,1.9,-12.07,-1.93,0.0,21.28,46.03,2.21,1.13,1.02,1.66,0.85,0.76,1.69
5228,ELK-DESA RESOURCES BERHAD,1.35,0.1,1.18,1.5,8.42,3.57,0.0,11.78,56.92,1.04,1.3,1.57,0.78,0.98,1.18,1.29
5230,TUNE PROTECT GROUP BERHAD,0.46,0.02,0.27,0.515,-14.12,-6.83,10.54,11.0,29.3,0.73,0.39,0.15,0.55,0.29,0.11,0.35
5231,PELIKAN INTERNATIONAL CORPORATION BERHAD,0.315,0.02,0.235,0.42,11.76,0.0,-18.62,38.0,0.74,0.11,0.2,0.71,0.08,0.15,0.53,0.3
5235SS,KLCC REAL ESTATE INVESTMENT TRUST,6.94,-0.09,6.85,8.39,-21.04,-17.52,0.0,23.22,60.07,-6.48,-4.74,-1.44,-4.86,-3.56,-1.08,7.36
5237,MPHB Capital Berhad,1.3,0.02,0.685,1.47,-17.02,-33.68,0.0,30.84,0.0,0.65,3.04,0.2,0.49,2.28,0.15,0.94
5238,AirAsia X Berhad,0.09,-0.32,0.035,0.15,0.0,0.0,0.0,16.32,0.0,-3.2,-3.2,-3.2,-2.4,-2.4,-2.4,0.07
5242,SOLID AUTOMOTIVE BERHAD,0.265,0.0,0.19,0.36,0.0,0.0,0.0,51.25,38.59,0.0,0.0,0.0,0.0,0.0,0.0,0.25
5243,VELESTO ENERGY BERHAD,0.18,-0.06,0.105,0.195,0.0,-48.81,0.0,8.1,1.98,-0.61,-97.12,-0.61,-0.46,-72.84,-0.46,0.13
5246,WESTPORTS HOLDINGS BERHAD,4.05,0.19,3.45,4.69,0.14,5.32,7.44,22.12,50.04,2.81,2.16,1.96,2.11,1.62,1.47,3.86
5247,KAREX BERHAD,0.675,0.01,0.405,1.23,-80.72,-68.39,-36.16,58.22,31.4,140906.07,1004.05,2.67,105679.55,753.04,2.0,0.68
5248,BERMAZ AUTO BERHAD,1.49,0.06,1.12,1.65,-5.28,-13.99,21.27,15.96,43.87,1.19,2.12,0.35,0.89,1.59,0.26,1.29
5250,7-ELEVEN MALAYSIA HOLDINGS BERHAD,1.61,0.02,1.21,1.65,2.95,-0.81,0.0,32.85,26.56,0.21,0.27,0.25,0.16,0.2,0.19,1.36
5255,ICON OFFSHORE BERHAD,0.115,0.01,0.055,0.155,0.0,0.0,0.0,-0.14,0.0,0.1,0.1,0.1,0.08,0.08,0.08,0.09
5257,CARIMIN PETROLEUM BERHAD,0.695,0.01,0.435,0.845,0.0,0.0,0.0,11.12,5.4,0.11,0.11,0.11,0.08,0.08,0.08,0.57
5258,BIMB HOLDINGS BERHAD,3.97,0.39,3.05,4.58,8.28,4.66,13.18,10.97,31.79,3.41,4.05,2.77,2.56,3.04,2.08,3.55
5259,E.A.TECHNIQUE (M) BERHAD,0.165,-0.22,0.16,0.425,0.0,0.0,0.0,14.72,5.51,-2.32,-2.32,-2.32,-1.74,-1.74,-1.74,0.25
5260,ONLY WORLD GROUP HOLDINGS BERHAD,0.445,-0.14,0.21,0.555,0.0,0.0,0.0,18.75,4.57,-1.46,-1.46,-1.46,-1.1,-1.1,-1.1,0.32
5264,MALAKOFF CORPORATION BERHAD,0.85,0.06,0.8,1.02,-1.86,-9.74,-3.25,16.0,53.47,1.01,1.67,1.11,0.76,1.25,0.83,0.87
5265,DOLPHIN INTERNATIONAL BERHAD,0.1,-0.01,0.036,0.18,0.0,0.0,0.0,4.62,0.0,-0.1,-0.1,-0.1,-0.08,-0.08,-0.08,0.08
5267,XIN HWA HOLDINGS BERHAD,0.4,-0.02,0.28,0.495,0.0,-48.04,0.0,46.38,5.17,-0.21,-27.88,-0.21,-0.16,-20.91,-0.16,0.35
5269,AL-SALAM REAL ESTATE INVESTMENT TRUST,0.59,-0.02,0.5,0.75,0.0,0.0,0.0,-6.6,53.68,-0.31,-0.31,-0.31,-0.23,-0.23,-0.23,0.58
5271,PECCA GROUP BERHAD,3.87,0.06,0.711,4.09,-16.05,-18.44,0.0,17.94,56.42,2.76,3.38,0.94,2.07,2.54,0.7,1.83
5272,RANHILL HOLDINGS BERHAD,0.82,0.03,0.805,1.059,0.44,-10.63,32.99,13.38,25.66,0.36,0.74,0.11,0.27,0.55,0.08,0.89
5273,CHIN HIN GROUP BERHAD,1.21,0.02,0.33,1.307,-27.89,0.0,0.0,43.95,32.54,2.1,0.27,0.27,1.58,0.2,0.2,0.65
5274,HONG LEONG CAPITAL BERHAD,5.79,0.56,5.7,8.88,5.94,4.23,20.58,31.45,0.0,4.14,4.49,2.3,3.1,3.37,1.72,6.75
5275,MYNEWS HOLDINGS BERHAD,0.95,-0.03,0.545,1.12,0.0,0.0,0.0,2.5,28.8,-0.39,-0.39,-0.39,-0.29,-0.29,-0.29,0.73
5276,DANCOMECH HOLDINGS BERHAD,0.605,0.05,0.37,0.76,-3.85,0.0,0.0,22.88,25.68,0.8,0.63,0.63,0.6,0.47,0.47,0.5
5277,FOUNDPAC GROUP BERHAD,0.835,0.02,0.635,1.23,12.63,1.31,0.0,21.38,27.39,0.14,0.22,0.25,0.11,0.16,0.19,0.83
5278,RHONE MA HOLDINGS BERHAD,0.72,0.04,0.57,1.19,-10.65,-13.87,0.0,13.27,27.73,1.02,1.25,0.51,0.76,0.94,0.38,0.77
5279,SERBA DINAMIK HOLDINGS BERHAD,1.66,0.17,1.49,2.09,0.0,47.85,0.0,17.18,9.43,1.86,0.38,1.86,1.4,0.29,1.4,1.69
5284,LOTTE CHEMICAL TITAN HOLDING BERHAD,2.52,0.06,1.48,2.98,-50.39,-23.43,0.0,19.78,39.94,166.11,5.2,0.84,124.58,3.9,0.63,1.98
5286,MI TECHNOVATION BERHAD,4.21,0.07,1.96,5.52,54.46,0.0,0.0,24.62,6.28,0.14,0.74,0.74,0.11,0.55,0.55,3.13
5289,TECHBOND GROUP BERHAD,0.535,0.02,0.256,0.871,-9.69,2.49,0.0,20.38,7.48,0.39,0.16,0.21,0.29,0.12,0.16,0.46
5291,HPMT HOLDINGS BERHAD,0.62,0.03,0.29,0.67,-11.85,0.0,0.0,6.58,0.0,0.64,0.3,0.3,0.48,0.22,0.22,0.42
5292,UWC BERHAD,6.27,0.07,0.97,7.35,56.52,0.0,0.0,45.5,4.48,0.13,0.73,0.73,0.1,0.55,0.55,3.08
5347,TENAGA NASIONAL BHD,10.08,0.63,9.152,12.466,-17.95,-9.72,0.65,15.95,18.98,26.1,13.73,7.23,19.58,10.3,5.42,10.25
5371,KIM HIN INDUSTRY BERHAD,0.97,-0.09,0.63,1.12,0.0,0.0,0.0,8.58,65.67,-1.49,-1.49,-1.49,-1.12,-1.12,-1.12,0.79
5436,PERUSAHAAN SADUR TIMAH MALAYSIA (PERSTIMA) BHD,4.05,0.34,3.16,4.18,-17.56,-6.23,-8.78,13.7,81.77,20.83,8.96,10.63,15.62,6.72,7.97,3.5
5517,SHANGRI-LA HOTELS (MALAYSIA) BERHAD,3.7,-0.22,3.61,4.7,-7.21,-4.41,6.05,26.6,61.11,-5.45,-4.58,-2.6,-4.09,-3.44,-1.95,3.97
5533,OCB BERHAD,0.68,0.02,0.34,0.79,0.0,0.0,0.0,2.35,17.49,0.23,0.23,0.23,0.17,0.17,0.17,0.49
5568,APB RESOURCES BERHAD,0.825,0.04,0.305,0.92,0.59,-27.0,-2.44,-5.41,28.6,0.48,4.19,0.59,0.36,3.14,0.44,0.51
5576,MINHO (M) BERHAD,0.345,0.01,0.225,0.47,-54.37,-22.31,-4.37,39.75,11.37,25.56,0.37,0.17,19.17,0.28,0.13,0.31
5592,GRAND CENTRAL ENTERPRISES BHD,0.335,-0.05,0.3,0.45,0.0,0.0,0.0,-16.75,101.47,-1.01,-1.01,-1.01,-0.76,-0.76,-0.76,0.35
5614,INTEGRATED LOGISTICS BHD,0.52,0.18,0.265,0.8,0.0,0.0,7.23,8.25,0.0,1.8,1.8,1.25,1.35,1.35,0.94,0.44
5649,GOLDEN PHAROS BERHAD,0.22,-0.05,0.135,0.37,0.0,0.0,0.0,-4.54,0.0,-0.5,-0.5,-0.5,-0.38,-0.38,-0.38,0.21
5657,PARKSON HOLDINGS BERHAD,0.235,-0.32,0.075,0.305,0.0,0.0,0.0,-4.61,21.69,-3.89,-3.89,-3.89,-2.92,-2.92,-2.92,0.15
5665,SOUTHERN STEEL BERHAD,0.84,-0.17,0.38,0.985,0.0,0.0,0.0,3.58,17.98,-2.01,-2.01,-2.01,-1.51,-1.51,-1.51,0.58
5673,IPMUDA BERHAD,1.2,-0.22,0.175,1.45,0.0,0.0,0.0,13.0,0.0,-2.2,-2.2,-2.2,-1.65,-1.65,-1.65,0.6
5681,PETRONAS DAGANGAN BHD,20.26,0.28,17.08,23.48,-43.6,-18.95,-11.08,46.04,78.1,356.18,18.8,10.13,267.14,14.1,7.6,19.19
5797,CHOO BEE METAL INDUSTRIES BHD,1.55,0.15,0.82,2.02,0.0,0.0,0.0,-65.9,60.0,2.4,2.4,2.4,1.8,1.8,1.8,1.22
5819,HONG LEONG BANK BERHAD,18.02,1.16,13.0,19.68,5.17,-0.04,6.77,13.22,37.16,12.19,15.97,11.29,9.14,11.98,8.47,15.2
5835,DOLOMITE CORPORATION BERHAD,0.095,0.07,0.05,0.16,0.0,0.0,0.0,13.64,0.0,0.7,0.7,0.7,0.52,0.52,0.52,0.09
5843,KUMPULAN PERANGSANG SELANGOR BERHAD,1.08,0.06,0.435,1.35,-34.98,-25.31,-9.8,8.28,28.31,16.29,5.0,1.4,12.22,3.75,1.05,0.74
5878,KPJ HEALTHCARE BERHAD,1.04,0.02,0.77,1.11,-8.62,-4.88,-2.73,79.12,51.27,0.52,0.4,0.4,0.39,0.3,0.3,0.88
5908,DKSH HOLDINGS (MALAYSIA) BERHAD,2.97,0.3,2.12,3.86,-8.19,-8.2,6.26,13.2,23.61,6.11,6.12,2.7,4.58,4.59,2.03,2.69
5916,MALAYSIA SMELTING CORPORATION BERHAD,2.23,0.04,0.59,2.93,-3.52,0.0,12.13,-177.94,12.72,0.54,0.45,0.25,0.4,0.34,0.19,1.36
5983,MBM RESOURCES BHD,3.43,0.4,2.58,3.73,50.44,14.79,12.42,3.32,18.78,0.93,2.41,2.65,0.7,1.81,1.99,2.96
6009,PACIFIC & ORIENT BERHAD,0.91,-0.02,0.75,1.0,0.0,0.0,0.0,4.83,6.17,-0.21,-0.21,-0.21,-0.16,-0.16,-0.16,0.83
6033,PETRONAS GAS BERHAD,15.8,1.02,14.314,18.4,3.89,0.24,3.49,20.52,66.63,13.85,16.75,14.14,10.39,12.56,10.6,15.66
6068,PCCS GROUP BERHAD,0.535,0.03,0.225,0.625,0.0,0.0,-0.67,3.28,2.54,0.31,0.31,0.33,0.23,0.23,0.25,0.36
6139,SYARIKAT TAKAFUL MALAYSIA KELUARGA BERHAD,4.58,0.43,4.11,5.09,27.04,20.67,24.29,16.4,40.9,2.04,2.48,2.21,1.53,1.86,1.66,4.43
6149,METROD HOLDINGS BERHAD,1.46,-0.03,1.21,1.8,-24.34,-3.41,-22.22,20.7,36.52,-2.44,-0.5,-1.97,-1.83,-0.38,-1.48,1.4
6203,KHEE SAN BERHAD,0.27,-0.82,0.22,0.36,-10.37,-10.47,3.64,10.66,11.61,-17.54,-17.68,-7.55,-13.16,-13.26,-5.66,0.27
6211,KIA LIM BERHAD,0.3,-0.08,0.13,0.4,0.0,0.0,0.0,1.56,0.0,-0.8,-0.8,-0.8,-0.6,-0.6,-0.6,0.22
6254,PDZ HOLDINGS BHD,0.04,-0.02,0.015,0.325,0.0,0.0,0.0,-2.41,0.0,-0.2,-0.2,-0.2,-0.15,-0.15,-0.15,0.12
6297,BOX-PAK (MALAYSIA) BERHAD,1.31,0.1,1.0,1.58,0.0,0.0,0.0,-55.0,15.91,1.16,1.16,1.16,0.87,0.87,0.87,1.19
6351,AMWAY (MALAYSIA) HOLDINGS BERHAD,5.52,0.29,4.72,5.94,-2.17,-12.52,-3.43,19.83,63.19,5.34,10.55,5.76,4.0,7.91,4.32,5.12
6432,APOLLO FOOD HOLDINGS BERHAD,3.76,0.19,3.12,4.49,-7.21,-10.85,-5.35,22.0,90.41,5.56,7.25,4.96,4.17,5.44,3.72,3.57
6459,MNRB HOLDINGS BERHAD,1.22,0.23,0.645,1.47,-6.12,-12.11,0.0,-10.1,17.37,3.91,5.89,2.7,2.93,4.42,2.03,0.92
6483,KENANGA INVESTMENT BANK BERHAD,1.59,0.14,0.414,1.918,13.43,-1.27,3.23,31.08,31.4,0.98,1.97,1.54,0.74,1.48,1.16,0.91
6491,KUMPULAN FIMA BERHAD,1.9,0.15,1.18,1.98,-0.94,-13.19,-7.35,13.45,52.38,2.41,5.39,3.56,1.81,4.04,2.67,1.44
6521,SURIA CAPITAL HOLDINGS BERHAD,1.08,0.09,0.83,1.23,-7.81,-0.3,-0.89,8.58,26.08,1.85,1.16,1.2,1.39,0.87,0.9,0.96
6556,ANN JOO RESOURCES BERHAD,2.29,-0.18,0.56,2.6,0.0,0.0,0.0,1.23,18.71,-2.14,-2.14,-2.14,-1.6,-1.6,-1.6,1.23
6599,AEON CO. (M) BHD,1.29,0.03,0.67,1.39,11.06,-12.48,-1.98,21.36,38.77,0.25,0.95,0.51,0.19,0.71,0.38,0.91
6633,LEONG HUP INTERNATIONAL BERHAD,0.725,0.03,0.575,0.96,-5.42,0.0,0.0,8.8,7.28,0.45,0.32,0.32,0.34,0.24,0.24,0.7
6637,PNE PCB BERHAD,0.195,-0.01,0.19,0.85,0.0,0.0,0.0,0.25,0.0,-0.1,-0.1,-0.1,-0.08,-0.08,-0.08,0.41
6645,LINGKARAN TRANS KOTA HOLDINGS BERHAD,3.88,0.41,3.79,4.3,5.48,13.05,11.1,11.5,62.36,5.03,3.6,3.91,3.77,2.7,2.93,3.96
6742,YTL POWER INTERNATIONAL BHD,0.715,0.02,0.607,0.79,-53.49,-41.21,-25.17,38.92,59.94,105.56,12.17,1.82,79.17,9.13,1.36,0.67
6874,KUB MALAYSIA BERHAD,0.645,0.1,0.285,0.775,-8.45,50.06,-9.5,23.5,8.35,1.81,0.21,1.9,1.36,0.16,1.42,0.45
6904,SUBUR TIASA HOLDINGS BERHAD,0.69,-0.1,0.43,0.92,0.0,0.0,0.0,-9.98,17.63,-1.18,-1.18,-1.18,-0.88,-0.88,-0.88,0.59
6939,FIAMMA HOLDINGS BERHAD,0.585,0.08,0.44,0.665,19.68,-10.08,2.2,10.68,30.67,0.44,1.94,0.93,0.33,1.46,0.7,0.51
6963,V.S. INDUSTRY BERHAD,2.82,0.09,0.84,3.13,-15.11,-8.93,11.07,18.25,46.0,3.6,2.27,0.77,2.7,1.7,0.58,1.6
6971,KOBAY TECHNOLOGY BERHAD,4.68,0.23,1.41,5.5,71.46,17.36,32.55,19.22,9.97,0.35,1.16,0.73,0.26,0.87,0.55,2.76
6998,BINTAI KINDEN CORPORATION BERHAD,0.455,-0.02,0.075,1.47,0.0,0.0,0.0,-12.38,0.0,-0.2,-0.2,-0.2,-0.15,-0.15,-0.15,0.54
7004,MCE HOLDINGS BERHAD,1.39,-0.0,0.32,1.88,0.0,0.0,0.0,3.9,24.25,0.0,0.0,0.0,0.0,0.0,0.0,0.83
7005,B.I.G. INDUSTRIES BERHAD,0.49,-0.02,0.235,0.66,0.0,0.0,0.0,6.25,0.0,-0.2,-0.2,-0.2,-0.15,-0.15,-0.15,0.38
7006,LATITUDE TREE HOLDINGS BERHAD,1.93,0.22,0.833,2.385,-36.72,-25.8,-4.5,35.8,22.74,71.87,19.57,3.5,53.9,14.68,2.62,1.35
7013,HUBLINE BERHAD,0.04,-0.01,0.035,0.09,0.0,0.0,0.0,-1.75,0.0,-0.1,-0.1,-0.1,-0.08,-0.08,-0.08,0.05
7014,YLI HOLDINGS BERHAD,0.37,-0.02,0.16,0.49,0.0,0.0,0.0,-10.35,0.0,-0.2,-0.2,-0.2,-0.15,-0.15,-0.15,0.27
7016,CHUAN HUAT RESOURCES BHD,0.44,-0.04,0.24,0.515,0.0,0.7,-10.16,8.74,0.0,-0.4,-0.37,-0.79,-0.3,-0.28,-0.59,0.33
7017,KOMARKCORP BERHAD,0.205,-0.02,0.106,0.895,0.0,0.0,0.0,-6.96,0.0,-0.2,-0.2,-0.2,-0.15,-0.15,-0.15,0.37
7018,CME GROUP BERHAD,0.055,-0.0,0.025,0.16,0.0,-32.95,0.0,1.92,0.0,0.0,0.0,0.0,0.0,0.0,0.0,0.07
7020,YKGI HOLDINGS BERHAD,0.22,-0.01,0.08,0.33,0.0,0.0,0.0,-5.66,5.79,-0.11,-0.11,-0.11,-0.08,-0.08,-0.08,0.16
7022,GLOBETRONICS TECHNOLOGY BERHAD,2.7,0.08,1.779,3.405,-0.36,-6.91,4.69,55.9,48.19,1.23,1.78,0.94,0.92,1.34,0.7,2.32
7025,WOODLANDOR HOLDINGS BHD,0.68,-0.12,0.39,1.08,50.82,41.79,0.0,31.15,0.0,-0.23,-0.28,-1.2,-0.17,-0.21,-0.9,0.62
7029,MASTER-PACK GROUP BERHAD,1.78,0.21,1.385,2.217,72.27,23.95,14.08,14.74,13.64,0.33,0.88,1.24,0.25,0.66,0.93,1.66
7033,KUMPULAN H & L HIGH-TECH BERHAD,2.01,0.09,0.88,2.82,-24.14,-18.99,3.91,11.32,41.71,7.92,4.93,1.04,5.94,3.7,0.78,1.52
7034,THONG GUAN INDUSTRIES BERHAD,2.44,0.2,1.5,3.35,3.07,18.68,12.76,19.88,27.09,2.16,1.11,1.39,1.62,0.83,1.04,2.11
7035,CCK CONSOLIDATED HOLDINGS BERHAD,0.715,0.06,0.465,0.76,20.67,31.7,11.3,22.28,29.52,0.32,0.23,0.45,0.24,0.17,0.34,0.56
7036,BORNEO OIL BERHAD,0.045,-0.0,0.02,0.095,-53.7,-29.91,0.0,-39.75,0.0,0.0,0.0,0.0,0.0,0.0,0.0,0.04
7043,JADE MARVEL GROUP BERHAD,1.01,-0.06,0.75,1.35,0.0,0.0,0.0,-4.5,69.58,-1.02,-1.02,-1.02,-0.76,-0.76,-0.76,0.95
7045,SCOMI ENERGY SERVICES BHD,0.1,-0.46,0.05,0.31,0.0,0.0,0.0,-4.46,0.0,-4.6,-4.6,-4.6,-3.45,-3.45,-3.45,0.14
7048,ATLAN HOLDINGS BHD,3.19,-0.14,2.79,3.9,-52.05,-33.57,-24.57,112.25,89.97,-793.75,-46.61,-17.27,-595.31,-34.96,-12.95,3.16
7050,WONG ENGINEERING CORPORATION BERHAD,0.865,0.04,0.355,1.07,-19.1,0.0,0.0,37.7,27.66,2.0,0.51,0.51,1.5,0.38,0.38,0.59
7052,PADINI HOLDINGS BERHAD,3.1,0.05,2.0,3.37,-21.82,-1.28,2.12,16.96,53.44,3.75,0.85,0.68,2.81,0.64,0.51,2.45
7053,SEE HUP CONSOLIDATED BERHAD,1.45,-0.09,0.7,2.52,0.0,0.0,0.0,38.75,2.46,-0.92,-0.92,-0.92,-0.69,-0.69,-0.69,1.3
7060,NEW HOONG FATT HOLDINGS BERHAD,2.17,0.14,1.85,2.35,-20.84,4.43,-3.83,12.6,40.06,8.69,1.56,2.44,6.52,1.17,1.83,2.02
7062,KHIND HOLDINGS BERHAD,3.48,0.71,1.36,4.39,-42.44,-31.26,-13.61,33.51,22.08,511.0,115.05,21.16,383.25,86.29,15.87,2.36
7073,SEACERA GROUP BERHAD,0.215,0.04,0.185,0.33,3.05,-7.6,-6.77,25.54,0.0,0.34,0.62,0.58,0.26,0.46,0.43,0.23
7076,CB INDUSTRIAL PRODUCT HOLDING BERHAD,1.27,0.11,0.8,1.39,-30.19,-17.43,-0.72,18.48,45.92,19.28,5.16,1.68,14.46,3.87,1.26,0.99
7080,PERMAJU INDUSTRIES BERHAD,0.18,0.01,0.13,0.85,0.0,0.0,0.0,-10.92,0.0,0.1,0.1,0.1,0.08,0.08,0.08,0.37
7081,PHARMANIAGA BERHAD,3.31,0.1,1.55,6.69,0.0,0.0,0.0,8.4,95.09,1.95,1.95,1.95,1.46,1.46,1.46,3.25
7082,SYF RESOURCES BERHAD,0.41,-0.02,0.12,0.505,0.0,0.0,0.0,-2.84,1.62,-0.2,-0.2,-0.2,-0.15,-0.15,-0.15,0.25
7083,ANALABS RESOURCES BERHAD,1.13,0.11,0.85,1.29,-12.36,1.92,-6.45,20.43,22.85,2.96,1.22,1.97,2.22,0.92,1.48,1.0
7084,QL RESOURCES BERHAD,6.06,0.1,5.253,7.2,6.82,5.39,7.54,65.4,24.28,0.88,0.94,0.85,0.66,0.7,0.64,5.9
7085,LTKM BERHAD,0.98,-0.18,0.85,1.14,-23.85,-34.64,-10.64,28.68,26.42,-13.88,-44.98,-4.4,-10.41,-33.74,-3.3,0.95
7086,ABLEGROUP BERHAD,0.145,-0.0,0.055,0.3,0.0,0.0,0.0,-6.66,0.0,0.0,0.0,0.0,0.0,0.0,0.0,0.14
7087,MAGNI-TECH INDUSTRIES BERHAD,2.37,0.29,1.803,2.649,0.39,18.42,21.54,14.49,24.06,3.52,1.6,1.43,2.64,1.2,1.07,2.08
7088,POH HUAT RESOURCES HOLDINGS BERHAD,1.62,0.18,0.87,2.06,-1.95,3.87,16.69,7.8,25.5,2.52,1.84,1.06,1.89,1.38,0.8,1.26
7089,LII HEN INDUSTRIES BHD.,3.51,0.42,1.95,4.86,2.48,22.78,17.16,8.24,32.77,4.88,2.13,2.59,3.66,1.6,1.94,2.91
7090,APEX HEALTHCARE BERHAD,2.95,0.12,2.22,4.55,14.35,9.06,6.56,52.67,25.94,0.78,0.97,1.09,0.58,0.73,0.82,2.99
7091,UNIMECH GROUP BERHAD,1.48,0.11,0.995,1.86,49.05,14.43,4.23,14.52,44.36,0.32,0.81,1.27,0.24,0.61,0.95,1.28
7094,EUROSPAN HOLDINGS BERHAD,0.65,-0.02,0.35,0.955,0.0,0.0,0.0,-2.75,0.0,-0.2,-0.2,-0.2,-0.15,-0.15,-0.15,0.55
7095,P.I.E. INDUSTRIAL BERHAD,3.26,0.12,1.079,3.84,0.46,-0.98,3.63,17.7,20.39,1.39,1.52,1.19,1.04,1.14,0.89,1.99
7096,GPA HOLDINGS BERHAD,0.065,-0.0,0.06,0.33,0.0,0.0,0.0,0.0,12.27,0.0,0.0,0.0,0.0,0.0,0.0,0.15
7097,TA WIN HOLDINGS BERHAD,0.4,-0.02,0.055,0.46,0.0,0.0,0.0,19.42,0.0,-0.2,-0.2,-0.2,-0.15,-0.15,-0.15,0.19
7099,ATTA GLOBAL GROUP BERHAD,0.505,0.03,0.4,0.72,0.0,-10.66,0.0,-4.25,0.0,0.3,0.59,0.3,0.22,0.44,0.22,0.51
7100,UCHI TECHNOLOGIES BERHAD,3.1,0.18,2.26,3.55,7.82,11.35,9.76,20.14,65.01,2.0,1.72,1.85,1.5,1.29,1.39,2.69
7103,SPRITZER BHD,2.03,0.17,1.76,2.2,-5.72,-0.04,8.37,15.9,10.07,2.61,1.88,1.23,1.96,1.41,0.92,1.91
7106,SUPERMAX CORPORATION BERHAD,5.31,0.85,0.915,11.954,101.09,37.6,12.28,68.82,12.58,0.95,2.44,5.34,0.71,1.83,4.0,4.56
7107,ORIENTAL FOOD INDUSTRIES HOLDINGS BERHAD,0.835,0.05,0.6,0.95,-18.13,-25.3,-8.65,17.56,40.83,2.51,4.99,1.19,1.88,3.74,0.89,0.72
7108,PERDANA PETROLEUM BERHAD,0.165,-0.03,0.115,0.23,0.0,0.0,0.0,-5.86,0.0,-0.3,-0.3,-0.3,-0.22,-0.22,-0.22,0.15
7113,TOP GLOVE CORPORATION BHD,5.57,0.84,2.137,9.767,71.09,42.17,20.79,135.33,43.59,1.69,2.78,4.93,1.27,2.08,3.7,4.65
7114,D'NONCE TECHNOLOGY BHD,0.49,0.03,0.24,0.715,-13.31,-11.49,0.0,12.82,0.0,0.71,0.61,0.3,0.53,0.46,0.22,0.4
7115,SKB SHUTTERS CORPORATION BERHAD,0.78,-0.01,0.38,1.27,0.0,0.0,0.0,-22.45,0.0,-0.1,-0.1,-0.1,-0.08,-0.08,-0.08,0.67
7117,CJ CENTURY LOGISTICS HOLDINGS BERHAD,0.485,0.0,0.25,0.605,-63.22,-53.06,-33.22,2.75,44.31,0.0,0.0,0.0,0.0,0.0,0.0,0.37
7121,XIAN LENG HOLDINGS BERHAD,1.52,0.0,0.275,2.12,0.0,0.0,0.0,-17.5,0.0,0.0,0.0,0.0,0.0,0.0,0.0,0.88
7123,PRICEWORTH INTERNATIONAL BERHAD,0.025,-0.01,0.01,0.05,0.0,0.0,0.0,8.34,0.0,-0.1,-0.1,-0.1,-0.08,-0.08,-0.08,0.02
7128,CAM RESOURCES BERHAD,0.31,0.03,0.165,0.5,-64.73,-57.07,-31.19,23.84,5.33,1342.78,235.16,3.36,1007.08,176.37,2.52,0.28
7129,ASIA FILE CORPORATION BHD,2.36,0.2,1.7,2.54,-13.23,-6.51,-4.87,10.0,48.86,7.03,4.35,3.95,5.27,3.26,2.96,1.98
7130,KPOWER BERHAD,2.02,0.06,0.375,2.91,0.0,0.0,30.19,12.5,0.0,0.6,0.6,0.18,0.45,0.45,0.14,1.21
7132,SMIS CORPORATION BERHAD,0.58,-0.08,0.255,0.75,0.0,-20.1,-15.74,27.86,15.78,-0.93,-3.87,-2.72,-0.7,-2.9,-2.04,0.42
7133,UNITED U-LI CORPORATION BERHAD,1.03,0.02,0.315,1.6,0.0,0.0,0.0,-48.31,28.75,0.26,0.26,0.26,0.2,0.2,0.2,0.74
7134,PWF CORPORATION BERHAD,0.715,0.01,0.41,0.76,-23.22,-14.74,47.2,12.88,34.3,0.56,0.34,0.03,0.42,0.26,0.02,0.53
7137,UMS HOLDINGS BERHAD,1.83,0.04,1.55,2.0,-36.72,-38.93,-17.0,35.89,38.45,14.57,16.63,1.8,10.93,12.47,1.35,1.7
7139,NICHE CAPITAL EMAS HOLDINGS BERHAD,0.22,-0.0,0.035,0.53,0.0,0.0,0.0,-6.71,0.0,0.0,0.0,0.0,0.0,0.0,0.0,0.2
7140,OKA CORPORATION BHD,0.835,0.05,0.535,0.89,-26.98,-6.66,7.9,14.46,43.01,6.03,1.08,0.48,4.52,0.81,0.36,0.65
7146,AE MULTI HOLDINGS BERHAD,0.07,-0.01,0.065,0.235,0.0,0.0,0.0,-0.75,0.0,-0.1,-0.1,-0.1,-0.08,-0.08,-0.08,0.12
7148,DUOPHARMA BIOTECH BERHAD,2.83,0.08,1.44,4.38,26.1,0.44,1.78,38.41,65.79,0.46,1.27,1.2,0.34,0.95,0.9,2.41
7149,ENG KAH CORPORATION BERHAD,0.79,0.02,0.575,2.301,-34.97,-32.7,-19.84,58.21,144.25,8.87,6.3,2.01,6.65,4.72,1.51,1.14
7152,JAYCORP BERHAD,1.7,0.21,0.76,1.92,-10.59,17.18,2.17,8.68,62.05,6.71,1.58,3.01,5.03,1.18,2.26,1.14
7153,KOSSAN RUBBER INDUSTRIES BERHAD,3.85,0.42,2.569,9.543,10.38,9.07,12.92,82.93,28.36,3.26,3.45,2.93,2.44,2.59,2.2,4.87
7154,CAELY HOLDINGS BHD,0.335,-0.02,0.23,0.8,0.0,0.0,0.0,50.25,38.56,-0.28,-0.28,-0.28,-0.21,-0.21,-0.21,0.42
7155,SKP RESOURCES BHD,2.33,0.08,1.0,2.57,-12.32,4.52,14.63,15.63,30.66,2.27,0.82,0.53,1.7,0.62,0.4,1.52
7157,CYL CORPORATION BERHAD,0.6,0.02,0.27,0.87,-62.02,-48.92,-53.97,19.5,128.81,1120.85,74.43,163.94,840.64,55.82,122.96,0.47
7158,SCOMI GROUP BERHAD,0.055,-0.25,0.01,0.15,0.0,0.0,0.0,2.04,0.0,-2.5,-2.5,-2.5,-1.88,-1.88,-1.88,0.06
7160,PENTAMASTER CORPORATION BERHAD,6.1,0.1,2.553,6.85,25.37,40.07,0.0,47.18,1.0,0.36,0.24,1.01,0.27,0.18,0.76,3.97
7162,ASTINO BERHAD,1.26,0.15,0.475,1.38,-13.34,2.58,1.02,7.99,16.44,4.14,1.52,1.64,3.1,1.14,1.23,0.77
7163,PJBUMI BERHAD,0.285,0.0,0.12,0.43,0.0,-36.57,-15.95,-0.34,0.0,0.0,0.0,0.0,0.0,0.0,0.0,0.22
7164,KNM GROUP BERHAD,0.185,0.02,0.125,0.275,0.0,-7.4,-23.35,3.79,0.0,0.2,0.3,1.14,0.15,0.22,0.86,0.17
7165,DWL RESOURCES BERHAD,0.24,-0.0,0.19,0.43,0.0,0.0,0.0,-20.25,0.0,0.0,0.0,0.0,0.0,0.0,0.0,0.27
7167,JOHORE TIN BERHAD,1.68,0.13,1.27,2.08,3.13,24.0,19.46,13.18,20.24,1.32,0.58,0.67,0.99,0.43,0.5,1.54
7168,PRG HOLDINGS BERHAD,0.195,-0.03,0.14,0.315,0.0,0.0,0.0,38.0,51.95,-0.46,-0.46,-0.46,-0.34,-0.34,-0.34,0.2
7169,DOMINANT ENTERPRISE BERHAD,0.885,0.08,0.655,1.2,-17.1,-10.25,-1.73,12.21,32.69,3.46,2.01,1.17,2.6,1.51,0.88,0.83
7170,LFE CORPORATION BERHAD,0.16,-0.0,0.056,0.18,-55.0,-21.95,0.0,10.38,0.0,0.0,0.0,0.0,0.0,0.0,0.0,0.1
7172,PMB TECHNOLOGY BERHAD,5.78,0.11,2.38,6.28,12.48,18.23,11.44,46.9,29.28,0.79,0.63,0.82,0.59,0.47,0.62,3.67
7173,TOYO VENTURES HOLDINGS BERHAD,2.5,0.01,0.575,4.31,46.29,-2.13,0.0,33.86,26.34,0.03,0.16,0.13,0.02,0.12,0.1,1.81
7174,CAB CAKARAN CORPORATION BERHAD,0.405,0.01,0.285,0.565,-64.09,-34.16,-13.6,25.12,3.26,280.44,1.31,0.22,210.33,0.98,0.16,0.38
7176,TPC PLUS BERHAD,0.23,-0.07,0.22,0.345,-21.96,-25.72,0.0,6.88,0.0,-3.46,-5.08,-0.7,-2.6,-3.81,-0.52,0.26
7178,Y.S.P.SOUTHEAST ASIA HOLDING BERHAD,2.15,0.16,1.793,3.038,-6.78,5.95,1.42,13.5,39.86,3.35,1.65,2.07,2.51,1.24,1.55,2.2
7180,SERN KOU RESOURCES BERHAD,2.22,0.07,0.785,2.5,109.51,44.35,22.91,73.19,0.0,0.06,0.15,0.27,0.04,0.11,0.2,1.35
7181,ARB BERHAD,0.345,0.07,0.215,0.46,0.0,0.0,0.0,0.5,0.0,0.7,0.7,0.7,0.52,0.52,0.52,0.3
7182,EKA NOODLES BERHAD,0.065,-0.0,0.035,0.155,0.0,0.0,0.0,2.5,0.0,0.0,0.0,0.0,0.0,0.0,0.0,0.07
7183,IRE-TEX CORPORATION BERHAD,0.1,-0.0,0.045,0.235,0.0,0.0,0.0,13.75,0.0,0.0,0.0,0.0,0.0,0.0,0.0,0.11
7184,G3 GLOBAL BERHAD,0.2,-0.01,0.16,0.885,0.0,0.0,0.0,-174.5,0.0,-0.1,-0.1,-0.1,-0.08,-0.08,-0.08,0.4
7186,SWS CAPITAL BERHAD,0.52,-0.01,0.38,1.0,0.0,0.0,0.0,-7.5,0.0,-0.1,-0.1,-0.1,-0.08,-0.08,-0.08,0.58
7187,CHIN HIN GROUP PROPERTY BERHAD,0.89,0.02,0.285,0.97,0.0,0.0,0.0,0.5,0.0,0.2,0.2,0.2,0.15,0.15,0.15,0.51
7188,BTM RESOURCES BERHAD,0.22,-0.03,0.085,0.335,0.0,0.0,0.0,-7.58,0.0,-0.3,-0.3,-0.3,-0.22,-0.22,-0.22,0.17
7191,ADVENTA BERHAD,1.03,-0.08,0.505,5.18,60.92,-19.01,3.71,15.72,0.0,-0.13,-2.88,-0.66,-0.1,-2.16,-0.5,2.05
7192,GOODWAY INTEGRATED INDUSTRIES BERHAD,0.31,-0.09,0.145,1.05,0.0,0.0,0.0,0.86,0.0,-0.9,-0.9,-0.9,-0.68,-0.68,-0.68,0.44
7195,COMINTEL CORPORATION BHD,0.14,-0.06,0.1,0.285,-6.93,0.0,0.0,3.92,0.0,-0.92,-0.6,-0.6,-0.69,-0.45,-0.45,0.16
7197,GE-SHEN CORPORATION BERHAD,1.47,0.02,0.31,1.74,0.0,0.0,0.0,3.54,0.0,0.2,0.2,0.2,0.15,0.15,0.15,0.78
7199,KEIN HING INTERNATIONAL BERHAD,0.83,0.08,0.32,0.965,-28.26,-7.35,-9.43,17.66,56.19,12.19,1.91,2.23,9.14,1.43,1.67,0.53
7200,TEK SENG HOLDINGS BERHAD,0.595,0.08,0.23,1.44,0.0,0.0,0.0,-1.7,26.92,1.02,1.02,1.02,0.76,0.76,0.76,0.63
7201,PROGRESSIVE IMPACT CORPORATION BERHAD,0.13,-0.0,0.075,0.2,0.0,-25.42,-15.41,3.0,143.5,0.0,0.0,0.0,0.0,0.0,0.0,0.12
7202,CLASSIC SCENIC BERHAD,1.55,0.05,0.6,1.65,-22.2,-9.18,-2.71,14.5,104.3,5.29,1.81,1.18,3.97,1.36,0.88,0.95
7203,WANG-ZHENG BERHAD,0.85,0.04,0.76,1.0,-13.95,10.38,-4.78,13.49,38.38,1.35,0.34,0.75,1.01,0.26,0.56,0.84
7204,D&O GREEN TECHNOLOGIES BERHAD,4.89,0.04,0.625,5.1,27.43,99.47,2.0,71.16,10.36,0.15,0.04,0.4,0.11,0.03,0.3,2.1
7205,COCOALAND HOLDINGS BERHAD,2.05,0.09,1.62,2.3,-6.55,10.28,2.67,12.62,51.64,2.01,0.83,1.18,1.51,0.62,0.88,1.84
7206,TH HEAVY ENGINEERING BERHAD,0.115,-0.03,0.06,0.165,0.0,0.0,0.0,2.81,0.0,-0.3,-0.3,-0.3,-0.22,-0.22,-0.22,0.09
7207,SUCCESS TRANSFORMER CORPORATION BERHAD,0.88,0.04,0.505,0.95,-40.2,-15.25,-6.81,20.9,13.4,17.1,1.2,0.67,12.82,0.9,0.5,0.65
7208,EURO HOLDINGS BERHAD,3.5,0.0,0.238,5.76,0.0,0.0,0.0,-80.75,0.0,0.0,0.0,0.0,0.0,0.0,0.0,2.06
7209,CHEETAH HOLDINGS BERHAD,1.54,0.02,0.265,2.98,0.0,0.0,0.0,7.08,26.7,0.25,0.25,0.25,0.19,0.19,0.19,1.16
7210,FREIGHT MANAGEMENT HOLDINGS BERHAD,1.39,0.06,0.455,1.78,-17.47,-10.69,-5.4,14.25,58.4,3.14,1.83,1.32,2.36,1.37,0.99,0.89
7211,TAFI INDUSTRIES BERHAD,0.685,-0.12,0.175,0.72,0.0,0.0,0.0,-21.0,0.0,-1.2,-1.2,-1.2,-0.9,-0.9,-0.9,0.35
7212,DESTINI BERHAD,0.23,-0.12,0.115,0.35,0.0,0.0,0.0,14.36,0.0,-1.2,-1.2,-1.2,-0.9,-0.9,-0.9,0.19
7214,A-RANK BERHAD,0.705,0.05,0.385,0.79,-22.32,-5.95,2.01,9.14,29.91,3.37,0.9,0.58,2.53,0.68,0.43,0.52
7215,NI HSIN RESOURCES BERHAD,0.15,0.0,0.08,0.33,0.0,0.0,0.0,7.0,92.36,0.0,0.0,0.0,0.0,0.0,0.0,0.16
7216,KAWAN FOOD BERHAD,1.9,0.08,1.25,2.88,-30.13,-14.51,-4.99,45.98,22.4,11.54,2.59,1.33,8.65,1.94,1.0,1.79
7217,EONMETALL GROUP BERHAD,0.66,0.02,0.24,0.86,-37.2,0.0,-10.21,19.78,19.95,5.24,0.24,0.47,3.93,0.18,0.35,0.44
7218,TRANSOCEAN HOLDINGS BHD,1.53,-0.07,0.42,1.27,0.0,0.0,0.0,-3.75,0.0,-0.7,-0.7,-0.7,-0.52,-0.52,-0.52,0.7
7219,MINETECH RESOURCES BERHAD,0.215,-0.01,0.15,0.355,0.0,0.0,0.0,-7.62,0.0,-0.1,-0.1,-0.1,-0.08,-0.08,-0.08,0.22
7221,BSL CORPORATION BERHAD,0.9,0.03,0.125,1.08,-51.4,0.0,-26.67,-6.0,0.0,68.02,0.3,2.22,51.02,0.22,1.66,0.44
7222,IMASPRO CORPORATION BERHAD,2.07,0.03,1.85,2.6,-42.34,-35.64,-18.25,120.04,80.1,32.0,11.48,1.88,24.0,8.61,1.41,2.1
7223,JADI IMAGING HOLDINGS BERHAD,0.115,-0.02,0.03,0.165,0.0,0.0,0.0,2.5,0.0,-0.2,-0.2,-0.2,-0.15,-0.15,-0.15,0.07
7225,P.A. RESOURCES BERHAD,0.525,0.01,0.08,0.59,0.0,0.0,-20.37,1.0,0.0,0.1,0.1,0.39,0.08,0.08,0.29,0.25
7226,WATTA HOLDING BERHAD,0.525,-0.02,0.4,0.9,0.0,4.9,0.0,-6.0,0.0,-0.2,-0.15,-0.2,-0.15,-0.11,-0.15,0.57
7227,UMS-NEIKEN GROUP BERHAD,1.03,0.08,0.61,1.24,-26.03,-15.16,6.65,12.6,27.68,7.54,2.9,0.73,5.66,2.17,0.55,0.82
7228,T7 GLOBAL BERHAD,0.4,0.01,0.32,0.565,17.33,43.1,3.17,19.68,6.71,0.05,0.02,0.08,0.04,0.02,0.06,0.4
7229,FAVELLE FAVCO BERHAD,2.3,0.2,2.0,2.59,2.84,-1.72,8.67,7.64,30.99,2.26,2.88,1.71,1.69,2.16,1.28,2.19
7230,TOMEI CONSOLIDATED BERHAD,0.85,0.22,0.42,1.88,24.77,0.0,3.71,10.44,12.3,0.89,2.47,2.03,0.67,1.85,1.52,0.9
7231,WELLCALL HOLDINGS BERHAD,1.09,0.06,0.775,1.25,-6.94,-6.6,7.18,24.55,67.49,1.52,1.48,0.68,1.14,1.11,0.51,0.93
7232,RESINTECH BERHAD,0.435,0.04,0.235,0.54,-22.81,-6.1,4.25,18.58,15.14,2.4,0.68,0.37,1.8,0.51,0.28,0.34
7233,DUFU TECHNOLOGY CORP. BERHAD,4.19,0.1,1.57,4.48,25.69,37.79,18.47,24.85,14.82,0.4,0.29,0.51,0.3,0.22,0.38,2.53
7234,MESB BERHAD,0.52,-0.21,0.19,0.63,0.0,0.0,0.0,12.62,0.0,-2.1,-2.1,-2.1,-1.58,-1.58,-1.58,0.34
7235,SUPERLON HOLDINGS BERHAD,0.895,0.07,0.56,1.05,-28.63,-1.65,5.33,18.39,27.39,9.04,0.98,0.68,6.78,0.74,0.51,0.72
7237,POWER ROOT BERHAD,1.75,0.09,1.68,2.77,1.94,2.68,14.34,43.16,58.44,1.28,1.23,0.73,0.96,0.92,0.55,2.04
7239,SCANWOLF CORPORATION BERHAD,0.235,-0.05,0.1,0.32,0.0,0.0,-14.38,3.62,0.0,-0.5,-0.5,-1.28,-0.38,-0.38,-0.96,0.17
7241,NEXTGREEN GLOBAL BERHAD,0.635,0.01,0.24,0.71,0.0,0.0,0.0,2.25,0.0,0.1,0.1,0.1,0.08,0.08,0.08,0.4
7243,IMPIANA HOTELS BERHAD,0.08,-0.08,0.065,0.145,0.0,0.0,0.0,-0.54,0.0,-0.8,-0.8,-0.8,-0.6,-0.6,-0.6,0.09
7245,WZ SATU BERHAD,0.185,-0.09,0.115,0.275,0.0,0.0,0.0,13.06,0.0,-0.9,-0.9,-0.9,-0.68,-0.68,-0.68,0.17
7246,SIGNATURE INTERNATIONAL BERHAD,1.02,-0.01,0.279,1.15,0.0,0.0,0.0,15.42,50.61,-0.15,-0.15,-0.15,-0.11,-0.11,-0.11,0.57
7247,SCGM BHD,2.31,0.17,1.28,3.95,-11.27,-1.47,7.99,-0.93,77.65,6.18,3.29,2.02,4.64,2.47,1.52,2.16
7248,SLP RESOURCES BERHAD,0.99,0.05,0.78,1.2,-7.5,10.63,19.81,18.6,43.81,1.13,0.42,0.3,0.85,0.32,0.22,0.92
7250,UZMA BERHAD,0.725,-0.1,0.355,0.895,0.0,0.0,0.0,35.78,0.0,-1.0,-1.0,-1.0,-0.75,-0.75,-0.75,0.53
7251,BARAKAH OFFSHORE PETROLEUM BERHAD,0.105,0.02,0.015,0.135,6.1,0.0,0.0,7.16,0.0,0.14,0.2,0.2,0.11,0.15,0.15,0.05
7252,TEO SENG CAPITAL BERHAD,0.795,0.01,0.71,1.25,7.53,-35.99,-11.07,53.22,15.79,0.08,1.73,0.23,0.06,1.3,0.17,0.89
7253,HANDAL ENERGY BERHAD,0.235,-0.12,0.17,0.33,0.0,0.0,0.0,-6.42,0.0,-1.2,-1.2,-1.2,-0.9,-0.9,-0.9,0.22
7277,DIALOG GROUP BERHAD,3.1,0.1,2.94,3.99,17.74,15.67,15.14,30.0,36.5,0.62,0.67,0.68,0.46,0.5,0.51,3.29
7285,TOMYPAK HOLDINGS BERHAD,0.595,-0.0,0.355,0.945,0.0,0.0,0.0,55.58,62.86,0.0,0.0,0.0,0.0,0.0,0.0,0.55
7293,YINSON HOLDINGS BERHAD,5.28,0.29,4.51,6.56,1.81,-6.05,22.27,22.16,11.64,2.94,4.67,1.26,2.2,3.5,0.94,5.19
7315,AHB HOLDINGS BERHAD,0.15,-0.03,0.065,0.405,0.0,0.0,0.0,7.0,0.0,-0.3,-0.3,-0.3,-0.22,-0.22,-0.22,0.18
7374,TIEN WAH PRESS HOLDINGS BERHAD,0.91,-0.01,0.86,1.1,0.0,0.0,0.0,-10.84,45.21,-0.15,-0.15,-0.15,-0.11,-0.11,-0.11,0.94
7412,SHH RESOURCES HOLDINGS BERHAD,1.46,-0.01,0.32,1.62,0.0,0.0,0.0,3.15,15.05,-0.12,-0.12,-0.12,-0.09,-0.09,-0.09,0.75
7439,TECK GUAN PERDANA BERHAD,1.26,0.2,0.8,1.64,-35.87,0.0,0.0,15.85,0.0,45.9,2.0,2.0,34.42,1.5,1.5,1.08
7471,EDEN INC. BERHAD,0.17,-0.0,0.135,0.23,0.0,0.0,0.0,-3.68,0.0,0.0,0.0,0.0,0.0,0.0,0.0,0.17
7498,RALCO CORPORATION BERHAD,1.27,0.0,0.24,1.34,0.0,0.0,0.0,-1.92,0.0,0.0,0.0,0.0,0.0,0.0,0.0,0.6
7544,QUALITY CONCRETE HOLDINGS BERHAD,1.06,-0.04,0.72,1.32,0.0,0.0,0.0,-2.5,40.76,-0.56,-0.56,-0.56,-0.42,-0.42,-0.42,0.92
7579,AWC BERHAD,0.685,-0.03,0.345,0.755,0.0,0.0,0.0,3.12,30.59,-0.39,-0.39,-0.39,-0.29,-0.29,-0.29,0.48
7609,AJIYA BERHAD,0.605,0.0,0.32,0.7,-55.3,-44.97,-24.77,17.62,13.67,0.0,0.0,0.0,0.0,0.0,0.0,0.45
7668,HAI-O ENTERPRISE BERHAD,2.2,0.13,1.6,2.44,-18.25,2.03,-7.16,18.4,71.74,8.1,2.01,3.43,6.07,1.51,2.57,1.88
7676,GUNUNG CAPITAL BERHAD,0.805,0.01,0.5,1.38,0.0,0.0,0.0,-20.16,3.26,0.1,0.1,0.1,0.08,0.08,0.08,0.79
7692,WIDETECH (MALAYSIA) BERHAD,1.28,-0.06,0.48,1.9,-11.49,-26.6,0.0,33.5,0.0,-1.25,-4.63,-0.6,-0.94,-3.47,-0.45,0.95
7722,ASIA BRANDS BERHAD,0.66,0.05,0.3,0.985,0.0,18.46,-13.41,3.56,3.59,0.52,0.23,1.22,0.39,0.17,0.92,0.53
7757,UPA CORPORATION BHD,2.3,0.09,1.85,3.51,-30.17,-5.39,-3.67,12.17,40.58,14.15,1.74,1.56,10.61,1.3,1.17,2.4
7773,EP MANUFACTURING BHD,0.35,-0.09,0.24,0.56,0.0,0.0,0.0,5.84,16.82,-1.05,-1.05,-1.05,-0.79,-0.79,-0.79,0.35
7803,RUBBEREX CORPORATION (M) BERHAD,1.47,0.16,0.353,3.05,4.88,18.7,2.8,15.27,51.07,1.87,1.06,2.07,1.4,0.8,1.55,1.24
7811,SAPURA INDUSTRIAL BERHAD,0.815,0.01,0.36,1.16,-28.03,-22.59,-11.86,17.0,74.3,1.34,0.65,0.35,1.01,0.49,0.26,0.62
7854,TIMBERWELL BERHAD,0.445,-0.0,0.355,0.81,306.41,61.42,0.0,35.85,8.3,0.0,0.0,0.0,0.0,0.0,0.0,0.51
7935,MILUX CORPORATION BERHAD,0.505,-0.02,0.195,0.788,0.0,0.0,0.0,-80.25,0.0,-0.2,-0.2,-0.2,-0.15,-0.15,-0.15,0.39
7943,SAND NISKO CAPITAL BERHAD,0.415,-0.01,0.14,0.48,0.0,0.0,0.0,-2.75,0.0,-0.1,-0.1,-0.1,-0.08,-0.08,-0.08,0.25
7986,CN ASIA CORPORATION BHD,1.51,-0.09,0.32,2.5,0.0,0.0,0.0,-4.32,0.0,-0.9,-0.9,-0.9,-0.68,-0.68,-0.68,1.04
8044,COMPUTER FORMS (MALAYSIA) BERHAD,2.85,-0.0,1.03,2.96,0.0,0.0,0.0,-34.47,0.0,0.0,0.0,0.0,0.0,0.0,0.0,1.67
8052,CENTRAL GLOBAL BERHAD,1.91,-0.03,0.31,2.3,0.0,0.0,0.0,33.75,10.42,-0.33,-0.33,-0.33,-0.25,-0.25,-0.25,0.97
8079,LEE SWEE KIAT GROUP BERHAD,0.98,0.04,0.44,1.27,16.63,15.2,0.0,15.29,10.47,0.21,0.22,0.44,0.16,0.16,0.33,0.71
8117,POLY GLASS FIBRE (M) BERHAD,0.64,0.04,0.25,0.755,-54.3,-9.83,5.59,27.49,0.0,176.17,0.76,0.3,132.13,0.57,0.22,0.42
8125,DAIBOCHI BERHAD,2.45,0.15,1.92,2.99,13.44,8.72,16.47,25.62,5.7,0.84,1.03,0.75,0.63,0.77,0.56,2.27
8133,BOUSTEAD HEAVY INDUSTRIES CORPORATION BHD,0.5,-0.2,0.505,0.85,0.0,0.0,0.0,8.66,2.96,-2.06,-2.06,-2.06,-1.54,-1.54,-1.54,0.62
8176,ATA IMS BERHAD,3.18,0.1,0.925,3.48,0.0,18.4,0.0,14.8,4.5,1.04,0.47,1.04,0.78,0.35,0.78,1.77
8273,PUBLIC PACKAGES HOLDINGS BHD,0.91,0.14,0.595,1.25,12.71,13.71,10.38,8.93,2.91,0.79,0.76,0.87,0.59,0.57,0.65,0.81
8303,LOTUS KFM BERHAD,0.26,0.01,0.138,0.388,0.0,0.0,0.0,11.66,0.0,0.1,0.1,0.1,0.08,0.08,0.08,0.22
8338,DATAPREP HOLDINGS BHD,1.54,-0.02,0.11,4.13,0.0,0.0,0.0,0.5,0.0,-0.2,-0.2,-0.2,-0.15,-0.15,-0.15,1.44
8346,PERAK CORPORATION BERHAD,0.385,-0.87,0.125,0.61,0.0,0.0,0.0,-2.92,4.53,-9.09,-9.09,-9.09,-6.82,-6.82,-6.82,0.29
8362,KYM HOLDINGS BERHAD,0.38,-0.01,0.16,0.49,0.0,0.0,0.0,-8.75,0.0,-0.1,-0.1,-0.1,-0.08,-0.08,-0.08,0.27
8397,TIONG NAM LOGISTICS HOLDINGS BERHAD,0.84,0.0,0.35,1.1,-79.06,-60.47,-25.11,12.12,16.76,0.0,0.0,0.0,0.0,0.0,0.0,0.6
8419,PANSAR BERHAD,0.725,0.01,0.57,1.02,11.32,-14.72,-4.79,40.0,41.68,0.08,0.34,0.23,0.06,0.26,0.17,0.72
8435,CONCRETE ENGINEERING PRODUCTS BERHAD,0.81,-0.26,0.45,1.23,0.0,0.0,0.0,-7.31,10.18,-2.86,-2.86,-2.86,-2.14,-2.14,-2.14,0.71
8443,HIL INDUSTRIES BERHAD,0.955,0.07,0.49,1.28,9.46,1.72,-4.94,15.35,24.2,0.54,0.78,1.16,0.4,0.58,0.87,0.75
8478,HWA TAI INDUSTRIES BERHAD,0.435,0.01,0.25,0.685,0.0,0.0,0.0,16.42,0.0,0.1,0.1,0.1,0.08,0.08,0.08,0.39
8486,LION FOREST INDUSTRIES BERHAD,0.67,0.72,0.205,0.86,29.13,0.0,-14.42,5.07,38.24,3.15,9.95,25.91,2.36,7.46,19.43,0.42
8524,TALIWORKS CORPORATION BERHAD,0.84,0.03,0.775,0.91,-15.76,-25.58,4.44,23.3,75.8,1.67,3.65,0.41,1.25,2.74,0.31,0.82
8532,PERTAMA DIGITAL BERHAD,0.39,-0.0,0.1,0.765,0.0,-5.93,-32.92,33.72,0.0,0.0,0.0,0.0,0.0,0.0,0.0,0.32
8567,SALCON BERHAD,0.24,-0.01,0.14,0.445,0.0,0.0,0.0,18.0,13.78,-0.11,-0.11,-0.11,-0.08,-0.08,-0.08,0.24
8605,FEDERAL INTERNATIONAL HOLDINGS BERHAD,0.57,0.03,0.335,0.725,-16.57,4.57,19.39,17.38,3.87,1.04,0.24,0.13,0.78,0.18,0.1,0.46
8621,LPI CAPITAL BHD,13.88,0.86,12.6,14.58,2.38,0.96,9.08,18.94,73.56,13.13,14.18,9.55,9.85,10.64,7.16,13.25
8648,JASA KITA BERHAD,0.12,0.0,0.07,0.155,0.0,0.0,0.0,6.0,24.79,0.0,0.0,0.0,0.0,0.0,0.0,0.1
8672,KAMDAR GROUP (M) BERHAD,0.29,-0.04,0.155,0.49,0.0,0.0,0.0,5.0,0.0,-0.4,-0.4,-0.4,-0.3,-0.3,-0.3,0.27
8702,TEXCHEM RESOURCES BERHAD,1.06,-0.02,0.31,1.2,0.0,0.0,0.0,3.59,69.1,-0.34,-0.34,-0.34,-0.26,-0.26,-0.26,0.6
8745,LEWEKO RESOURCES BERHAD,0.145,-0.03,0.084,0.205,0.0,0.0,0.0,-13.25,0.0,-0.3,-0.3,-0.3,-0.22,-0.22,-0.22,0.12
8869,PRESS METAL ALUMINIUM HOLDINGS BERHAD,10.8,0.11,3.58,10.9,-1.75,14.15,24.36,98.98,35.86,1.66,0.77,0.54,1.24,0.58,0.4,6.0
8885,AVILLION BERHAD,0.085,-0.03,0.055,0.145,0.0,0.0,0.0,-9.12,0.0,-0.3,-0.3,-0.3,-0.22,-0.22,-0.22,0.08
8907,EG INDUSTRIES BERHAD,0.765,-0.02,0.285,0.965,0.0,0.0,0.0,1.83,0.0,-0.2,-0.2,-0.2,-0.15,-0.15,-0.15,0.51
8931,JERASIA CAPITAL BERHAD,0.29,-1.03,0.175,0.97,0.0,0.0,0.0,5.21,1.61,-10.47,-10.47,-10.47,-7.85,-7.85,-7.85,0.44
8966,PROLEXUS BERHAD,1.09,0.22,0.47,1.95,-5.9,-7.72,11.86,10.78,163.13,8.17,9.33,3.29,6.13,7.0,2.47,0.96
9008,OMESTI BERHAD,0.495,-0.0,0.455,0.84,0.0,0.0,-1.92,-4.5,0.0,0.0,0.0,0.0,0.0,0.0,0.0,0.58
9016,EKSONS CORPORATION BERHAD,0.68,-0.2,0.411,0.74,0.0,0.0,0.0,-19.52,9.41,-2.19,-2.19,-2.19,-1.64,-1.64,-1.64,0.52
9075,THETA EDGE BERHAD,0.885,-0.06,0.255,1.23,-52.13,0.0,-52.49,-8.25,0.0,-174.08,-0.6,-187.73,-130.56,-0.45,-140.8,0.58
9083,KUMPULAN JETSON BERHAD,0.29,-0.04,0.075,0.32,0.0,0.0,0.0,12.34,0.0,-0.4,-0.4,-0.4,-0.3,-0.3,-0.3,0.16
9091,EMICO HOLDINGS BERHAD,0.285,-0.01,0.12,0.44,-30.11,-21.15,-9.49,12.56,0.0,-0.72,-0.32,-0.19,-0.54,-0.24,-0.14,0.23
9113,ICONIC WORLDWIDE BERHAD,0.5,0.03,0.2,0.97,0.0,0.0,0.0,-1.16,0.0,0.3,0.3,0.3,0.22,0.22,0.22,0.45
9121,KPS CONSORTIUM BERHAD,0.595,-0.06,0.32,0.815,-7.07,0.0,-1.77,7.58,0.0,-0.92,-0.6,-0.66,-0.69,-0.45,-0.5,0.48
9148,ADVANCED PACKAGING TECHNOLOGY (M) BHD,2.5,0.03,1.8,2.65,0.0,0.0,0.0,-89.7,105.37,0.62,0.62,0.62,0.46,0.46,0.46,2.08
9172,FORMOSA PROSONIC INDUSTRIES BERHAD,2.59,0.21,1.26,3.43,45.5,40.62,1.08,22.14,58.02,0.71,0.79,3.13,0.53,0.59,2.35,1.98
9199,LYSAGHT GALVANIZED STEEL BERHAD,2.35,0.07,1.8,2.45,-15.22,-4.07,-0.23,8.38,25.34,2.5,1.11,0.9,1.88,0.83,0.68,2.01
9237,SARAWAK CONSOLIDATED INDUSTRIES BERHAD,1.73,0.11,0.488,3.08,19.33,0.0,0.0,29.5,0.0,0.47,1.1,1.1,0.35,0.82,0.82,1.34
9288,BONIA CORPORATION BERHAD,0.9,0.02,0.417,1.05,-55.27,-42.52,-21.87,29.5,29.13,124.76,12.7,1.18,93.57,9.52,0.88,0.63
9296,RCE CAPITAL BERHAD,2.58,0.31,1.54,2.94,10.01,28.42,0.78,4.9,23.75,2.35,1.24,3.66,1.76,0.93,2.74,2.0
9318,FITTERS DIVERSIFIED BERHAD,0.23,-0.03,0.205,0.33,0.0,-31.56,-13.39,-7.5,10.37,-0.33,-3.99,-0.8,-0.25,-2.99,-0.6,0.25
9326,LB ALUMINIUM BERHAD,1.19,0.08,0.36,1.39,-40.12,-21.83,-11.14,19.16,36.56,45.56,5.28,2.18,34.17,3.96,1.64,0.7
9334,KESM INDUSTRIES BERHAD,12.1,0.02,7.35,17.62,-87.5,-65.27,-38.84,32.12,21.18,21474836.48,1566.79,6.83,16106127.36,1175.09,5.12,10.74
9342,ANZO HOLDINGS BERHAD,0.05,-0.01,0.02,0.26,0.0,0.0,0.0,-14.58,0.0,-0.1,-0.1,-0.1,-0.08,-0.08,-0.08,0.1
9369,TEO GUAN LEE CORPORATION BERHAD,1.39,0.09,0.91,1.7,-22.73,-13.93,-13.81,14.14,62.93,7.51,3.72,3.67,5.63,2.79,2.75,1.17
9377,FSBM HOLDINGS BERHAD,0.145,-0.0,0.06,0.195,0.0,0.0,0.0,-3.42,0.0,0.0,0.0,0.0,0.0,0.0,0.0,0.1
9385,LAY HONG BERHAD,0.34,0.01,0.28,0.41,-40.41,-32.69,-13.73,480.5,14.6,3.54,1.05,0.26,2.66,0.79,0.2,0.32
9393,INDUSTRONICS BERHAD,0.375,-0.0,0.055,0.735,0.0,0.0,0.0,-5.0,0.0,0.0,0.0,0.0,0.0,0.0,0.0,0.28
9407,PARAGON UNION BERHAD,1.98,-0.08,0.19,2.69,-9.3,0.0,0.0,8.25,0.0,-1.41,-0.8,-0.8,-1.06,-0.6,-0.6,1.02
9423,CWG HOLDINGS BERHAD,0.375,0.0,0.25,0.46,-35.38,-9.69,0.0,12.75,22.59,0.0,0.0,0.0,0.0,0.0,0.0,0.32
9466,KKB ENGINEERING BERHAD,1.49,0.07,1.4,1.91,0.0,17.87,-8.55,20.0,37.73,0.96,0.44,1.59,0.72,0.33,1.19,1.57
9474,BRAHIM'S HOLDINGS BERHAD,0.22,-0.65,0.095,0.41,0.0,0.0,0.0,-5.31,0.3,-6.52,-6.52,-6.52,-4.89,-4.89,-4.89,0.2
9601,HO WAH GENTING BERHAD,0.515,-0.04,0.155,1.52,0.0,0.0,0.0,-3.08,0.0,-0.4,-0.4,-0.4,-0.3,-0.3,-0.3,0.61
9741,ROHAS TECNIC BERHAD,0.38,-0.01,0.27,0.5,-15.93,-40.44,-19.62,34.12,18.68,-0.28,-3.56,-0.44,-0.21,-2.67,-0.33,0.35
9776,SINMAH CAPITAL BERHAD,0.315,-0.07,0.1,0.54,0.0,0.0,0.0,8.73,0.0,-0.7,-0.7,-0.7,-0.52,-0.52,-0.52,0.25
9792,SEG INTERNATIONAL BHD,0.645,0.03,0.58,0.665,18.5,12.85,7.52,36.62,121.67,0.3,0.36,0.45,0.22,0.27,0.34,0.61
9806,NATIONWIDE EXPRESS HOLDINGS BERHAD,0.21,-0.3,0.05,0.875,0.0,0.0,0.0,-7.23,55.39,-4.66,-4.66,-4.66,-3.5,-3.5,-3.5,0.32
9822,SAM ENGINEERING & EQUIPMENT (M) BERHAD,6.75,0.37,5.18,8.27,22.27,17.72,4.88,14.17,27.05,1.83,2.13,3.66,1.37,1.6,2.74,6.2
9873,PRESTAR RESOURCES BERHAD,1.16,0.11,0.3,1.26,-40.34,-16.69,1.62,15.76,23.02,56.02,4.22,1.24,42.02,3.16,0.93,0.62
9881,LEADER STEEL HOLDINGS BERHAD,0.585,0.04,0.215,0.84,0.0,0.0,0.0,-13.12,0.0,0.4,0.4,0.4,0.3,0.3,0.3,0.42
9938,BRIGHT PACKAGING INDUSTRY BERHAD,0.235,-0.01,0.165,0.31,0.0,0.0,0.0,1.0,0.0,-0.1,-0.1,-0.1,-0.08,-0.08,-0.08,0.21
9946,REX INDUSTRY BERHAD,0.22,-0.01,0.154,0.28,0.0,0.0,0.0,70.62,40.38,-0.14,-0.14,-0.14,-0.11,-0.11,-0.11,0.2
9954,RGT BERHAD,0.44,0.02,0.115,0.69,0.0,0.0,0.0,6.75,4.91,0.21,0.21,0.21,0.16,0.16,0.16,0.3
9997,PENSONIC HOLDINGS BERHAD,0.72,0.09,0.21,0.82,-22.4,-30.48,-1.49,-2.54,32.34,6.19,13.65,1.29,4.64,10.24,0.97,0.41
1198,MAA GROUP BERHAD,0.85,0.15,0.585,1.09,0.0,0.0,0.0,1.63,67.68,2.52,2.52,2.52,1.89,1.89,1.89,0.75
5232,LEON FUAT BERHAD,0.88,0.09,0.25,0.98,-41.26,-27.26,0.0,16.06,16.94,51.12,9.4,1.05,38.34,7.05,0.79,0.49
